arkName;dewey;sdewey;date_pub;nqamoyen;mode_indexation;language;rights;source;date;century
btv1b52525390j;;;1401-1500;0.0;;lat;domaine public;Bibliothèque nationale de France. Bibliothèque de l'Arsenal. Ms-2070;1401;15.0
btv1b100371386;;;0801-0900;0.0;;lat;domaine public;Bibliothèque nationale de France. Département des Manuscrits. Latin 4410;0801;9.0
btv1b6000784s;;;1480-1488;0.0;;fre;domaine public;Bibliothèque nationale de France. Département des Manuscrits. Français 2829;1480;15.0
btv1b11001407w;;;1338;0.0;;ara;domaine public;Bibliothèque nationale de France. Département des Manuscrits. Arabe 989;1338;14.0
btv1b90643378;;;1401-1700;0.0;;fre;domaine public;Bibliothèque nationale de France. Département des Manuscrits. Français 15584;1401;15.0
btv1b9059956z;;;1301-1400;0.0;;fre;domaine public;Bibliothèque nationale de France. Département des Manuscrits. Français 766;1301;14.0
btv1b90671437;;;1301-1400;0.0;;lat;domaine public;Bibliothèque nationale de France. Département des manuscrits. Latin 14703;1301;14.0
btv1b52524787f;;;1001-1100;0.0;;lat;domaine public;Bibliothèque nationale de France. Département des Manuscrits. Latin 7570;1001;11.0
btv1b90680436;;;1275-1400;0.0;;lat;domaine public;Bibliothèque nationale de France. Département des Manuscrits. Latin 665;1275;13.0
btv1b90665224;;;1101-1200;0.0;;lat;domaine public;Bibliothèque nationale de France. Département des Manuscrits. Latin 6734;1101;12.0
btv1b10224645c;;;1401-1500;0.0;;ger;domaine public;Bibliothèque nationale et universitaire de Strasbourg. Ms.2.830;1401;15.0
btv1b10884733z;;;1401-1500;0.0;;ara;domaine public;Bibliothèque nationale de France. Département des Manuscrits. Arabe 2485;1401;15.0
btv1b52508563t;;;1401-1500;0.0;;ita;domaine public;Bibliothèque nationale de France. Département des Manuscrits. italien 930;1401;15.0
btv1b108843750;;;1384-1385;0.0;;ara;domaine public;Bibliothèque nationale de France. Département des Manuscrits. Arabe 2682;1384;14.0
btv1b10033036j;;;1201-1300;0.0;;lat;domaine public;Bibliothèque nationale de France. Département des Manuscrits. Latin 4281B;1201;13.0
btv1b52522214m;;;0701-1000;0.0;;ine;domaine public;Bibliothèque nationale de France. Département des Manuscrits. Pelliot Koutchéen Nouvelle Série 1071;0701;8.0
btv1b10037693b;;;1333;0.0;;grc;domaine public;Bibliothèque nationale de France. Département des Manuscrits. Coislin 73;1333;14.0
btv1b53135855g;;;1201-1300;0.0;;fre;domaine public;Bibliothèque nationale de France. Département des manuscrits. NAF 1693;1201;13.0
btv1b90807621;;;0801-0850;0.0;;lat;domaine public;Bibliothèque nationale de France. Département des Manuscrits. Latin 10292;0801;9.0
btv1b100321839;;;0801-0900;0.0;;lat;domaine public;Bibliothèque nationale de France. Département des Manuscrits. NAL 1096;0801;9.0
btv1b8300920p;;;0701-0800;0.0;;chi;domaine public;Bibliothèque nationale de France. Département des Manuscrits. Pelliot chinois 4072 (3);0701;8.0
btv1b90072250;;;1401-1500;0.0;;fre;domaine public;Bibliothèque nationale de France. Département des Manuscrits. Français 1265;1401;15.0
btv1b11003430p;;;1471-1472;0.0;;ara;domaine public;Bibliothèque nationale de France. Département des manuscrits. Arabe 3872;1471;15.0
btv1b10097051c;;;0901-1000;0.0;;chi;domaine public;Bibliothèque nationale de France. Département des Manuscrits. Pelliot chinois 4763;0901;10.0
btv1b10033857v;;;1401-1500;0.0;;lat;domaine public;Bibliothèque nationale de France. Département des Manuscrits. Latin 6069C;1401;15.0
btv1b105450559;;;1401-1500;0.0;;heb;domaine public;Bibliothèque nationale de France. Département des Manuscrits. Hébreu 1071;1401;15.0
btv1b10033038f;;;1201-1300;0.0;;lat;domaine public;Bibliothèque nationale de France. Département des Manuscrits. Latin 4286;1201;13.0
btv1b10866608n;;;1401-1500;0.0;;lat;domaine public;Bibliothèque nationale de France. Département des Manuscrits. NAL 3112;1401;15.0
btv1b90661554;;;1101-1200;0.0;;lat;domaine public;Bibliothèque nationale de France. Département des Manuscrits. Latin 14289;1101;12.0
btv1b9067832v;;;0801-0900;0.0;;lat;domaine public;Bibliothèque nationale de France. Département des Manuscrits. Latin 14145;0801;9.0
btv1b10027852p;;;1301-1400;0.0;;lat;domaine public;Bibliothèque nationale de France. Département des Manuscrits. Latin 6138;1301;14.0
btv1b10097579p;;;0901-1000;0.0;;chi;domaine public;Bibliothèque nationale de France. Département des Manuscrits. Pelliot chinois 3975;0901;10.0
btv1b52522209f;;;0701-1000;0.0;;ine;domaine public;Bibliothèque nationale de France. Département des Manuscrits. Pelliot Koutchéen Nouvelle Série 1066;0701;8.0
btv1b10032164x;;;1201-1300;0.0;;lat;domaine public;Bibliothèque nationale de France. Département des Manuscrits. Latin 15747;1201;13.0
btv1b8300474h;;;0701-0800;0.0;;;domaine public;Bibliothèque nationale de France. Département des Manuscrits. Pelliot chinois 5029 L 4;0701;8.0
btv1b107230543;;;0901-1000;0.0;;grc;domaine public;Bibliothèque nationale de France. Département des Manuscrits. Grec 707;0901;10.0
btv1b105484781;;;1046-1055;0.0;;lat;domaine public;Bibliothèque nationale de France. Département des Manuscrits. Latin 9715;1046;11.0
btv1b100390980;;;0901-1000;0.0;;lat;domaine public;Bibliothèque nationale de France. Département des Manuscrits. Latin 12220;0901;10.0
btv1b9001091f;;;1301-1800;0.0;;fre;domaine public;Bibliothèque nationale de France. Département des Manuscrits. Lorraine 391;1301;14.0
btv1b100313254;;;1079-1080;0.0;;ara;domaine public;Bibliothèque nationale de France. Département des Manuscrits. Arabe 6090;1079;11.0
btv1b100330408;;;1400-1416;0.0;;;domaine public;Bibliothèque nationale de France. Département des Manuscrits. Latin 17338;1400;14.0
btv1b100379118;;;1101-1200;0.0;;grc;domaine public;Bibliothèque nationale de France. Département des Manuscrits. Coislin 311;1101;12.0
btv1b11003507z;;;1451;0.0;;ara;domaine public;Bibliothèque nationale de France. Département des manuscrits. Arabe 4095;1451;15.0
btv1b10549386h;;;1301-1400;0.0;;heb;domaine public;Bibliothèque nationale de France. Département des Manuscrits. Hébreu 803;1301;14.0
btv1b100521366;;;1325;0.0;;;domaine public;Bibliothèque municipale de Rouen, Ms O 4 fdeg 154v detail;1325;14.0
btv1b52508471z;;;1201-1300;0.0;;lat;domaine public;Bibliothèque nationale de France. Département des Manuscrits. Latin 599;1201;13.0
btv1b10032968r;;;1175-1200;0.0;;lat;domaine public;Bibliothèque nationale de France. Département des Manuscrits. Latin 13582;1175;12.0
btv1b90778717;;;1101-1200;0.0;;lat;domaine public;Bibliothèque nationale de France. Département des Manuscrits. Latin 2335;1101;12.0
btv1b11001689v;;;1401-1500;0.0;;ara;domaine public;Bibliothèque nationale de France. Département des manuscrits. Arabe 2881;1401;15.0
btv1b52512221c;;;1101-1200;0.0;;lat;domaine public;Bibliothèque nationale de France. Bibliothèque de l'Arsenal. Ms-305;1101;12.0
btv1b10076293q;;;1001-1050;0.0;;lat;domaine public;Bibliothèque nationale de France. Département des Manuscrits. NAL 2059;1001;11.0
btv1b525112641;;;1401-1500;0.0;;lat;domaine public;Bibliothèque nationale de France. Département des manuscrits. Latin 7705;1401;15.0
btv1b525165872;;;1401-1500;0.0;;lat;domaine public;Bibliothèque nationale de France. Département des Manuscrits. Latin 1507;1401;15.0
btv1b10052234p;;;1000-1025;0.0;;lat;domaine public;Bibliothèque municipale de Rouen, Ms Y 6 fdeg 164 v (detail);1000;10.0
btv1b520009708;;;1101-1200;0.0;;lat;domaine public;Bibliothèque nationale de France. Département des Manuscrits. Latin 1906;1101;12.0
btv1b90726532;;;1201-1300;0.0;;lat;domaine public;Bibliothèque nationale de France. Département des Manuscrits. Latin 15294;1201;13.0
btv1b8419232s;;;1399-1412;0.0;;ara;domaine public;Bibliothèque nationale de France. Département des Manuscrits. Arabe 5848;1399;14.0
btv1b9059830c;;;1301-1400;0.0;;fre;domaine public;Bibliothèque nationale de France. Département des Manuscrits. Français 1232;1301;14.0
btv1b107233725;;;1401-1500;0.0;;grc;domaine public;Bibliothèque nationale de France. Département des Manuscrits. Grec 2947;1401;15.0
btv1b8419234m;;;1390-1410;0.0;;ara;domaine public;Bibliothèque nationale de France. Département des Manuscrits. Arabe 6088;1390;14.0
btv1b10724020d;;;1201-1300;0.0;;grc;domaine public;Bibliothèque nationale de France. Département des Manuscrits. Grec 1525;1201;13.0
btv1b10074051q;;;1201-1300;0.0;;lat;domaine public;Bibliothèque nationale de France. Département des Manuscrits. Latin 5296;1201;13.0
btv1b6000540x;;;1275-1400;0.0;;lat;domaine public;Bibliothèque nationale de France. Département des Manuscrits. Latin 18;1275;13.0
btv1b525168211;;;1256;0.0;;lat;domaine public;Bibliothèque nationale de France. Département des Manuscrits. Latin 16334;1256;13.0
btv1b10097881n;;;0901-1000;0.0;;chi;domaine public;Bibliothèque nationale de France. Département des Manuscrits. Pelliot chinois 4715;0901;10.0
btv1b11001558s;;;1401-1500;0.0;;ara;domaine public;Bibliothèque nationale de France. Département des manuscrits. Arabe 1973;1401;15.0
btv1b8300564g;;;0901-1000;0.0;;chi;domaine public;Bibliothèque nationale de France. Département des Manuscrits. Pelliot chinois 4704;0901;10.0
btv1b8305780t;;;0701-0900;0.0;;chi;domaine public;Bibliothèque nationale de France. Département des Manuscrits. Pelliot chinois 3520;0701;8.0
btv1b105513093;;;1151-1175;0.0;;lat;domaine public;Bibliothèque nationale de France. Département des Manuscrits. Latin 2287;1151;12.0
btv1b52505676x;;;1201-1300;0.0;;fre;domaine public;Bibliothèque nationale de France. Département des Manuscrits. Français 19162;1201;13.0
btv1b108879022;;;1401-1500;0.0;;ara;domaine public;Bibliothèque nationale de France. Département des Manuscrits. Hébreu 1210;1401;15.0
btv1b100763399;;;1400-1410;0.0;;fre;domaine public;Bibliothèque nationale de France. Département des Manuscrits. Français 835;1400;14.0
btv1b52516054k;;;14760101-17721231;0.0;;lat;domaine public;Bibliothèque nationale de France. Département des Manuscrits. Chappée 15, 49A (39);1476;15.0
btv1b8449013k;;;0801-0900;0.0;;lat;domaine public;Bibliothèque Carnegie de Reims. Ms. 435;0801;9.0
btv1b52522511d;;;0701-1000;0.0;;ine;domaine public;Bibliothèque nationale de France. Département des Manuscrits. Pelliot Koutchéen Nouvelle Série 714;0701;8.0
btv1b52511828f;;;1461;0.0;;lat;domaine public;Bibliothèque nationale de France. Département des Manuscrits. Latin 8835;1461;15.0
btv1b107201157;;;1401-1500;0.0;;heb;domaine public;Bibliothèque nationale de France. Département des Manuscrits. Hébreu 1162;1401;15.0
btv1b525166771;;;14090101-18001231;0.0;;lat;domaine public;Bibliothèque nationale de France. Département des Manuscrits. Chappée 17.3, 48;1409;15.0
btv1b10893552j;;;0601-0700;0.0;;chi;domaine public;Bibliothèque nationale de France. Département des Manuscrits. Pelliot chinois 5590 (13);0601;7.0
btv1b8449690f;;;1370-1380;0.0;;fre;domaine public;Bibliothèque nationale de France. Département des Manuscrits. NAF 15939;1370;14.0
btv1b525236220;;;1401-1500;0.0;;lat;domaine public;Bibliothèque nationale de France. Département des Manuscrits. NAL 1250;1401;15.0
btv1b525194349;;;0801-0900;0.0;;lat;domaine public;Bibliothèque nationale de France. Département des Manuscrits. Latin 1836;0801;9.0
btv1b107201587;;;1471;0.0;;heb;domaine public;Bibliothèque nationale de France. Département des Manuscrits. Hébreu 713;1471;15.0
btv1b10884721n;;;1027;0.0;;ara;domaine public;Bibliothèque nationale de France. Département des Manuscrits. Arabe 2346;1027;11.0
btv1b83002705;;;0901-1000;0.0;;chi;domaine public;Bibliothèque nationale de France. Département des Manuscrits. Pelliot chinois 3625;0901;10.0
btv1b9066981c;;;1401-1500;0.0;;lat;domaine public;Bibliothèque nationale de France. Département des manuscrits. Latin 6287;1401;15.0
btv1b9009631q;;;1401-1500;0.0;;fre;domaine public;Bibliothèque nationale de France. Département des Manuscrits. Français 63;1401;15.0
btv1b100966966;;;0901-1000;0.0;;chi;domaine public;Bibliothèque nationale de France. Département des Manuscrits. Pelliot chinois 3796;0901;10.0
btv1b10026274s;;;1401-1500;0.0;;fre;domaine public;Bibliothèque nationale de France. Département des Manuscrits. Français 1104;1401;15.0
btv1b105408723;;;1373-1399;0.0;;ara;domaine public;Bibliothèque nationale de France. Département des Manuscrits. Hébreu 284;1373;14.0
btv1b108847708;;;1293;0.0;;ara;domaine public;Bibliothèque nationale de France. Département des Manuscrits. Arabe 6857;1293;13.0
btv1b100969807;;;0801-1000;0.0;;chi;domaine public;Bibliothèque nationale de France. Département des Manuscrits. Pelliot chinois 5024 A;0801;9.0
btv1b55011051v;;;1401-1500;0.0;;lat;domaine public;Bibliothèque nationale de France. Bibliothèque de l'Arsenal. Ms-434 réserve;1401;15.0
btv1b8300680x;;;0801-1000;0.0;;chi;domaine public;Bibliothèque nationale de France. Département des Manuscrits. Pelliot chinois 5006;0801;9.0
btv1b100502469;;;1325;0.0;;;domaine public;Bibliothèque municipale de Rouen, Ms O 4 fdeg 399 detail;1325;14.0
btv1b107219914;;;1401-1500;0.0;;grc;domaine public;Bibliothèque nationale de France. Département des Manuscrits. Grec 1760;1401;15.0
btv1b84511129;;;1401-1500;0.0;;fre;domaine public;Bibliothèque nationale de France. Département des Manuscrits. Français 2230;1401;15.0
btv1b10840069m;;;1401-1500;0.0;;lat;domaine public;Bibliothèque nationale de France. Bibliothèque de l'Arsenal. Ms-165;1401;15.0
btv1b10888150j;;;1401-1500;0.0;;ara;domaine public;Bibliothèque nationale de France. Département des Manuscrits. Arabe 2485;1401;15.0
btv1b10721505p;;;1301-1500;0.0;;heb;domaine public;Bibliothèque nationale de France. Département des Manuscrits. Hébreu 922;1301;14.0
btv1b83002223;;;0901-1000;0.0;;chi;domaine public;Bibliothèque nationale de France. Département des Manuscrits. Pelliot chinois 3824;0901;10.0
btv1b10096530n;;;0701-0900;0.0;;chi;domaine public;Bibliothèque nationale de France. Département des Manuscrits. Pelliot chinois 3777;0701;8.0
btv1b107240587;;;1401-1500;0.0;;grc;domaine public;Bibliothèque nationale de France. Département des Manuscrits. Grec 1246;1401;15.0
btv1b100963695;;;0601-0800;0.0;;;domaine public;Bibliothèque nationale de France. Département des Manuscrits. Pelliot Chinois 5023 (A-E);0601;7.0
btv1b11002906p;;;1426-1427;0.0;;ara;domaine public;Bibliothèque nationale de France. Département des manuscrits. Arabe 3485;1426;15.0
btv1b8303118s;;;0901-1000;0.0;;chi;domaine public;Bibliothèque nationale de France. Département des Manuscrits. Pelliot chinois 3761;0901;10.0
btv1b84267835;;;0795-0800;0.0;;lat;domaine public;Bibliothèque nationale de France. Département des Manuscrits. Latin 13159;0795;8.0
btv1b100970555;;;0901-1000;0.0;;chi;domaine public;Bibliothèque nationale de France. Département des Manuscrits. Pelliot chinois 4814;0901;10.0
btv1b10080853k;;;1301-1800;0.0;;fre;domaine public;Bibliothèque nationale de France. Département des Manuscrits. Français 28489 (Pièces originales 2005);1301;14.0
btv1b9067756x;;;1301-1400;0.0;;lat;domaine public;Bibliothèque nationale de France. Département des Manuscrits. Latin 5753;1301;14.0
btv1b9078189t;;;1201-1300;0.0;;lat;domaine public;Bibliothèque nationale de France. Département des manuscrits. Latin 16906;1201;13.0
btv1b83007556;;;0701-0900;0.0;;chi;domaine public;Bibliothèque nationale de France. Département des Manuscrits. Pelliot chinois 3654;0701;8.0
btv1b10096853z;;;0901-1000;0.0;;chi;domaine public;Bibliothèque nationale de France. Département des Manuscrits. Pelliot chinois 5008;0901;10.0
btv1b9077662k;;;1101-1200;0.0;;lat;domaine public;Bibliothèque nationale de France. Département des manuscrits. Latin 13218;1101;12.0
btv1b10866575t;;;1301-1400;0.0;;lat;domaine public;Bibliothèque nationale de France. Département des Manuscrits. Latin 5054;1301;14.0
btv1b90095796;;;1425-1450;0.0;;fre;domaine public;Bibliothèque nationale de France. Département des Manuscrits. Français 182;1425;15.0
btv1b52522138v;;;0701-1000;0.0;;ine;domaine public;Bibliothèque nationale de France. Département des Manuscrits. Pelliot Koutchéen Nouvelle Série 995;0701;8.0
btv1b52517105p;;;1101-1200;0.0;;lat;domaine public;Bibliothèque nationale de France. Département des Manuscrits. Latin 11123;1101;12.0
btv1b9000293n;;;1101-1700;0.0;;fre;domaine public;Bibliothèque nationale de France. Département des Manuscrits. Clairambault 58;1101;12.0
btv1b10073860c;;;1175-1200;0.0;;lat;domaine public;Bibliothèque nationale de France. Département des Manuscrits. Latin 3833;1175;12.0
btv1b90776578;;;0901-1000;0.0;;lat;domaine public;Bibliothèque nationale de France. Département des manuscrits. Latin 7667;0901;10.0
btv1b8302798k;;;0801-1000;0.0;;chi;domaine public;Bibliothèque nationale de France. Département des Manuscrits. Pelliot chinois 5587 (11);0801;9.0
btv1b107217201;;;1101-1200;0.0;;grc;domaine public;Bibliothèque nationale de France. Département des Manuscrits. Grec 1345;1101;12.0
btv1b52524181g;;;1101-1200;0.0;;lat;domaine public;Bibliothèque nationale de France. Département des Manuscrits. Latin 1629;1101;12.0
btv1b105568103;;;1301-1500;0.0;;;domaine public;Montpellier Méditerranée Métropole - Médiathèque centrale Emile Zola. Ms0019;1301;14.0
btv1b525097774;;;1275-1400;0.0;;lat;domaine public;Bibliothèque nationale de France. Département des Manuscrits. Latin 1028;1275;13.0
btv1b105568946;;;1401-1500;0.0;;lat;domaine public;Bibliothèque multimédia intercommunale Épinal. Ms. 108;1401;15.0
btv1b100770990;;;1001-1100;0.0;;grc;domaine public;Bibliothèque nationale de France. Département des Manuscrits. Supplément grec 663;1001;11.0
btv1b10030079h;;;1489;0.0;;ara;domaine public;Bibliothèque nationale de France. Département des Manuscrits. Arabe 6749;1489;15.0
btv1b105388211;;;0501-0600;0.0;;grc;domaine public;Bibliothèque nationale de France. Département des Manuscrits. Supplément grec 1286, folio 19;0501;6.0
btv1b100340501;;;1401-1500;0.0;;fre;domaine public;Bibliothèque nationale de France. Département des Manuscrits. Cinq cents de Colbert 127;1401;15.0
btv1b8419245d;;;1201-1300;0.0;;fre;domaine public;Bibliothèque nationale de France. Département des Manuscrits. Français 854;1201;13.0
btv1b100735463;;;1451-1500;0.0;;lat;domaine public;Bibliothèque nationale de France. Département des Manuscrits. Latin 3176;1451;15.0
btv1b83003834;;;0801-1000;0.0;;;domaine public;Bibliothèque nationale de France. Département des Manuscrits. Pelliot chinois 5029 H 2;0801;9.0
btv1b10038571k;;;0901-1000;0.0;;lat;domaine public;Bibliothèque nationale de France. Département des Manuscrits. Latin 9564;0901;10.0
btv1b8303223f;;;0901-1000;0.0;;chi;domaine public;Bibliothèque nationale de France. Département des Manuscrits. Pelliot chinois 3540;0901;10.0
btv1b8448957j;;;1401-1405;0.0;;fre;domaine public;Bibliothèque nationale de France. Département des Manuscrits. Français 1643;1401;15.0
btv1b100771603;;;1101-1200;0.0;;lat;domaine public;Bibliothèque nationale de France. Département des Manuscrits. Latin 10509;1101;12.0
btv1b10108329p;;;1401-1500;0.0;;;domaine public;Bibliothèque nationale et universitaire de Strasbourg. Ms.1.816;1401;15.0
btv1b10089602d;;;1492;0.0;;ita;domaine public;Bibliothèque nationale de France. Département des Manuscrits. italien 1711;1492;15.0
btv1b55010550z;;;1401-1500;0.0;;fre;domaine public;Bibliothèque nationale de France. Bibliothèque de l'Arsenal. Ms-5197 réserve;1401;15.0
btv1b10033200c;;;1401-1600;0.0;;lat;domaine public;Bibliothèque nationale de France. Département des Manuscrits. Latin 5414A;1401;15.0
btv1b100910949;;;1301-1400;0.0;;per;domaine public;Bibliothèque nationale de France. Département des Manuscrits. Persan 68;1301;14.0
btv1b110028961;;;1245;0.0;;ara;domaine public;Bibliothèque nationale de France. Département des manuscrits. Arabe 3328;1245;13.0
btv1b90616648;;;1301-1400;0.0;;fre;domaine public;Bibliothèque nationale de France. Département des Manuscrits. Français 14571;1301;14.0
btv1b9064033k;;;1401-1700;0.0;;fre;domaine public;Bibliothèque nationale de France. Département des Manuscrits. Français 15550;1401;15.0
btv1b10722212z;;;1350-1450;0.0;;grc;domaine public;Bibliothèque nationale de France. Département des Manuscrits. Grec 2107;1350;14.0
btv1b525177339;;;1450-1550;0.0;;grc;domaine public;Bibliothèque nationale de France. Département des Manuscrits. Supplément grec 767;1450;15.0
btv1b9058252k;;;1401-1500;0.0;;fre;domaine public;Bibliothèque nationale de France. Département des Manuscrits. Français 303;1401;15.0
btv1b9009576z;;;1201-1300;0.0;;fre;domaine public;Bibliothèque nationale de France. Département des Manuscrits. Français 24862;1201;13.0
btv1b8436399x;;;1450-1500;0.0;;spa;domaine public;Bibliothèque nationale de France. Département des Manuscrits. Espagnol 229;1450;15.0
btv1b100817936;;;1301-1800;0.0;;fre;domaine public;Bibliothèque nationale de France. Département des Manuscrits. Français 28067 (Pièces originales 1583);1301;14.0
btv1b110021753;;;1467;0.0;;ara;domaine public;Bibliothèque nationale de France. Département des Manuscrits. Arabe 2183;1467;15.0
btv1b525275008;;;1301-1400;0.0;;lat;domaine public;Bibliothèque nationale de France. Département des Manuscrits. Latin 7334;1301;14.0
btv1b525221181;;;0701-1000;0.0;;ine;domaine public;Bibliothèque nationale de France. Département des Manuscrits. Pelliot Koutchéen Nouvelle Série 975;0701;8.0
btv1b531152203;;;0801-0900;0.0;;syr;domaine public;Bibliothèque nationale de France. Département des Manuscrits. Syriaque 62;0801;9.0
btv1b11004483f;;;1401-1500;0.0;;grc;domaine public;Bibliothèque nationale de France. Département des Manuscrits. Grec 3019;1401;15.0
btv1b9072645h;;;1151-1175;0.0;;lat;domaine public;Bibliothèque nationale de France. Département des Manuscrits. Latin 14754;1151;12.0
btv1b10033282k;;;1401-1500;0.0;;lat;domaine public;Bibliothèque nationale de France. Département des Manuscrits. Latin 10485;1401;15.0
btv1b6000800f;;;1301-1400;0.0;;fre;domaine public;Bibliothèque nationale de France. Département des Manuscrits. Français 12472;1301;14.0
btv1b10866899k;;;1101-1200;0.0;;lat;domaine public;Bibliothèque nationale de France. Département des Manuscrits. Latin 14409;1101;12.0
btv1b110024183;;;1268-1269;0.0;;ara;domaine public;Bibliothèque nationale de France. Département des manuscrits. Arabe 2997;1268;13.0
btv1b11000630d;;;14390703;0.0;;ara;domaine public;Bibliothèque nationale de France. Département des Manuscrits. Arabe 879;1439;15.0
btv1b9067728m;;;1301-1400;0.0;;lat;domaine public;Bibliothèque nationale de France. Département des manuscrits. Latin 8817;1301;14.0
btv1b9059859v;;;1401-1500;0.0;;fre;domaine public;Bibliothèque nationale de France. Département des manuscrits. Français 2882;1401;15.0
btv1b10036500j;;;133912;0.0;;fre;domaine public;Bibliothèque nationale de France. Département des Manuscrits. Languedoc Doat 186;1339;14.0
btv1b11003374r;;;1401-1500;0.0;;ara;domaine public;Bibliothèque nationale de France. Département des manuscrits. Arabe 3964;1401;15.0
btv1b90590630;;;1401-1500;0.0;;fre;domaine public;Bibliothèque nationale de France. Département des Manuscrits. Français 1625;1401;15.0
btv1b10038698x;;;1001-1100;0.0;;lat;domaine public;Bibliothèque nationale de France. Département des manuscrits. Latin 5670;1001;11.0
btv1b10051284d;;;1325;0.0;;;domaine public;Bibliothèque municipale de Rouen, Ms O 4 fdeg 017 detail;1325;14.0
btv1b10033802j;;;1401-1500;0.0;;lat;domaine public;Bibliothèque nationale de France. Département des manuscrits. Latin 7663;1401;15.0
btv1b8426044n;;;1301-1400;0.0;;lat;domaine public;Bibliothèque nationale de France. Département des Manuscrits. Latin 5393;1301;14.0
btv1b9000825w;;;1201-1800;0.0;;fre;domaine public;Bibliothèque nationale de France. Département des Manuscrits. Lorraine 176;1201;13.0
btv1b52513086p;;;0901-1300;0.0;;lat;domaine public;Bibliothèque nationale de France. Département des Manuscrits. NAL 2656;0901;10.0
btv1b9058205x;;;1401-1500;0.0;;fre;domaine public;Bibliothèque nationale de France. Département des Manuscrits. Français 404;1401;15.0
btv1b8302588h;;;0901-1000;0.0;;chi;domaine public;Bibliothèque nationale de France. Département des Manuscrits. Pelliot chinois 3748;0901;10.0
btv1b9077811z;;;1301-1400;0.0;;lat;domaine public;Bibliothèque nationale de France. Département des manuscrits. Latin 5529A;1301;14.0
btv1b10080857c;;;1301-1800;0.0;;fre;domaine public;Bibliothèque nationale de France. Département des Manuscrits. Français 28619 (Pièces originales 2135);1301;14.0
btv1b10095758g;;;0801-1000;0.0;;chi;domaine public;Bibliothèque nationale de France. Département des Manuscrits. Pelliot chinois 3754;0801;9.0
btv1b90679949;;;1301-1400;0.0;;lat;domaine public;Bibliothèque nationale de France. Département des manuscrits. Latin 7132;1301;14.0
btv1b9061591t;;;1201-1300;0.0;;fre;domaine public;Bibliothèque nationale de France. Département des Manuscrits. Français 10130;1201;13.0
btv1b84901583;;;1370-1400;0.0;;fre;domaine public;Bibliothèque nationale de France. Département des Manuscrits. NAF 3431;1370;14.0
btv1b10721165n;;;1301-1400;0.0;;lat;domaine public;Bibliothèque nationale de France. Département des Manuscrits. Latin 7298;1301;14.0
btv1b52502489w;;;1201-1225;0.0;;lat;domaine public;Bibliothèque nationale de France. Département des Manuscrits. Latin 3719;1201;13.0
btv1b10721856b;;;1101-1200;0.0;;grc;domaine public;Bibliothèque nationale de France. Département des Manuscrits. Grec 1504;1101;12.0
btv1b10547735t;;;0901-1000;0.0;;lat;domaine public;Bibliothèque nationale de France. Département des Manuscrits. Latin 7182;0901;10.0
btv1b100323029;;;1301-1400;0.0;;lat;domaine public;Bibliothèque nationale de France. Département des Manuscrits. Latin 838;1301;14.0
btv1b9068373c;;;1375-1400;0.0;;lat;domaine public;Bibliothèque nationale de France. Département des Manuscrits. Latin 14733;1375;14.0
btv1b110000590;;;1201-1300;0.0;;grc;domaine public;Bibliothèque nationale de France. Département des Manuscrits. Grec 144;1201;13.0
btv1b83072562;;;0701-1000;0.0;;tib;domaine public;Bibliothèque nationale de France. Département des Manuscrits. Pelliot tibétain 12;0701;8.0
btv1b10052207s;;;1325;0.0;;;domaine public;Bibliothèque municipale de Rouen, Ms O 4 fdeg 389v detail;1325;14.0
btv1b52513412h;;;1101-1200;0.0;;lat;domaine public;Bibliothèque nationale de France. Département des Manuscrits. Latin 11675;1101;12.0
btv1b83074271;;;0801-0900;0.0;;chi;domaine public;Bibliothèque nationale de France. Département des Manuscrits. Pelliot chinois 4587;0801;9.0
btv1b100532163;;;1325;0.0;;;domaine public;Bibliothèque municipale de Rouen, Ms O 4 fdeg 370v detail;1325;14.0
btv1b11000576c;;;13730208;0.0;;ara;domaine public;Bibliothèque nationale de France. Département des Manuscrits. Arabe 799;1373;14.0
btv1b100975641;;;0801-0900;0.0;;chi;domaine public;Bibliothèque nationale de France. Département des Manuscrits. Pelliot chinois 3947;0801;9.0
btv1b9077874g;;;1101-1200;0.0;;lat;domaine public;Bibliothèque nationale de France. Département des Manuscrits. Latin 2214 (1);1101;12.0
btv1b60001001;;;1400-1410;0.0;;fre;domaine public;Bibliothèque nationale de France. Département des Manuscrits. Français 605;1400;14.0
btv1b100336037;;;1301-1400;0.0;;lat;domaine public;Bibliothèque nationale de France. Département des manuscrits. NAL 3088;1301;14.0
btv1b8301101w;;;0801-0900;0.0;;chi;domaine public;Bibliothèque nationale de France. Département des Manuscrits. Pelliot chinois 4755;0801;9.0
btv1b8479011k;;;0895-0898;0.0;;lat;domaine public;Bibliothèque nationale de France. Département des Manuscrits. Latin 9433;0895;9.0
btv1b100385130;;;1201-1300;0.0;;lat;domaine public;Bibliothèque nationale de France. Département des manuscrits. Latin 7646;1201;13.0
btv1b100800612;;;1301-1800;0.0;;fre;domaine public;Bibliothèque nationale de France. Département des Manuscrits. Français 29048 (Pièces originales 2564);1301;14.0
btv1b108666415;;;1400-1410;0.0;;lat;domaine public;Bibliothèque nationale de France. Département des Manuscrits. Latin 7917;1400;14.0
btv1b10038981h;;;1401-1500;0.0;;lat;domaine public;Bibliothèque nationale de France. Département des Manuscrits. Latin 16020;1401;15.0
btv1b10723411m;;;1001-1100;0.0;;grc;domaine public;Bibliothèque nationale de France. Département des Manuscrits. Grec 920;1001;11.0
btv1b52516329q;;;14750101-18001231;0.0;;lat;domaine public;Bibliothèque nationale de France. Département des Manuscrits. Chappée 16, 81;1475;15.0
btv1b11000815k;;;1456;0.0;;ara;domaine public;Bibliothèque nationale de France. Département des Manuscrits. Arabe 1537;1456;15.0
btv1b10724055w;;;1101-1200;0.0;;grc;domaine public;Bibliothèque nationale de France. Département des Manuscrits. Grec 1534;1101;12.0
btv1b52525981v;;;1180-1230;0.0;;lat;domaine public;Bibliothèque nationale de France. Département des Manuscrits. Latin 14470;1180;12.0
btv1b10038728d;;;1101-1200;0.0;;lat;domaine public;Bibliothèque nationale de France. Département des Manuscrits. Latin 14858;1101;12.0
btv1b55008177v;;;1301-1400;0.0;;lat;domaine public;Bibliothèque nationale de France. Bibliothèque de l'Arsenal. Ms-1031;1301;14.0
btv1b8436403c;;;1480-1500;0.0;;spa;domaine public;Bibliothèque nationale de France. Département des Manuscrits. Espagnol 110;1480;15.0
btv1b100354359;;;1101-1200;0.0;;lat;domaine public;Bibliothèque nationale de France. Département des Manuscrits. Latin 5062;1101;12.0
btv1b10096917g;;;0701-0900;0.0;;chi;domaine public;Bibliothèque nationale de France. Département des Manuscrits. Pelliot chinois 4710;0701;8.0
btv1b10557096d;;;1301-1400;0.0;;lat;domaine public;Bibliothèque municipale de Metz. Ms. 575;1301;14.0
btv1b9067901n;;;1201-1300;0.0;;lat;domaine public;Bibliothèque nationale de France. Département des Manuscrits. Latin 14804;1201;13.0
btv1b9066488j;;;1201-1300;0.0;;lat;domaine public;Bibliothèque nationale de France. Département des Manuscrits. Latin 7647;1201;13.0
btv1b107200347;;;1401-1500;0.0;;heb;domaine public;Bibliothèque nationale de France. Département des Manuscrits. Hébreu 772;1401;15.0
btv1b8426281m;;;0825-0875;0.0;;lat;domaine public;Bibliothèque nationale de France. Département des Manuscrits. Latin 5609;0825;9.0
btv1b525158671;;;13160101-18021231;0.0;;lat;domaine public;Bibliothèque nationale de France. Département des Manuscrits. Chappée 13, 23, 2;1316;14.0
btv1b9066833z;;;1201-1300;0.0;;lat;domaine public;Bibliothèque nationale de France. Département des manuscrits. Latin 12417;1201;13.0
btv1b9068100s;;;1101-1200;0.0;;lat;domaine public;Bibliothèque nationale de France. Département des Manuscrits. Latin 15082;1101;12.0
btv1b10539988c;;;1439;0.0;;heb;domaine public;Bibliothèque nationale de France. Département des Manuscrits. Hébreu 196;1439;15.0
btv1b10721717r;;;1401-1500;0.0;;grc;domaine public;Bibliothèque nationale de France. Département des Manuscrits. Grec 2799;1401;15.0
btv1b10542168d;;;1301-1400;0.0;;heb;domaine public;Bibliothèque nationale de France. Département des Manuscrits. Hébreu 338;1301;14.0
btv1b107203580;;;1265;0.0;;heb;domaine public;Bibliothèque nationale de France. Département des Manuscrits. Hébreu 599;1265;13.0
btv1b100771069;;;1022;0.0;;grc;domaine public;Bibliothèque nationale de France. Département des Manuscrits. Grec 375;1022;11.0
btv1b10081924h;;;1301-1800;0.0;;fre;domaine public;Bibliothèque nationale de France. Département des Manuscrits. Français 28989 (Pièces originales 2505);1301;14.0
btv1b10073755t;;;1401-1500;0.0;;lat;domaine public;Bibliothèque nationale de France. Département des Manuscrits. Latin 2873B;1401;15.0
btv1b550071690;;;1466-1500;0.0;;lat;domaine public;Bibliothèque nationale de France. Bibliothèque de l'Arsenal. Ms-981 réserve;1466;15.0
btv1b100327485;;;1301-1400;0.0;;lat;domaine public;Bibliothèque nationale de France. Département des Manuscrits. NAL 1758;1301;14.0
btv1b90638138;;;1401-1500;0.0;;fre;domaine public;Bibliothèque nationale de France. Département des Manuscrits. Français 19123;1401;15.0
btv1b105461786;;;1101-1125;0.0;;lat;domaine public;Bibliothèque nationale de France. Département des Manuscrits. Latin 15628;1101;12.0
btv1b10039022d;;;1101-1400;0.0;;lat;domaine public;Bibliothèque nationale de France. Département des Manuscrits. Latin 14798;1101;12.0
btv1b54100329q;;;1301-1800;0.0;;fre;domaine public;Bibliothèque nationale de France. Département des Manuscrits. Pièces originales 138 (2809);1301;14.0
btv1b107212310;;;1201-1300;0.0;;lat;domaine public;Bibliothèque nationale de France. Département des manuscrits. Latin 15975;1201;13.0
btv1b100509370;;;1325;0.0;;;domaine public;Bibliothèque municipale de Rouen, Ms O 4 fdeg 261 detail;1325;14.0
btv1b532535543;;;1401-1500;0.0;;lat;domaine public;Bibliothèque nationale de France. Département des Manuscrits. Latin 5830;1401;15.0
btv1b52516707h;;;14090101-18001231;0.0;;lat;domaine public;Bibliothèque nationale de France. Département des Manuscrits. Chappée 17.3, 75;1409;15.0
btv1b100971454;;;0701-0800;0.0;;chi;domaine public;Bibliothèque nationale de France. Département des Manuscrits. Pelliot chinois 3811;0701;8.0
btv1b10463839z;;;1401-1500;0.0;;ara;domaine public;Bibliothèque nationale de France. Département des Manuscrits. Arabe 6547;1401;15.0
btv1b105493835;;;1395;0.0;;heb;domaine public;Bibliothèque nationale de France. Département des Manuscrits. Hébreu 733;1395;14.0
btv1b10560076g;;;1201-1300;0.0;;lat;domaine public;Bibliothèque municipale de Toulouse. Ms. 111;1201;13.0
btv1b10723984r;;;1101-1200;0.0;;grc;domaine public;Bibliothèque nationale de France. Département des Manuscrits. Grec 486;1101;12.0
btv1b100310591;;;1496-1497;0.0;;ara;domaine public;Bibliothèque nationale de France. Département des manuscrits. Arabe 6832;1496;15.0
btv1b52510868r;;;1401-1500;0.0;;fre;domaine public;Bibliothèque nationale de France. Département des Manuscrits. NAF 6524;1401;15.0
btv1b525274897;;;1290-1320;0.0;;fre;domaine public;Bibliothèque nationale de France. Département des Manuscrits. Français 24395;1290;13.0
btv1b9061721v;;;1301-1400;0.0;;fre;domaine public;Bibliothèque nationale de France. Département des manuscrits. Français 8584;1301;14.0
btv1b10722967x;;;1470-1500;0.0;;grc;domaine public;Bibliothèque nationale de France. Département des Manuscrits. Grec 2763;1470;15.0
btv1b10866365n;;;1403;0.0;;lat;domaine public;Bibliothèque nationale de France. Département des Manuscrits. Français 598;1403;15.0
btv1b55010116g;;;1475-1500;0.0;;lat;domaine public;Bibliothèque nationale de France. Bibliothèque de l'Arsenal. Ms-645 réserve;1475;15.0
btv1b11002046x;;;1147-1148;0.0;;ara;domaine public;Bibliothèque nationale de France. Département des manuscrits. Arabe 2907;1147;12.0
btv1b100802986;;;1301-1800;0.0;;fre;domaine public;Bibliothèque nationale de France. Département des Manuscrits. Français 26838 (Pièces originales 354);1301;14.0
btv1b11004756p;;;1433;0.0;;ara;domaine public;Bibliothèque nationale de France. Département des Manuscrits. Arabe 6;1433;15.0
btv1b8300328x;;;0601-0800;0.0;;chi;domaine public;Bibliothèque nationale de France. Département des Manuscrits. Pelliot chinois 5028 (3);0601;7.0
btv1b83025287;;;0801-1000;0.0;;chi;domaine public;Bibliothèque nationale de France. Département des Manuscrits. Pelliot chinois 3589;0801;9.0
btv1b10096855v;;;0701-0800;0.0;;chi;domaine public;Bibliothèque nationale de France. Département des Manuscrits. Pelliot chinois 5034;0701;8.0
btv1b105467576;;;1401-1500;0.0;;heb;domaine public;Bibliothèque nationale de France. Département des Manuscrits. Hébreu 992;1401;15.0
btv1b60003385;;;1361;0.0;;fre;domaine public;Bibliothèque nationale de France. Département des Manuscrits. Français 2195;1361;14.0
btv1b8300837m;;;0701-0800;0.0;;chi;domaine public;Bibliothèque nationale de France. Département des Manuscrits. Pelliot chinois 5029 C;0701;8.0
btv1b9002990f;;;1201-1400;0.0;;heb;domaine public;Bibliothèque nationale de France. Département des Manuscrits. Hébreu 75;1201;13.0
btv1b11004569p;;;1301-1400;0.0;;grc;domaine public;Bibliothèque nationale de France. Département des Manuscrits. Coislin 36;1301;14.0
btv1b9078064n;;;1201-1300;0.0;;lat;domaine public;Bibliothèque nationale de France. Département des manuscrits. Latin 15289;1201;13.0
btv1b52520975h;;;1401-1500;0.0;;grc;domaine public;Bibliothèque nationale de France. Département des Manuscrits. Supplément grec 444;1401;15.0
btv1b10884218g;;;1467;0.0;;ara;domaine public;Bibliothèque nationale de France. Département des Manuscrits. Arabe 2183;1467;15.0
btv1b10035708j;;;1201-1300;0.0;;lat;domaine public;Bibliothèque nationale de France. Département des Manuscrits. Latin 145;1201;13.0
btv1b52522358f;;;0701-1000;0.0;;ine;domaine public;Bibliothèque nationale de France. Département des Manuscrits. Pelliot Koutchéen Nouvelle Série 557;0701;8.0
btv1b9067036r;;;1301-1400;0.0;;lat;domaine public;Bibliothèque nationale de France. Département des manuscrits. Latin 8546;1301;14.0
btv1b9068482p;;;1201-1300;0.0;;lat;domaine public;Bibliothèque nationale de France. Département des Manuscrits. Latin 15972;1201;13.0
btv1b10032317z;;;1101-1300;0.0;;lat;domaine public;Bibliothèque nationale de France. Département des Manuscrits. Latin 8454;1101;12.0
btv1b10724460k;;;0901-1000;0.0;;grc;domaine public;Bibliothèque nationale de France. Département des Manuscrits. Grec 836;0901;10.0
btv1b52516642j;;;14090101-18001231;0.0;;lat;domaine public;Bibliothèque nationale de France. Département des Manuscrits. Chappée 17.3, 17;1409;15.0
btv1b9068069f;;;1050-1100;0.0;;lat;domaine public;Bibliothèque nationale de France. Département des Manuscrits. Latin 903;1050;11.0
btv1b10722867j;;;1101-1200;0.0;;grc;domaine public;Bibliothèque nationale de France. Département des Manuscrits. Grec 384;1101;12.0
btv1b9068063z;;;1301-1400;0.0;;lat;domaine public;Bibliothèque nationale de France. Département des manuscrits. Latin 767;1301;14.0
btv1b90619204;;;1401-1700;0.0;;fre;domaine public;Bibliothèque nationale de France. Département des manuscrits. Français 22420;1401;15.0
btv1b100253597;;;1401-1500;0.0;;ger;domaine public;Bibliothèque nationale de France. Département des Manuscrits. Allemand 115;1401;15.0
btv1b10893492t;;;0701-0800;0.0;;chi;domaine public;Bibliothèque nationale de France. Département des Manuscrits. Pelliot chinois 5587 (5);0701;8.0
btv1b10035334g;;;1240-1504;0.0;;lat;domaine public;Bibliothèque nationale de France. Département des Manuscrits. Latin 5185CC;1240;13.0
btv1b9001348g;;;1401-1700;0.0;;fre;domaine public;Bibliothèque nationale de France. Département des Manuscrits. Baluze 51;1401;15.0
btv1b10720353r;;;1401-1600;0.0;;heb;domaine public;Bibliothèque nationale de France. Département des Manuscrits. Hébreu 272;1401;15.0
btv1b10081746g;;;1301-1800;0.0;;fre;domaine public;Bibliothèque nationale de France. Département des Manuscrits. Français 28867 (Pièces originales 2383);1301;14.0
btv1b52521581z;;;1201-1300;0.0;;lat;domaine public;Bibliothèque nationale de France. Département des Manuscrits. Latin 15120;1201;13.0
btv1b90767668;;;1301-1400;0.0;;lat;domaine public;Bibliothèque nationale de France. Département des Manuscrits. Latin 10342;1301;14.0
btv1b107218926;;;1500-1550;0.0;;;domaine public;Bibliothèque nationale de France. Département des Manuscrits. Grec 1893;1500;15.0
btv1b10037358s;;;1401-1500;0.0;;ita;domaine public;Bibliothèque nationale de France. Département des Manuscrits. italien 934;1401;15.0
btv1b110021128;;;1389;0.0;;ara;domaine public;Bibliothèque nationale de France. Département des manuscrits. Arabe 2925;1389;14.0
btv1b10096967j;;;0601-0800;0.0;;chi;domaine public;Bibliothèque nationale de France. Département des Manuscrits. Pelliot chinois 3895;0601;7.0
btv1b90678086;;;1351-1400;0.0;;lat;domaine public;Bibliothèque nationale de France. Département des Manuscrits. Latin 3820;1351;14.0
btv1b10720415c;;;1456;0.0;;heb;domaine public;Bibliothèque nationale de France. Département des Manuscrits. Hébreu 427;1456;15.0
btv1b9062208k;;;1301-1700;0.0;;fre;domaine public;Bibliothèque nationale de France. Département des Manuscrits. Français 22293;1301;14.0
btv1b85144288;;;1150-1200;0.0;;lat;domaine public;Bibliothèque nationale de France. Département des Manuscrits. Latin 16746;1150;12.0
btv1b110003164;;;1346;0.0;;ara;domaine public;Bibliothèque nationale de France. Département des Manuscrits. Arabe 710-711;1346;14.0
btv1b107221811;;;1001-1100;0.0;;grc;domaine public;Bibliothèque nationale de France. Département des Manuscrits. Grec 187;1001;11.0
btv1b8300271k;;;0801-1000;0.0;;chi;domaine public;Bibliothèque nationale de France. Département des Manuscrits. Pelliot chinois 3865;0801;9.0
btv1b9000279c;;;1101-1700;0.0;;fre;domaine public;Bibliothèque nationale de France. Département des Manuscrits. Clairambault 84;1101;12.0
btv1b9078341p;;;1101-1200;0.0;;lat;domaine public;Bibliothèque nationale de France. Département des manuscrits. Latin 5442;1101;12.0
btv1b84386703;;;1401-1500;0.0;;spa;domaine public;Bibliothèque nationale de France. Département des Manuscrits. Espagnol 305;1401;15.0
btv1b108937724;;;0901-1000;0.0;;chi;domaine public;Bibliothèque nationale de France. Département des Manuscrits. Pelliot chinois 4525 (12);0901;10.0
btv1b107236585;;;1201-1300;0.0;;grc;domaine public;Bibliothèque nationale de France. Département des Manuscrits. Grec 1152;1201;13.0
btv1b90622201;;;1401-1700;0.0;;fre;domaine public;Bibliothèque nationale de France. Département des Manuscrits. Français 20154;1401;15.0
btv1b11002050n;;;1101-1200;0.0;;ara;domaine public;Bibliothèque nationale de France. Département des manuscrits. Arabe 2911;1101;12.0
btv1b8432263q;;;1444;0.0;;per;domaine public;Bibliothèque nationale de France. Département des Manuscrits. Supplément Persan 494;1444;15.0
btv1b10029569s;;;1301-1400;0.0;;lat;domaine public;Bibliothèque nationale de France. Département des Manuscrits. NAL 772;1301;14.0
btv1b90679237;;;1201-1300;0.0;;lat;domaine public;Bibliothèque nationale de France. Département des Manuscrits. Latin 10322;1201;13.0
btv1b10097621d;;;0901-1000;0.0;;chi;domaine public;Bibliothèque nationale de France. Département des Manuscrits. Pelliot chinois 4079;0901;10.0
btv1b53000319s;;;1480-1490;0.0;;lat;domaine public;Bibliothèque nationale de France. Département des manuscrits. NAL 3201;1480;15.0
btv1b84061572;;;1108;0.0;;ara;domaine public;Bibliothèque nationale de France. Département des Manuscrits. Arabe 6840;1108;12.0
btv1b9009613s;;;1473;0.0;;fre;domaine public;Bibliothèque nationale de France. Département des Manuscrits. Français 1001;1473;15.0
btv1b525221325;;;0701-1000;0.0;;ine;domaine public;Bibliothèque nationale de France. Département des Manuscrits. Pelliot Koutchéen Nouvelle Série 989;0701;8.0
btv1b10560052v;;;1450-1549;0.0;;lat;domaine public;Bibliothèque municipale de Toulouse. Ms. 117;1450;15.0
btv1b108827444;;;1301-1600;0.0;;fre;domaine public;Bibliothèque nationale de France. Département des Manuscrits. Français 5378;1301;14.0
btv1b10077191s;;;1051-1100;0.0;;lat;domaine public;Bibliothèque nationale de France. Département des Manuscrits. NAL 1497;1051;11.0
btv1b100965760;;;0701-0800;0.0;;chi;domaine public;Bibliothèque nationale de France. Département des Manuscrits. Pelliot chinois 3884;0701;8.0
btv1b105508620;;;1480;0.0;;;domaine public;Bibliothèque nationale de France. Département des Manuscrits. Hébreu 1131;1480;15.0
btv1b10080074t;;;1301-1800;0.0;;fre;domaine public;Bibliothèque nationale de France. Département des Manuscrits. Français 26517 (Pièces originales 33);1301;14.0
btv1b10032114v;;;0501-0600;0.0;;lat;domaine public;Bibliothèque nationale de France. Département des Manuscrits. NAL 1585;0501;6.0
btv1b11000040j;;;1001-1100;0.0;;grc;domaine public;Bibliothèque nationale de France. Département des Manuscrits. Grec 1080;1001;11.0
btv1b10721805t;;;1336;0.0;;grc;domaine public;Bibliothèque nationale de France. Département des Manuscrits. Grec 311;1336;14.0
btv1b83050271;;;0901-1000;0.0;;chi;domaine public;Bibliothèque nationale de France. Département des Manuscrits. Pelliot chinois 3691 Pièce 17;0901;10.0
btv1b110038039;;;1473;0.0;;ara;domaine public;Bibliothèque nationale de France. Département des manuscrits. Arabe 4434;1473;15.0
btv1b9058813j;;;1401-1500;0.0;;fre;domaine public;Bibliothèque nationale de France. Département des Manuscrits. Français 1957;1401;15.0
btv1b100383226;;;1275-1300;0.0;;lat;domaine public;Bibliothèque nationale de France. Département des Manuscrits. NAL 175;1275;13.0
btv1b110016998;;;1194;0.0;;ara;domaine public;Bibliothèque nationale de France. Département des Manuscrits. Arabe 2954;1194;12.0
btv1b100347499;;;1101-1400;0.0;;lat;domaine public;Bibliothèque nationale de France. Département des manuscrits. Latin 14884;1101;12.0
btv1b11004497n;;;1001-1100;0.0;;grc;domaine public;Bibliothèque nationale de France. Département des Manuscrits. Grec 694;1001;11.0
btv1b10099557n;;;0675;0.0;;chi;domaine public;Bibliothèque nationale de France. Département des Manuscrits. Pelliot chinois 2195;0675;7.0
btv1b100352667;;;1301-1400;0.0;;lat;domaine public;Bibliothèque nationale de France. Département des Manuscrits. Latin 4936;1301;14.0
btv1b52526063v;;;1101-1200;0.0;;lat;domaine public;Bibliothèque nationale de France. Département des Manuscrits. Latin 1874;1101;12.0
btv1b52504101j;;;1401-1500;0.0;;lat;domaine public;Bibliothèque nationale de France. Département des manuscrits. Latin 7262;1401;15.0
btv1b10030765z;;;1336-1337;0.0;;ara;domaine public;Bibliothèque nationale de France. Département des Manuscrits. Arabe 5050;1336;14.0
btv1b10546765q;;;1001-1025;0.0;;lat;domaine public;Bibliothèque nationale de France. Département des Manuscrits. Latin 11624;1001;11.0
btv1b106639281;;;1301-1400;0.0;;lat;domaine public;Bibliothèque municipale de Grenoble. R. 7905 Rés.;1301;14.0
btv1b52519760w;;;1301-1400;0.0;;lat;domaine public;Bibliothèque nationale de France. Département des Manuscrits. Latin 9335;1301;14.0
btv1b525118164;;;1401-1500;0.0;;lat;domaine public;Bibliothèque nationale de France. Bibliothèque de l'Arsenal. Ms-1094;1401;15.0
btv1b52526722d;;;1301-1800;0.0;;fre;domaine public;Bibliothèque nationale de France. Département des Manuscrits. PO 534, dossier 12071;1301;14.0
btv1b90809011;;;1201-1300;0.0;;lat;domaine public;Bibliothèque nationale de France. Département des manuscrits. Latin 15059;1201;13.0
btv1b10039135j;;;1101-1500;0.0;;lat;domaine public;Bibliothèque nationale de France. Département des manuscrits. NAL 2585;1101;12.0
btv1b100332312;;;1301-1400;0.0;;lat;domaine public;Bibliothèque nationale de France. Département des Manuscrits. NAL 1980;1301;14.0
btv1b10720539c;;;1427;0.0;;heb;domaine public;Bibliothèque nationale de France. Département des Manuscrits. Hébreu 816;1427;15.0
btv1b110026466;;;1451;0.0;;ara;domaine public;Bibliothèque nationale de France. Département des manuscrits. Arabe 1901;1451;15.0
btv1b8449686j;;;1358-1380;0.0;;lat;domaine public;Bibliothèque nationale de France. Département des Manuscrits. Français 1648;1358;14.0
btv1b100509499;;;1325;0.0;;;domaine public;Bibliothèque municipale de Rouen, Ms O 4 fdeg 153 detail;1325;14.0
btv1b10723287f;;;1001-1100;0.0;;grc;domaine public;Bibliothèque nationale de France. Département des Manuscrits. Grec 1487;1001;11.0
btv1b8302566x;;;0901-1000;0.0;;chi;domaine public;Bibliothèque nationale de France. Département des Manuscrits. Pelliot chinois 3698;0901;10.0
btv1b10073754c;;;1175-1200;0.0;;lat;domaine public;Bibliothèque nationale de France. Département des Manuscrits. Latin 2445A;1175;12.0
btv1b52522714h;;;0701-1000;0.0;;ine;domaine public;Bibliothèque nationale de France. Département des Manuscrits. Pelliot Koutchéen Nouvelle Série 929;0701;8.0
btv1b84559055;;;0701-0795;0.0;;lat;domaine public;Bibliothèque nationale de France. Bibliothèque de l'Arsenal. Ms-599 réserve;0701;8.0
btv1b10545892n;;;1401-1500;0.0;;heb;domaine public;Bibliothèque nationale de France. Département des Manuscrits. Hébreu 825;1401;15.0
btv1b10720858w;;;1201-1300;0.0;;lat;domaine public;Bibliothèque nationale de France. Département des Manuscrits. Latin 2795;1201;13.0
btv1b10560184c;;;1301-1500;0.0;;lat;domaine public;Bibliothèque municipale de Toulouse. Ms. 474;1301;14.0
btv1b90779223;;;1301-1400;0.0;;lat;domaine public;Bibliothèque nationale de France. Département des Manuscrits. Latin 6045;1301;14.0
btv1b10096776r;;;0701-0800;0.0;;chi;domaine public;Bibliothèque nationale de France. Département des Manuscrits. Pelliot chinois 4672;0701;8.0
btv1b100327663;;;1401-1500;0.0;;fre;domaine public;Bibliothèque nationale de France. Département des Manuscrits. Français 24309;1401;15.0
btv1b9078111v;;;1201-1300;0.0;;lat;domaine public;Bibliothèque nationale de France. Département des Manuscrits. Latin 15734;1201;13.0
btv1b10557133z;;;1401-1500;0.0;;lat;domaine public;Bibliothèque municipale de Metz. Ms. 638;1401;15.0
btv1b105570593;;;1401-1500;0.0;;lat;domaine public;Bibliothèque municipale de Metz. Ms. 480;1401;15.0
btv1b110030216;;;1401-1500;0.0;;ara;domaine public;Bibliothèque nationale de France. Département des manuscrits. Arabe 3671;1401;15.0
btv1b10885160x;;;1275-1300;0.0;;lat;domaine public;Bibliothèque nationale de France. Département des Manuscrits. Latin 15350;1275;13.0
btv1b9066889b;;;0601-0800;0.0;;lat;domaine public;Bibliothèque nationale de France. Département des Manuscrits. Latin 2739;0601;7.0
btv1b9078380s;;;0801-0900;0.0;;lat;domaine public;Bibliothèque nationale de France. Département des Manuscrits. Latin 9665;0801;9.0
btv1b8419231c;;;1382-1399;0.0;;ara;domaine public;Bibliothèque nationale de France. Département des Manuscrits. Arabe 5846;1382;14.0
btv1b52515007h;;;1401-1500;0.0;;fre;domaine public;Bibliothèque nationale de France. Département des Manuscrits. Français 1746;1401;15.0
btv1b10515734r;;;1401-1600;0.0;;heb;domaine public;Bibliothèque nationale de France. Département des manuscrits. Hébreu 782;1401;15.0
btv1b10077299r;;;1301-1400;0.0;;ger;domaine public;Bibliothèque nationale de France. Département des Manuscrits. Allemand 305;1301;14.0
btv1b8300687t;;;0901-1000;0.0;;chi;domaine public;Bibliothèque nationale de France. Département des Manuscrits. Pelliot chinois 3827;0901;10.0
btv1b10866906w;;;1201-1400;0.0;;lat;domaine public;Bibliothèque nationale de France. Département des Manuscrits. Latin 9890;1201;13.0
btv1b9064474w;;;1342;0.0;;heb;domaine public;Bibliothèque nationale de France. Département des Manuscrits. Hébreu 162;1342;14.0
btv1b10090541f;;;1301-1400;0.0;;fre;domaine public;Bibliothèque nationale de France. Département des Manuscrits. NAF 6234;1301;14.0
btv1b52504196h;;;1475-1500;0.0;;lat;domaine public;Bibliothèque nationale de France. Département des Manuscrits. Latin 1050;1475;15.0
btv1b10034511q;;;1301-1400;0.0;;lat;domaine public;Bibliothèque nationale de France. Département des manuscrits. Latin 15881;1301;14.0
btv1b90808750;;;1301-1400;0.0;;lat;domaine public;Bibliothèque nationale de France. Département des manuscrits. Latin 6509;1301;14.0
btv1b10885382d;;;14990826;0.0;;ota;domaine public;Bibliothèque nationale de France. Département des Manuscrits. Turc 344;1499;15.0
btv1b102246389;;;1401-1500;0.0;;lat;domaine public;Bibliothèque nationale et universitaire de Strasbourg. Ms.2.675;1401;15.0
btv1b10022493j;;;1175-1200;0.0;;lat;domaine public;Bibliothèque nationale de France. Département des Manuscrits. Latin 3021;1175;12.0
btv1b10033759c;;;1401-1500;0.0;;lat;domaine public;Bibliothèque nationale de France. Département des Manuscrits. Latin 7332;1401;15.0
btv1b100341400;;;1201-1800;0.0;;fre;domaine public;Bibliothèque nationale de France. Département des Manuscrits. Périgord 151;1201;13.0
btv1b105571117;;;1375-1400;0.0;;lat;domaine public;Bibliothèque municipale de Metz. Ms. 601;1375;14.0
btv1b10034322t;;;1252-1272;0.0;;lat;domaine public;Bibliothèque nationale de France. Département des Manuscrits. Latin 16537;1252;13.0
btv1b8301029m;;;0701-0800;0.0;;;domaine public;Bibliothèque nationale de France. Département des Manuscrits. Pelliot chinois 5029 D 19;0701;8.0
btv1b9076875k;;;1250-1300;0.0;;lat;domaine public;Bibliothèque nationale de France. Département des Manuscrits. Latin 18081;1250;13.0
btv1b10722809z;;;1101-1200;0.0;;grc;domaine public;Bibliothèque nationale de France. Département des Manuscrits. Grec 2009;1101;12.0
btv1b9060828s;;;1301-1500;0.0;;fre;domaine public;Bibliothèque nationale de France. Département des Manuscrits. Français 9558;1301;14.0
btv1b100807714;;;1301-1800;0.0;;fre;domaine public;Bibliothèque nationale de France. Département des Manuscrits. Français 26553 (Pièces originales 69);1301;14.0
btv1b9059574h;;;1401-1500;0.0;;fre;domaine public;Bibliothèque nationale de France. Département des manuscrits. Français 2677;1401;15.0
btv1b10038442d;;;1201-1300;0.0;;lat;domaine public;Bibliothèque nationale de France. Département des manuscrits. Latin 143;1201;13.0
btv1b9007010v;;;1480-1483;0.0;;fre;domaine public;Bibliothèque nationale de France. Département des Manuscrits. Français 12;1480;15.0
btv1b8452183p;;;0801-0900;0.0;;fre;domaine public;Bibliothèques d'Amiens métropole. Ms. 172;0801;9.0
btv1b52525075t;;;1483;0.0;;fre;domaine public;Bibliothèque nationale de France. Département des Manuscrits. Français 1673;1483;15.0
btv1b90726621;;;1475-1500;0.0;;lat;domaine public;Bibliothèque nationale de France. Département des Manuscrits. Latin 16707;1475;15.0
btv1b525074544;;;1401-1500;0.0;;fre;domaine public;Bibliothèque nationale de France. Département des Manuscrits. Français 9610;1401;15.0
btv1b9058089x;;;1401-1500;0.0;;fre;domaine public;Bibliothèque nationale de France. Département des Manuscrits. Français 1688;1401;15.0
btv1b105110516;;;1245-1275;0.0;;lat;domaine public;Bibliothèque nationale de France. Département des Manuscrits. Latin 16375;1245;13.0
btv1b10034186b;;;1401-1500;0.0;;fre;domaine public;Bibliothèque nationale de France. Département des Manuscrits. Bourgogne 84;1401;15.0
btv1b10893503x;;;0701-0800;0.0;;chi;domaine public;Bibliothèque nationale de France. Département des Manuscrits. Pelliot chinois 5588 (5);0701;8.0
btv1b9066853q;;;1101-1200;0.0;;lat;domaine public;Bibliothèque nationale de France. Département des Manuscrits. Latin 11104;1101;12.0
btv1b10052842g;;;1000-1025;0.0;;lat;domaine public;Bibliothèque municipale de Rouen, Ms Y 6 fdeg 084 v (detail);1000;10.0
btv1b10560099n;;;1301-1400;0.0;;lat;domaine public;Bibliothèque municipale de Toulouse. Ms. 172;1301;14.0
btv1b9068420k;;;1458;0.0;;lat;domaine public;Bibliothèque nationale de France. Département des Manuscrits. Latin 6746;1458;15.0
btv1b10039007t;;;1401-1500;0.0;;lat;domaine public;Bibliothèque nationale de France. Département des Manuscrits. Latin 13839;1401;15.0
btv1b9078418s;;;0801-0900;0.0;;lat;domaine public;Bibliothèque nationale de France. Département des manuscrits. Latin 12045;0801;9.0
btv1b10020145j;;;1201-1300;0.0;;fre;domaine public;Bibliothèque nationale de France. Département des Manuscrits. Français 14969;1201;13.0
btv1b107212975;;;1395;0.0;;;domaine public;Bibliothèque nationale de France. Département des Manuscrits. Hébreu 351;1395;14.0
btv1b9068283d;;;1001-1100;0.0;;lat;domaine public;Bibliothèque nationale de France. Département des manuscrits. Latin 7962;1001;11.0
btv1b10097789v;;;0801-1000;0.0;;chi;domaine public;Bibliothèque nationale de France. Département des Manuscrits. Pelliot chinois 4569;0801;9.0
btv1b6000546d;;;0880-1025;0.0;;grc;domaine public;Bibliothèque nationale de France. Département des Manuscrits. Grec 216;0880;9.0
btv1b100353672;;;1401-1500;0.0;;lat;domaine public;Bibliothèque nationale de France. Département des Manuscrits. Latin 5820;1401;15.0
btv1b11004947g;;;1276-1325;0.0;;grc;domaine public;Bibliothèque nationale de France. Département des Manuscrits. Coislin 367;1276;13.0
btv1b90621888;;;1301-1400;0.0;;fre;domaine public;Bibliothèque nationale de France. Département des manuscrits. Français 19161;1301;14.0
btv1b8300352k;;;0701-0800;0.0;;;domaine public;Bibliothèque nationale de France. Département des Manuscrits. Pelliot chinois 5029 D 8;0701;8.0
btv1b8302644p;;;0801-0900;0.0;;chi;domaine public;Bibliothèque nationale de France. Département des Manuscrits. Pelliot chinois 3862;0801;9.0
btv1b100338354;;;1301-1400;0.0;;lat;domaine public;Bibliothèque nationale de France. Département des manuscrits. Latin 11847;1301;14.0
btv1b90765158;;;1201-1300;0.0;;lat;domaine public;Bibliothèque nationale de France. Département des Manuscrits. Latin 5505;1201;13.0
btv1b100353225;;;1401-1500;0.0;;lat;domaine public;Bibliothèque nationale de France. Département des Manuscrits. Latin 5553;1401;15.0
btv1b10878067d;;;1470;0.0;;lat;domaine public;Bibliothèque nationale de France. Département des Manuscrits. Latin 7142;1470;15.0
btv1b110045613;;;1201-1300;0.0;;grc;domaine public;Bibliothèque nationale de France. Département des Manuscrits. Coislin 12;1201;13.0
btv1b11003042g;;;1469;0.0;;ara;domaine public;Bibliothèque nationale de France. Département des manuscrits. Arabe 3545;1469;15.0
btv1b105452787;;;0986-1015;0.0;;lat;domaine public;Bibliothèque nationale de France. Département des Manuscrits. Latin 3852;0986;10.0
btv1b9057426g;;;1301-1400;0.0;;fre;domaine public;Bibliothèque nationale de France. Département des Manuscrits. Français 913;1301;14.0
btv1b52516483w;;;13120101-18121231;0.0;;lat;domaine public;Bibliothèque nationale de France. Département des Manuscrits. Chappée 17.2, 28;1312;14.0
btv1b52516665q;;;14090101-18001231;0.0;;lat;domaine public;Bibliothèque nationale de France. Département des Manuscrits. Chappée 17.3, 37;1409;15.0
btv1b10884595k;;;1401-1500;0.0;;ara;domaine public;Bibliothèque nationale de France. Département des Manuscrits. Arabe 4004;1401;15.0
btv1b10037105m;;;1301-1400;0.0;;lat;domaine public;Bibliothèque nationale de France. Département des Manuscrits. Latin 14566;1301;14.0
btv1b9068358p;;;0901-1000;0.0;;lat;domaine public;Bibliothèque nationale de France. Département des manuscrits. Latin 13044;0901;10.0
btv1b9072567r;;;1301-1400;0.0;;lat;domaine public;Bibliothèque nationale de France. Département des Manuscrits. Latin 14693;1301;14.0
btv1b525222995;;;0701-1000;0.0;;ine;domaine public;Bibliothèque nationale de France. Département des Manuscrits. Pelliot Koutchéen Nouvelle Série 1156;0701;8.0
btv1b10463239p;;;1201-1300;0.0;;lat;domaine public;Bibliothèque nationale de France. Département des Manuscrits. Latin 405;1201;13.0
btv1b52503826x;;;1301-1400;0.0;;lat;domaine public;Bibliothèque nationale de France. Département des Manuscrits. Latin 3264;1301;14.0
btv1b90073720;;;1401-1500;0.0;;fre;domaine public;Bibliothèque nationale de France. Département des manuscrits. Français 5634;1401;15.0
btv1b100376527;;;1476-1525;0.0;;grc;domaine public;Bibliothèque nationale de France. Département des Manuscrits. Coislin 180;1476;15.0
btv1b10722095v;;;1301-1400;0.0;;grc;domaine public;Bibliothèque nationale de France. Département des Manuscrits. Grec 993;1301;14.0
btv1b52518453b;;;14611120;0.0;;lat;domaine public;Bibliothèque nationale de France. Département des Manuscrits. NAL 2564;1461;15.0
btv1b105458488;;;1151-1175;0.0;;lat;domaine public;Bibliothèque nationale de France. Département des Manuscrits. Latin 14754;1151;12.0
btv1b10723535m;;;1265;0.0;;grc;domaine public;Bibliothèque nationale de France. Département des Manuscrits. Grec 1023;1265;13.0
btv1b10085982g;;;1401-1500;0.0;;dut;domaine public;Bibliothèque nationale de France. Département des Manuscrits. Néerlandais 129;1401;15.0
btv1b100979203;;;0701-0800;0.0;;;domaine public;Bibliothèque nationale de France. Département des Manuscrits. Pelliot chinois 4776;0701;8.0
btv1b10724218b;;;1201-1300;0.0;;grc;domaine public;Bibliothèque nationale de France. Département des Manuscrits. Grec 554;1201;13.0
btv1b10720371p;;;1401-1500;0.0;;heb;domaine public;Bibliothèque nationale de France. Département des manuscrits. Hébreu 444;1401;15.0
btv1b9081016p;;;1301-1400;0.0;;lat;domaine public;Bibliothèque nationale de France. Département des manuscrits. Latin 884;1301;14.0
btv1b9076593g;;;0951-1000;0.0;;lat;domaine public;Bibliothèque nationale de France. Département des Manuscrits. Latin 4210;0951;10.0
btv1b90637736;;;1401-1700;0.0;;fre;domaine public;Bibliothèque nationale de France. Département des Manuscrits. Français 15582;1401;15.0
btv1b10097221w;;;0901-1000;0.0;;chi;domaine public;Bibliothèque nationale de France. Département des Manuscrits. Pelliot chinois 3842;0901;10.0
btv1b9076618v;;;1301-1325;0.0;;lat;domaine public;Bibliothèque nationale de France. Département des manuscrits. Latin 15986;1301;14.0
btv1b9065953r;;;1301-1400;0.0;;lat;domaine public;Bibliothèque nationale de France. Département des Manuscrits. Latin 6443;1301;14.0
btv1b10035826v;;;1101-1200;0.0;;lat;domaine public;Bibliothèque nationale de France. Département des Manuscrits. Latin 8213;1101;12.0
btv1b52521574w;;;1457;0.0;;lat;domaine public;Bibliothèque nationale de France. Département des Manuscrits. Latin 6376;1457;15.0
btv1b8305835b;;;0801-1000;0.0;;chi;domaine public;Bibliothèque nationale de France. Département des Manuscrits. Pelliot chinois 5536;0801;9.0
btv1b52522502f;;;0701-1000;0.0;;ine;domaine public;Bibliothèque nationale de France. Département des Manuscrits. Pelliot Koutchéen Nouvelle Série 703;0701;8.0
btv1b11004199d;;;1001-1100;0.0;;grc;domaine public;Bibliothèque nationale de France. Département des Manuscrits. Supplément grec 210;1001;11.0
btv1b90069112;;;1401-1500;0.0;;fre;domaine public;Bibliothèque nationale de France. Département des Manuscrits. Français 6160;1401;15.0
btv1b10032824x;;;1175-1300;0.0;;lat;domaine public;Bibliothèque nationale de France. Département des Manuscrits. Latin 656;1175;12.0
btv1b10060499s;;;11310220;0.0;;lat;domaine public;Bibliothèque nationale de France. Département des Manuscrits. NAL 2567 (1);1131;12.0
btv1b10510997m;;;1225-1250;0.0;;lat;domaine public;Bibliothèque nationale de France. Département des Manuscrits. Latin 15719;1225;13.0
btv1b10076682c;;;1450-1500;0.0;;spa;domaine public;Bibliothèque nationale de France. Département des Manuscrits. Espagnol 231;1450;15.0
btv1b9059821d;;;1201-1300;0.0;;fre;domaine public;Bibliothèque nationale de France. Département des Manuscrits. Français 1579;1201;13.0
btv1b10097045r;;;0801-1000;0.0;;chi;domaine public;Bibliothèque nationale de France. Département des Manuscrits. Pelliot chinois 3960;0801;9.0
btv1b10050465f;;;1325;0.0;;;domaine public;Bibliothèque municipale de Rouen, Ms O 4 fdeg 369v detail;1325;14.0
btv1b9068090v;;;1151-1200;0.0;;lat;domaine public;Bibliothèque nationale de France. Département des Manuscrits. Latin 130;1151;12.0
btv1b10033135g;;;1401-1500;0.0;;lat;domaine public;Bibliothèque nationale de France. Département des manuscrits. Latin 7577;1401;15.0
btv1b52515972k;;;1301-1400;0.0;;lat;domaine public;Bibliothèque nationale de France. Département des Manuscrits. Latin 7254;1301;14.0
btv1b10722975f;;;1201-1300;0.0;;grc;domaine public;Bibliothèque nationale de France. Département des Manuscrits. Grec 726;1201;13.0
btv1b8300914z;;;0801-0900;0.0;;chi;domaine public;Bibliothèque nationale de France. Département des Manuscrits. Pelliot chinois 3963;0801;9.0
btv1b525134347;;;1398;0.0;;syr;domaine public;Bibliothèque nationale de France. Département des Manuscrits. Syriaque 47;1398;14.0
btv1b10034522k;;;1401-1500;0.0;;lat;domaine public;Bibliothèque nationale de France. Département des manuscrits. Latin 7260;1401;15.0
btv1b9066499b;;;1301-1500;0.0;;lat;domaine public;Bibliothèque nationale de France. Département des Manuscrits. Latin 7377B;1301;14.0
btv1b9078177m;;;1279-1300;0.0;;lat;domaine public;Bibliothèque nationale de France. Département des Manuscrits. Latin 18428;1279;13.0
btv1b107228411;;;1424;0.0;;grc;domaine public;Bibliothèque nationale de France. Département des Manuscrits. Grec 2575;1424;15.0
btv1b525141743;;;1301-1500;0.0;;lat;domaine public;Bibliothèque nationale de France. Département des Manuscrits. NAL 595;1301;14.0
btv1b10722987r;;;1450-1550;0.0;;grc;domaine public;Bibliothèque nationale de France. Département des Manuscrits. Grec 2866;1450;15.0
btv1b83016859;;;0501-0600;0.0;;chi;domaine public;Bibliothèque nationale de France. Département des Manuscrits. Pelliot chinois 5589 (12);0501;6.0
btv1b10020317z;;;1401-1500;0.0;;ita;domaine public;Bibliothèque nationale de France. Département des Manuscrits. italien 545;1401;15.0
btv1b90778324;;;1422-1460;0.0;;lat;domaine public;Bibliothèque nationale de France. Département des manuscrits. Latin 17659;1422;15.0
btv1b10722123f;;;1201-1300;0.0;;grc;domaine public;Bibliothèque nationale de France. Département des Manuscrits. Grec 194;1201;13.0
btv1b11000131z;;;1301-1400;0.0;;grc;domaine public;Bibliothèque nationale de France. Département des Manuscrits. Coislin 295;1301;14.0
btv1b9059209w;;;1401-1500;0.0;;fre;domaine public;Bibliothèque nationale de France. Département des Manuscrits. Français 1499;1401;15.0
btv1b10539529t;;;1001-1050;0.0;;lat;domaine public;Bibliothèque nationale de France. Département des Manuscrits. Latin 821;1001;11.0
btv1b90665187;;;1301-1400;0.0;;lat;domaine public;Bibliothèque nationale de France. Département des Manuscrits. Latin 6506;1301;14.0
btv1b10868338f;;;1480-1490;0.0;;lat;domaine public;Bibliothèque nationale de France. Département des Manuscrits. Latin 9545;1480;15.0
btv1b525249893;;;1220;0.0;;fre;domaine public;Bibliothèque nationale de France. Département des Manuscrits. Mélanges de Colbert 378 (491);1220;13.0
btv1b105600037;;;1220-1270;0.0;;lat;domaine public;Bibliothèque municipale de Toulouse. Ms. 8;1220;13.0
btv1b107204462;;;1401-1600;0.0;;heb;domaine public;Bibliothèque nationale de France. Département des manuscrits. Hébreu 436;1401;15.0
btv1b10073868z;;;0801-0900;0.0;;lat;domaine public;Bibliothèque nationale de France. Département des Manuscrits. Latin 2777;0801;9.0
btv1b83027478;;;0801-1000;0.0;;chi;domaine public;Bibliothèque nationale de France. Département des Manuscrits. Pelliot chinois 4574;0801;9.0
btv1b10035206r;;;1301-1400;0.0;;lat;domaine public;Bibliothèque nationale de France. Département des manuscrits. Latin 10206;1301;14.0
btv1b100975374;;;0801-1000;0.0;;chi;domaine public;Bibliothèque nationale de France. Département des Manuscrits. Pelliot chinois 3871 (+ 2980 + 2549);0801;9.0
btv1b52525928h;;;1201-1300;0.0;;fre;domaine public;Bibliothèque nationale de France. Département des Manuscrits. Français 13565;1201;13.0
btv1b9001157r;;;1401-1800;0.0;;fre;domaine public;Bibliothèque nationale de France. Département des Manuscrits. Clairambault 1183;1401;15.0
btv1b9068462x;;;1201-1300;0.0;;lat;domaine public;Bibliothèque nationale de France. Département des Manuscrits. Latin 5345;1201;13.0
btv1b10087224x;;;1196;0.0;;cop;domaine public;Bibliothèque nationale de France. Département des Manuscrits. Copte 16;1196;12.0
btv1b10033160g;;;1201-1400;0.0;;lat;domaine public;Bibliothèque nationale de France. Département des Manuscrits. Latin 11721;1201;13.0
btv1b8301192q;;;0801-1000;0.0;;chi;domaine public;Bibliothèque nationale de France. Département des Manuscrits. Pelliot chinois 4879;0801;9.0
btv1b105467771;;;0901-1000;0.0;;lat;domaine public;Bibliothèque nationale de France. Département des Manuscrits. Latin 2685;0901;10.0
btv1b84267976;;;1401-1500;0.0;;ita;domaine public;Bibliothèque nationale de France. Département des Manuscrits. italien 122;1401;15.0
btv1b9068407q;;;0901-1000;0.0;;lat;domaine public;Bibliothèque nationale de France. Département des Manuscrits. Latin 7383;0901;10.0
btv1b10076191f;;;0850-0900;0.0;;lat;domaine public;Bibliothèque nationale de France. Département des Manuscrits. Latin 7540;0850;9.0
btv1b110009026;;;1431;0.0;;ara;domaine public;Bibliothèque nationale de France. Département des manuscrits. Arabe 1709;1431;15.0
btv1b105157445;;;1201-1300;0.0;;lat;domaine public;Bibliothèque nationale de France. Département des Manuscrits. Latin 10526;1201;13.0
btv1b9067029m;;;1401-1500;0.0;;lat;domaine public;Bibliothèque nationale de France. Département des manuscrits. Latin 9767;1401;15.0
btv1b8490152m;;;1380-1402;0.0;;fre;domaine public;Bibliothèque nationale de France. Département des Manuscrits. Français 373;1380;14.0
btv1b100974888;;;0801-1000;0.0;;chi;domaine public;Bibliothèque nationale de France. Département des Manuscrits. Pelliot chinois 3647;0801;9.0
btv1b9076800v;;;1225-1250;0.0;;lat;domaine public;Bibliothèque nationale de France. Département des Manuscrits. Latin 15323;1225;13.0
btv1b9078330w;;;1401-1500;0.0;;lat;domaine public;Bibliothèque nationale de France. Département des Manuscrits. Latin 4164;1401;15.0
btv1b52000951w;;;1401-1500;0.0;;fre;domaine public;Bibliothèque nationale de France. Département des manuscrits. Français 2013;1401;15.0
btv1b53232981j;;;1384;0.0;;ara;domaine public;Bibliothèque nationale de France. Département des Manuscrits. Arabe 2431;1384;14.0
btv1b10866593r;;;1301-1400;0.0;;lat;domaine public;Bibliothèque nationale de France. Département des Manuscrits. Latin 461;1301;14.0
btv1b10097372s;;;0701-0800;0.0;;chi;domaine public;Bibliothèque nationale de France. Département des Manuscrits. Pelliot chinois 4666;0701;8.0
btv1b10884865g;;;1451;0.0;;ara;domaine public;Bibliothèque nationale de France. Département des Manuscrits. Arabe 4571;1451;15.0
btv1b10080783f;;;1301-1800;0.0;;fre;domaine public;Bibliothèque nationale de France. Département des Manuscrits. Français 26987 (Pièces originales 503);1301;14.0
btv1b10084206z;;;1470;0.0;;fre;domaine public;Bibliothèque nationale de France. Département des Manuscrits. Français 112;1470;15.0
btv1b11001195k;;;13450505;0.0;;ara;domaine public;Bibliothèque nationale de France. Département des Manuscrits. Arabe 1296;1345;14.0
btv1b10557292c;;;1201-1300;0.0;;fre;domaine public;Bibliothèque municipale de Nancy. Ms. 279;1201;13.0
btv1b100819304;;;1301-1800;0.0;;fre;domaine public;Bibliothèque nationale de France. Département des Manuscrits. Français 27750 (Pièces originales 1266);1301;14.0
btv1b10036442q;;;1201-1300;0.0;;lat;domaine public;Bibliothèque nationale de France. Département des Manuscrits. Latin 9422;1201;13.0
btv1b8302784j;;;0701-0800;0.0;;chi;domaine public;Bibliothèque nationale de France. Département des Manuscrits. Pelliot chinois 3658;0701;8.0
btv1b90725685;;;1201-1225;0.0;;lat;domaine public;Bibliothèque nationale de France. Département des Manuscrits. Latin 14232;1201;13.0
btv1b11002812x;;;1401-1500;0.0;;ara;domaine public;Bibliothèque nationale de France. Département des manuscrits. Arabe 3330;1401;15.0
btv1b10097266s;;;0801-0900;0.0;;;domaine public;Bibliothèque nationale de France. Département des Manuscrits. Pelliot Chinois 5579 (1-19);0801;9.0
btv1b10884511g;;;1201-1300;0.0;;ara;domaine public;Bibliothèque nationale de France. Département des Manuscrits. Arabe 170;1201;13.0
btv1b9066136s;;;0801-0900;0.0;;lat;domaine public;Bibliothèque nationale de France. Département des Manuscrits. Latin 11999;0801;9.0
btv1b10885349w;;;1401-1500;0.0;;fre;domaine public;Bibliothèque nationale de France. Département des Manuscrits. Français 9430;1401;15.0
btv1b54100317d;;;1301-1800;0.0;;fre;domaine public;Bibliothèque nationale de France. Département des Manuscrits. Pièces originales 138 (2780);1301;14.0
btv1b9078321x;;;0901-1000;0.0;;lat;domaine public;Bibliothèque nationale de France. Département des manuscrits. Latin 7400B;0901;10.0
btv1b10663414x;;;1325-1375;0.0;;lat;domaine public;Bibliothèque municipale de Grenoble. Ms. 418 Rés.;1325;14.0
btv1b100325418;;;1301-1400;0.0;;lat;domaine public;Bibliothèque nationale de France. Département des manuscrits. Latin 6431;1301;14.0
btv1b11004476c;;;1401-1500;0.0;;grc;domaine public;Bibliothèque nationale de France. Département des Manuscrits. Supplément grec 1327;1401;15.0
btv1b8553005p;;;1001-1200;0.0;;lat;domaine public;Bibliothèque nationale de France. Département des Manuscrits. Latin 7;1001;11.0
btv1b10464231f;;;1401-1500;0.0;;lat;domaine public;Bibliothèque nationale de France. Département des Manuscrits. Latin 5865;1401;15.0
btv1b100926118;;;1475-1495;0.0;;per;domaine public;Bibliothèque nationale de France. Département des Manuscrits. Supplément Persan 2051;1475;15.0
btv1b100740381;;;1400-1420;0.0;;lat;domaine public;Bibliothèque nationale de France. Département des Manuscrits. Latin 961 (2);1400;14.0
btv1b52505619s;;;1301-1700;0.0;;lat;domaine public;Bibliothèque nationale de France. Département des Manuscrits. NAL 2011;1301;14.0
btv1b10038427t;;;1301-1400;0.0;;lat;domaine public;Bibliothèque nationale de France. Département des Manuscrits. Latin 4473;1301;14.0
btv1b90777514;;;1301-1400;0.0;;lat;domaine public;Bibliothèque nationale de France. Département des Manuscrits. Latin 4311;1301;14.0
btv1b90011192;;;1319;0.0;;fre;domaine public;Bibliothèque nationale de France. Département des Manuscrits. Duchesne 107;1319;14.0
btv1b90668811;;;0801-0900;0.0;;lat;domaine public;Bibliothèque nationale de France. Département des Manuscrits. Latin 4758;0801;9.0
btv1b10038643m;;;1401-1500;0.0;;lat;domaine public;Bibliothèque nationale de France. Département des Manuscrits. Latin 7942;1401;15.0
btv1b10034976z;;;1201-1700;0.0;;fre;domaine public;Bibliothèque nationale de France. Département des Manuscrits. Périgord 79;1201;13.0
btv1b525105601;;;1401-1500;0.0;;fre;domaine public;Bibliothèque nationale de France. Département des manuscrits. Français 8259;1401;15.0
btv1b10097761f;;;0701-0900;0.0;;chi;domaine public;Bibliothèque nationale de France. Département des Manuscrits. Pelliot chinois 4540;0701;8.0
btv1b9067804j;;;1201-1225;0.0;;lat;domaine public;Bibliothèque nationale de France. Département des Manuscrits. Latin 2867;1201;13.0
btv1b9007371k;;;1402;0.0;;fre;domaine public;Bibliothèque nationale de France. Département des Manuscrits. Français 5635;1402;15.0
btv1b100980006;;;0601-0700;0.0;;chi;domaine public;Bibliothèque nationale de France. Département des Manuscrits. Pelliot chinois 4874;0601;7.0
btv1b90669109;;;1001-1100;0.0;;lat;domaine public;Bibliothèque nationale de France. Département des Manuscrits. Latin 820;1001;11.0
btv1b85397077;;;1460-1470;0.0;;fre;domaine public;Bibliothèque nationale de France. Département des Manuscrits. Français 1813;1460;15.0
btv1b9009570g;;;1401-1500;0.0;;fre;domaine public;Bibliothèque nationale de France. Département des Manuscrits. Français 278;1401;15.0
btv1b11004812m;;;1301-1400;0.0;;grc;domaine public;Bibliothèque nationale de France. Département des Manuscrits. Grec 2876;1301;14.0
btv1b10507219n;;;1250-1300;0.0;;grc;domaine public;Bibliothèque nationale de France. Département des Manuscrits. Grec 1810;1250;13.0
btv1b10035339q;;;1301-1400;0.0;;lat;domaine public;Bibliothèque nationale de France. Département des Manuscrits. Latin 4484;1301;14.0
btv1b10723413h;;;0801-0900;0.0;;grc;domaine public;Bibliothèque nationale de France. Département des Manuscrits. Grec 766;0801;9.0
btv1b10721235s;;;1401-1800;0.0;;fre;domaine public;Bibliothèque nationale de France. Département des Manuscrits. Français 17046;1401;15.0
btv1b10542076j;;;1101-1150;0.0;;lat;domaine public;Bibliothèque nationale de France. Département des Manuscrits. Latin 2621;1101;12.0
btv1b9078366h;;;1001-1100;0.0;;lat;domaine public;Bibliothèque nationale de France. Département des Manuscrits. Latin 6620;1001;11.0
btv1b10080096j;;;1301-1800;0.0;;fre;domaine public;Bibliothèque nationale de France. Département des Manuscrits. Français 26671 (Pièces originales 187);1301;14.0
btv1b52527827c;;;1301-1400;0.0;;;domaine public;Bibliothèque nationale de France. Département des Manuscrits. Italien 1668;1301;14.0
btv1b90581119;;;1401-1500;0.0;;fre;domaine public;Bibliothèque nationale de France. Département des Manuscrits. Français 1439;1401;15.0
btv1b10032515t;;;1432;0.0;;ita;domaine public;Bibliothèque nationale de France. Département des Manuscrits. italien 118;1432;15.0
btv1b90619983;;;1401-1700;0.0;;fre;domaine public;Bibliothèque nationale de France. Département des Manuscrits. Français 15555;1401;15.0
btv1b84704434;;;1401-1500;0.0;;grc;domaine public;Bibliothèque nationale de France. Département des Manuscrits. Grec 2795;1401;15.0
btv1b9076684v;;;0801-0900;0.0;;lat;domaine public;Bibliothèque nationale de France. Département des Manuscrits. Latin 9569;0801;9.0
btv1b10084066p;;;1301-1400;0.0;;lat;domaine public;Bibliothèque nationale de France. Département des Manuscrits. NAL 1476;1301;14.0
btv1b105546615;;;1401-1500;0.0;;;domaine public;Montpellier Méditerranée Métropole - Médiathèque centrale Emile Zola. MS0024-02;1401;15.0
btv1b11002462g;;;1401-1500;0.0;;ara;domaine public;Bibliothèque nationale de France. Département des manuscrits. Arabe 3023;1401;15.0
btv1b9007601z;;;1401-1500;0.0;;fre;domaine public;Bibliothèque nationale de France. Département des Manuscrits. Français 825;1401;15.0
btv1b110013458;;;1401-1600;0.0;;ara;domaine public;Bibliothèque nationale de France. Département des Manuscrits. Arabe 970;1401;15.0
btv1b110034153;;;1401-1500;0.0;;ara;domaine public;Bibliothèque nationale de France. Département des Manuscrits. Arabe 4004;1401;15.0
btv1b8594611w;;;1001-1100;0.0;;grc;domaine public;Bibliothèque nationale de France. Département des Manuscrits. Supplément grec 663;1001;11.0
btv1b6000962w;;;1000-1010;0.0;;lat;domaine public;Bibliothèque nationale de France. Département des Manuscrits. Latin 15176;1000;10.0
btv1b100390800;;;1314-1600;0.0;;ita;domaine public;Bibliothèque nationale de France. Département des Manuscrits. italien 2251;1314;14.0
btv1b100975179;;;0901-1000;0.0;;chi;domaine public;Bibliothèque nationale de France. Département des Manuscrits. Pelliot chinois 3757;0901;10.0
btv1b10464100c;;;1201-1225;0.0;;lat;domaine public;Bibliothèque nationale de France. Département des Manuscrits. Latin 2867;1201;13.0
btv1b10723916r;;;1101-1200;0.0;;grc;domaine public;Bibliothèque nationale de France. Département des Manuscrits. Grec 927;1101;12.0
btv1b10037092m;;;1475-1500;0.0;;lat;domaine public;Bibliothèque nationale de France. Département des Manuscrits. Latin 3265A;1475;15.0
btv1b100361001;;;1401-1500;0.0;;lat;domaine public;Bibliothèque nationale de France. Département des Manuscrits. Latin 9323;1401;15.0
btv1b9066835s;;;0801-0900;0.0;;lat;domaine public;Bibliothèque nationale de France. Département des Manuscrits. Latin 12261;0801;9.0
btv1b10722599j;;;1430-1470;0.0;;grc;domaine public;Bibliothèque nationale de France. Département des Manuscrits. Grec 2680;1430;15.0
btv1b90666249;;;1250-1275;0.0;;lat;domaine public;Bibliothèque nationale de France. Département des Manuscrits. Latin 17491;1250;13.0
btv1b11000045s;;;1301-1400;0.0;;grc;domaine public;Bibliothèque nationale de France. Département des Manuscrits. Grec 385;1301;14.0
btv1b100808541;;;1301-1800;0.0;;fre;domaine public;Bibliothèque nationale de France. Département des Manuscrits. Français 28549 (Pièces originales 2065);1301;14.0
btv1b10036881f;;;1401-1500;0.0;;lat;domaine public;Bibliothèque nationale de France. Département des Manuscrits. Latin 5156A;1401;15.0
btv1b525073109;;;1301-1400;0.0;;fre;domaine public;Bibliothèque nationale de France. Département des Manuscrits. Français 855;1301;14.0
btv1b8300973t;;;0801-1000;0.0;;chi;domaine public;Bibliothèque nationale de France. Département des Manuscrits. Pelliot chinois 4041;0801;9.0
btv1b9066019x;;;1401-1500;0.0;;lat;domaine public;Bibliothèque nationale de France. Département des Manuscrits. Latin 6501A;1401;15.0
btv1b52511108z;;;1301-1400;0.0;;lat;domaine public;Bibliothèque nationale de France. Département des Manuscrits. Latin 7248;1301;14.0
btv1b6000238t;;;1302-1310;0.0;;lat;domaine public;Bibliothèque nationale de France. Département des Manuscrits. Latin 10286;1302;14.0
btv1b8448968b;;;1401-1405;0.0;;fre;domaine public;Bibliothèque nationale de France. Département des Manuscrits. Français 1740;1401;15.0
btv1b8302736g;;;0601-0900;0.0;;chi;domaine public;Bibliothèque nationale de France. Département des Manuscrits. Pelliot chinois 3696 (1);0601;7.0
btv1b90782435;;;0775-0825;0.0;;lat;domaine public;Bibliothèque nationale de France. Département des Manuscrits. Latin 3848B;0775;8.0
btv1b10663430z;;;1401-1500;0.0;;lat;domaine public;Bibliothèque municipale de Grenoble. Ms. 1005 Rés.;1401;15.0
btv1b10723362r;;;1401-1500;0.0;;grc;domaine public;Bibliothèque nationale de France. Département des Manuscrits. Grec 2194;1401;15.0
btv1b108668198;;;0801-0900;0.0;;lat;domaine public;Bibliothèque nationale de France. Département des Manuscrits. Latin 12237;0801;9.0
btv1b105495099;;;1401-1500;0.0;;heb;domaine public;Bibliothèque nationale de France. Département des Manuscrits. Hébreu 1050;1401;15.0
btv1b10039090d;;;0901-1000;0.0;;lat;domaine public;Bibliothèque nationale de France. Département des manuscrits. Latin 12189;0901;10.0
btv1b10032326x;;;0801-0900;0.0;;lat;domaine public;Bibliothèque nationale de France. Département des manuscrits. Latin 9544;0801;9.0
btv1b10509055f;;;1301-1400;0.0;;fre;domaine public;Bibliothèque nationale de France. Département des Manuscrits. Français 9760;1301;14.0
btv1b105494109;;;1452;0.0;;heb;domaine public;Bibliothèque nationale de France. Département des Manuscrits. Hébreu 363;1452;15.0
btv1b100327305;;;1401-1500;0.0;;lat;domaine public;Bibliothèque nationale de France. Département des Manuscrits. Latin 17351;1401;15.0
btv1b10548534z;;;1101-1200;0.0;;lat;domaine public;Bibliothèque nationale de France. Département des Manuscrits. Latin 14138;1101;12.0
btv1b10866939g;;;1400-1500;0.0;;lat;domaine public;Bibliothèque nationale de France. Département des Manuscrits. Latin 7804;1400;14.0
btv1b52503303v;;;1201-1300;0.0;;lat;domaine public;Bibliothèque nationale de France. Département des Manuscrits. NAL 938;1201;13.0
btv1b9065836w;;;1401-1500;0.0;;lat;domaine public;Bibliothèque nationale de France. Département des manuscrits. Latin 11268;1401;15.0
btv1b10036891v;;;1462;0.0;;lat;domaine public;Bibliothèque nationale de France. Département des Manuscrits. Latin 5422;1462;15.0
btv1b10036214m;;;1101-1200;0.0;;lat;domaine public;Bibliothèque nationale de France. Département des manuscrits. Latin 15313;1101;12.0
btv1b90665313;;;1301-1400;0.0;;lat;domaine public;Bibliothèque nationale de France. Département des Manuscrits. Latin 6417;1301;14.0
btv1b100392672;;;1101-1200;0.0;;lat;domaine public;Bibliothèque nationale de France. Département des Manuscrits. Latin 15314;1101;12.0
btv1b52505220n;;;1401-1500;0.0;;;domaine public;Bibliothèque nationale de France Département des Manuscrits. Ethiopien 136;1401;15.0
btv1b9072474j;;;1046-1055;0.0;;lat;domaine public;Bibliothèque nationale de France. Département des Manuscrits. Latin 777;1046;11.0
btv1b10721949n;;;1301-1400;0.0;;grc;domaine public;Bibliothèque nationale de France. Département des Manuscrits. Grec 192;1301;14.0
btv1b100343579;;;1301-1400;0.0;;lat;domaine public;Bibliothèque nationale de France. Département des Manuscrits. Latin 7698;1301;14.0
btv1b100380618;;;1001-1100;0.0;;grc;domaine public;Bibliothèque nationale de France. Département des Manuscrits. Coislin 360;1001;11.0
btv1b10073554m;;;0901-1000;0.0;;lat;domaine public;Bibliothèque nationale de France. Département des Manuscrits. Latin 3879;0901;10.0
btv1b100735535;;;1101-1300;0.0;;lat;domaine public;Bibliothèque nationale de France. Département des Manuscrits. Latin 1233;1101;12.0
btv1b9061967j;;;1301-1400;0.0;;fre;domaine public;Bibliothèque nationale de France. Département des Manuscrits. Français 19090;1301;14.0
btv1b9059312q;;;1301-1325;0.0;;fre;domaine public;Bibliothèque nationale de France. Département des Manuscrits. Français 1116;1301;14.0
btv1b10084109x;;;1101-1200;0.0;;lat;domaine public;Bibliothèque nationale de France. Département des Manuscrits. Latin 15198;1101;12.0
btv1b100371297;;;1125-1150;0.0;;lat;domaine public;Bibliothèque nationale de France. Département des Manuscrits. Latin 16854;1125;12.0
btv1b11001418r;;;1487;0.0;;ara;domaine public;Bibliothèque nationale de France. Département des Manuscrits. Arabe 1105;1487;15.0
btv1b55005731r;;;1401-1500;0.0;;lat;domaine public;Bibliothèque nationale de France. Bibliothèque de l'Arsenal. Ms-641 réserve;1401;15.0
btv1b110043224;;;1401-1500;0.0;;ara;domaine public;Bibliothèque nationale de France. Département des Manuscrits. Arabe 614;1401;15.0
btv1b8300576p;;;0801-1000;0.0;;chi;domaine public;Bibliothèque nationale de France. Département des Manuscrits. Pelliot chinois 4752;0801;9.0
btv1b10097879t;;;0501-0700;0.0;;chi;domaine public;Bibliothèque nationale de France. Département des Manuscrits. Pelliot chinois 4713;0501;6.0
btv1b10884809s;;;1001-1050;0.0;;lat;domaine public;Bibliothèque nationale de France. Département des Manuscrits. NAL 586;1001;11.0
btv1b9067254c;;;1301-1325;0.0;;lat;domaine public;Bibliothèque nationale de France. Département des manuscrits. Latin 15385;1301;14.0
btv1b11000851f;;;1424;0.0;;ara;domaine public;Bibliothèque nationale de France. Département des Manuscrits. Arabe 1652;1424;15.0
btv1b10082075z;;;1401-1500;0.0;;fre;domaine public;Bibliothèque nationale de France. Département des Manuscrits. NAF 11649;1401;15.0
btv1b100342551;;;0901-1000;0.0;;lat;domaine public;Bibliothèque nationale de France. Département des Manuscrits. Latin 9629;0901;10.0
btv1b10037135v;;;0950-1050;0.0;;lat;domaine public;Bibliothèque nationale de France. Département des Manuscrits. Latin 17385;0950;10.0
btv1b9072604k;;;1201-1225;0.0;;lat;domaine public;Bibliothèque nationale de France. Département des manuscrits. Latin 14775;1201;13.0
btv1b10030767v;;;1469-1470;0.0;;ara;domaine public;Bibliothèque nationale de France. Département des manuscrits. Arabe 5052;1469;15.0
btv1b84528247;;;1468-1477;0.0;;fre;domaine public;Bibliothèque nationale de France. Département des Manuscrits. NAF 28650;1468;15.0
btv1b10091513f;;;1389;0.0;;ara;domaine public;Bibliothèque nationale de France. Département des Manuscrits. Copte 44;1389;14.0
btv1b10507992g;;;1492;0.0;;kor;domaine public;Bibliothèque nationale de France. Département des Manuscrits. Coréen 9;1492;15.0
btv1b52517017m;;;1401-1500;0.0;;lat;domaine public;Bibliothèque nationale de France. Département des Manuscrits. Latin 1499;1401;15.0
btv1b100980186;;;0801-0900;0.0;;chi;domaine public;Bibliothèque nationale de France. Département des Manuscrits. Pelliot chinois 4900 (2);0801;9.0
btv1b9002759z;;;1298;0.0;;heb;domaine public;Bibliothèque nationale de France. Département des Manuscrits. Hébreu 6;1298;13.0
btv1b100322933;;;1245;0.0;;lat;domaine public;Bibliothèque nationale de France. Département des Manuscrits. Latin 8989;1245;13.0
btv1b90769377;;;1401-1500;0.0;;lat;domaine public;Bibliothèque nationale de France. Département des manuscrits. Latin 6860;1401;15.0
btv1b90679252;;;1401-1500;0.0;;lat;domaine public;Bibliothèque nationale de France. Département des Manuscrits. Latin 7190;1401;15.0
btv1b90777655;;;1101-1200;0.0;;lat;domaine public;Bibliothèque nationale de France. Département des Manuscrits. Latin 5057;1101;12.0
btv1b90670716;;;1301-1400;0.0;;lat;domaine public;Bibliothèque nationale de France. Département des manuscrits. Latin 6443D;1301;14.0
btv1b90661287;;;1201-1300;0.0;;lat;domaine public;Bibliothèque nationale de France. Département des Manuscrits. Latin 14923;1201;13.0
btv1b10723913d;;;0901-1000;0.0;;grc;domaine public;Bibliothèque nationale de France. Département des Manuscrits. Grec 598;0901;10.0
btv1b85297054;;;1101-1200;0.0;;lat;domaine public;Bibliothèque nationale de France. Département des Manuscrits. Latin 1938;1101;12.0
btv1b52516716g;;;14090101-18001231;0.0;;lat;domaine public;Bibliothèque nationale de France. Département des Manuscrits. Chappée 17.3, 83;1409;15.0
btv1b525160801;;;14760101-17721231;0.0;;lat;domaine public;Bibliothèque nationale de France. Département des Manuscrits. Chappée 15, 72;1476;15.0
btv1b10025364d;;;1301-1400;0.0;;fre;domaine public;Bibliothèque nationale de France. Département des Manuscrits. Français 613;1301;14.0
btv1b90724697;;;1001-1100;0.0;;lat;domaine public;Bibliothèque nationale de France. Département des Manuscrits. Latin 5872;1001;11.0
btv1b9000250w;;;1101-1700;0.0;;fre;domaine public;Bibliothèque nationale de France. Département des Manuscrits. Clairambault 105;1101;12.0
btv1b525185992;;;1301-1400;0.0;;lat;domaine public;Bibliothèque nationale de France. Département des Manuscrits. Latin 14591;1301;14.0
btv1b8300322f;;;0701-0900;0.0;;chi;domaine public;Bibliothèque nationale de France. Département des Manuscrits. Pelliot chinois 5023 C;0701;8.0
btv1b9077768d;;;1401-1500;0.0;;lat;domaine public;Bibliothèque nationale de France. Département des Manuscrits. Latin 4985;1401;15.0
btv1b9007509x;;;1301-1800;0.0;;fre;domaine public;Bibliothèque nationale de France. Département des Manuscrits. Français 15529;1301;14.0
btv1b52516068s;;;14760101-17721231;0.0;;lat;domaine public;Bibliothèque nationale de France. Département des Manuscrits. Chappée 15, 60;1476;15.0
btv1b10515898d;;;1401-1500;0.0;;lat;domaine public;Bibliothèque nationale de France. Département des Manuscrits. Latin 7444;1401;15.0
btv1b10464752m;;;0969-0999;0.0;;lat;domaine public;Bibliothèque nationale de France. Département des Manuscrits. Latin 9390;0969;10.0
btv1b10097750k;;;0801-0900;0.0;;chi;domaine public;Bibliothèque nationale de France. Département des Manuscrits. Pelliot chinois 4528;0801;9.0
btv1b10544584n;;;1401-1500;0.0;;heb;domaine public;Bibliothèque nationale de France. Département des Manuscrits. Hébreu 748;1401;15.0
btv1b10099064t;;;0801-0900;0.0;;;domaine public;Bibliothèque nationale de France. Département des Manuscrits. Pelliot tibétain 81;0801;9.0
btv1b11001066d;;;1101-1200;0.0;;ara;domaine public;Bibliothèque nationale de France. Département des Manuscrits. Arabe 1252;1101;12.0
btv1b10091185q;;;0894;0.0;;syr;domaine public;Bibliothèque nationale de France. Département des Manuscrits. Syriaque 342;0894;9.0
btv1b10035781q;;;1401-1500;0.0;;lat;domaine public;Bibliothèque nationale de France. Département des Manuscrits. Latin 5771;1401;15.0
btv1b8528593q;;;1201-1300;0.0;;grc;domaine public;Bibliothèque nationale de France. Département des Manuscrits. Supplément grec 1232;1201;13.0
btv1b100333300;;;1301-1400;0.0;;lat;domaine public;Bibliothèque nationale de France. Département des Manuscrits. Latin 6367;1301;14.0
btv1b8447184c;;;1401-1410;0.0;;fre;domaine public;Bibliothèque nationale de France. Département des Manuscrits. Français 10153;1401;15.0
btv1b90725544;;;1201-1300;0.0;;lat;domaine public;Bibliothèque nationale de France. Département des manuscrits. Latin 14774;1201;13.0
btv1b10722592d;;;1401-1500;0.0;;grc;domaine public;Bibliothèque nationale de France. Département des Manuscrits. Grec 2071;1401;15.0
btv1b104641369;;;1425-1475;0.0;;lat;domaine public;Bibliothèque nationale de France. Département des Manuscrits. Latin 3362;1425;15.0
btv1b8452546s;;;0820-0840;0.0;;lat;domaine public;Bibliothèque nationale de France. Département des Manuscrits. Latin 45;0820;9.0
btv1b52515027b;;;1401-1500;0.0;;fre;domaine public;Bibliothèque nationale de France. Département des Manuscrits. NAF 1443;1401;15.0
btv1b11001628x;;;1455;0.0;;ara;domaine public;Bibliothèque nationale de France. Département des manuscrits. Arabe 2098;1455;15.0
btv1b10722259r;;;1401-1500;0.0;;grc;domaine public;Bibliothèque nationale de France. Département des Manuscrits. Grec 2026;1401;15.0
btv1b9063246k;;;1401-1500;0.0;;fre;domaine public;Bibliothèque nationale de France. Département des manuscrits. Français 23281;1401;15.0
btv1b100965298;;;0801-0900;0.0;;chi;domaine public;Bibliothèque nationale de France. Département des Manuscrits. Pelliot chinois 3717;0801;9.0
btv1b9072587h;;;1201-1250;0.0;;lat;domaine public;Bibliothèque nationale de France. Département des manuscrits. Latin 11552;1201;13.0
btv1b10532598v;;;1469-1473;0.0;;fre;domaine public;Bibliothèque nationale de France. Département des Manuscrits. Français 18;1469;15.0
btv1b52516903g;;;1301-1400;0.0;;lat;domaine public;Bibliothèque nationale de France. Département des Manuscrits. Latin 6323A;1301;14.0
btv1b100735391;;;1401-1500;0.0;;lat;domaine public;Bibliothèque nationale de France. Département des Manuscrits. Latin 3855;1401;15.0
btv1b10081177w;;;1301-1800;0.0;;fre;domaine public;Bibliothèque nationale de France. Département des Manuscrits. Français 28971 (Pièces originales 2487);1301;14.0
btv1b83002290;;;0901-1000;0.0;;chi;domaine public;Bibliothèque nationale de France. Département des Manuscrits. Pelliot chinois 3904;0901;10.0
btv1b107216465;;;1050-1150;0.0;;grc;domaine public;Bibliothèque nationale de France. Département des Manuscrits. Grec 153;1050;11.0
btv1b100978054;;;0801-0900;0.0;;chi;domaine public;Bibliothèque nationale de France. Département des Manuscrits. Pelliot chinois 4590;0801;9.0
btv1b53277585s;;;1301-1325;0.0;;lat;domaine public;Bibliothèque nationale de France. Département des Manuscrits. Latin 15421;1301;14.0
btv1b10086092t;;;0901-1000;0.0;;grc;domaine public;Bibliothèque nationale de France. Département des Manuscrits. Grec 1180;0901;10.0
btv1b10039192p;;;1101-1200;0.0;;lat;domaine public;Bibliothèque nationale de France. Département des Manuscrits. Latin 642;1101;12.0
btv1b10077326w;;;0700-0800;0.0;;lat;domaine public;Bibliothèque nationale de France. Département des Manuscrits. NAL 1629;0700;7.0
btv1b90666190;;;1075-1100;0.0;;lat;domaine public;Bibliothèque nationale de France. Département des Manuscrits. Latin 17959;1075;11.0
btv1b8302536s;;;0901-1000;0.0;;chi;domaine public;Bibliothèque nationale de France. Département des Manuscrits. Pelliot chinois 3616;0901;10.0
btv1b10084111r;;;1201-1300;0.0;;grc;domaine public;Bibliothèque nationale de France. Département des Manuscrits. Grec 1232;1201;13.0
btv1b52521578p;;;1201-1300;0.0;;lat;domaine public;Bibliothèque nationale de France. Département des Manuscrits. Latin 5511A;1201;13.0
btv1b84262910;;;0801-0825;0.0;;lat;domaine public;Bibliothèque nationale de France. Département des Manuscrits. Latin 2195;0801;9.0
btv1b90071566;;;1401-1500;0.0;;fre;domaine public;Bibliothèque nationale de France. Département des Manuscrits. Français 785;1401;15.0
btv1b9007005j;;;1401-1500;0.0;;fre;domaine public;Bibliothèque nationale de France. Département des Manuscrits. Français 2625;1401;15.0
btv1b52508678v;;;1487-1488;0.0;;grc;domaine public;Bibliothèque nationale de France. Département des Manuscrits. Grec 2352;1487;15.0
btv1b107230098;;;1500-1525;0.0;;;domaine public;Bibliothèque nationale de France. Département des Manuscrits. Grec 1831;1500;15.0
btv1b9078276j;;;1401-1500;0.0;;lat;domaine public;Bibliothèque nationale de France. Département des Manuscrits. Latin 8386;1401;15.0
btv1b9006813j;;;1401-1700;0.0;;fre;domaine public;Bibliothèque nationale de France. Département des Manuscrits. Français 13083;1401;15.0
btv1b10893465x;;;0801-0900;0.0;;chi;domaine public;Bibliothèque nationale de France. Département des Manuscrits. Pelliot chinois 5579 (11);0801;9.0
btv1b8448971t;;;1413-1414;0.0;;fre;domaine public;Bibliothèque nationale de France. Département des Manuscrits. Français 1178;1413;15.0
btv1b9066957q;;;1101-1200;0.0;;lat;domaine public;Bibliothèque nationale de France. Département des manuscrits. Latin 12583;1101;12.0
btv1b10550804d;;;1354;0.0;;heb;domaine public;Bibliothèque nationale de France. Département des Manuscrits. Hébreu 1227;1354;14.0
btv1b10551322s;;;1126-1160;0.0;;lat;domaine public;Bibliothèque nationale de France. Département des Manuscrits. Latin 16869;1126;12.0
btv1b100532074;;;1325;0.0;;;domaine public;Bibliothèque municipale de Rouen, Ms O 4 fdeg 371v detail;1325;14.0
btv1b10543204v;;;1401-1500;0.0;;heb;domaine public;Bibliothèque nationale de France. Département des Manuscrits. Hébreu 399;1401;15.0
btv1b11004911j;;;1401-1500;0.0;;grc;domaine public;Bibliothèque nationale de France. Département des Manuscrits. Supplément grec 1031;1401;15.0
btv1b110001974;;;0901-1000;0.0;;grc;domaine public;Bibliothèque nationale de France. Département des Manuscrits. Coislin 371;0901;10.0
btv1b8455924h;;;1201-1300;0.0;;geo;domaine public;Bibliothèque nationale de France. Département des Manuscrits. Géorgien 28;1201;13.0
btv1b108668715;;;1480;0.0;;ita;domaine public;Bibliothèque nationale de France. Département des Manuscrits. italien 1710;1480;15.0
btv1b9077836s;;;1101-1200;0.0;;lat;domaine public;Bibliothèque nationale de France. Département des Manuscrits. Latin 2418;1101;12.0
btv1b8305029v;;;0901-1000;0.0;;chi;domaine public;Bibliothèque nationale de France. Département des Manuscrits. Pelliot chinois 3691 Pièce 21;0901;10.0
btv1b10037270n;;;1201-1250;0.0;;lat;domaine public;Bibliothèque nationale de France. Département des Manuscrits. Latin 8110;1201;13.0
btv1b8433304h;;;1401-1500;0.0;;ita;domaine public;Bibliothèque nationale de France. Département des Manuscrits. italien 616;1401;15.0
btv1b10036210t;;;1201-1300;0.0;;lat;domaine public;Bibliothèque nationale de France. Département des manuscrits. Latin 14803;1201;13.0
btv1b9077764r;;;1301-1400;0.0;;lat;domaine public;Bibliothèque nationale de France. Département des Manuscrits. Latin 4534;1301;14.0
btv1b10073295k;;;1101-1200;0.0;;lat;domaine public;Bibliothèque nationale de France. Département des Manuscrits. Latin 3858A;1101;12.0
btv1b11002016p;;;1459;0.0;;ara;domaine public;Bibliothèque nationale de France. Département des manuscrits. Arabe 2370;1459;15.0
btv1b9080821f;;;1101-1200;0.0;;lat;domaine public;Bibliothèque nationale de France. Département des manuscrits. Latin 12258;1101;12.0
btv1b105602945;;;1308;0.0;;lat;domaine public;Bibliothèque municipale de Toulouse. Ms. 488;1308;14.0
btv1b90008692;;;1201-1300;0.0;;fre;domaine public;Bibliothèque nationale de France. Département des Manuscrits. Clairambault 1021;1201;13.0
btv1b10549452v;;;1350-1355;0.0;;fr.;domaine public;Bibliothèque nationale de France. Département des Manuscrits. Français 20089;1350;14.0
btv1b11004129h;;;1101-1200;0.0;;grc;domaine public;Bibliothèque nationale de France. Département des Manuscrits. Supplément grec 218;1101;12.0
btv1b11002683h;;;1440-1441;0.0;;ara;domaine public;Bibliothèque nationale de France. Département des manuscrits. Arabe 3088;1440;15.0
btv1b90725529;;;1101-1200;0.0;;lat;domaine public;Bibliothèque nationale de France. Département des manuscrits. Latin 12201;1101;12.0
btv1b110017734;;;1489;0.0;;ara;domaine public;Bibliothèque nationale de France. Département des manuscrits. Arabe 3011;1489;15.0
btv1b8300198w;;;0801-1000;0.0;;chi;domaine public;Bibliothèque nationale de France. Département des Manuscrits. Pelliot chinois 3922;0801;9.0
btv1b10890269x;;;1401-1500;0.0;;heb;domaine public;Bibliothèque nationale de France. Département des Manuscrits. Hébreu 419;1401;15.0
btv1b9064543p;;;1401-1500;0.0;;heb;domaine public;Bibliothèque nationale de France. Département des Manuscrits. Hébreu 1123;1401;15.0
btv1b105570324;;;1301-1400;0.0;;lat;domaine public;Bibliothèque municipale de Metz. Ms. 385;1301;14.0
btv1b11003414n;;;1353-1354;0.0;;ara;domaine public;Bibliothèque nationale de France. Département des Manuscrits. Arabe 4003;1353;14.0
btv1b100301501;;;1300-1401;0.0;;ara;domaine public;Bibliothèque nationale de France. Département des Manuscrits. Arabe 6824;1300;13.0
btv1b100362046;;;1401-1600;0.0;;spa;domaine public;Bibliothèque nationale de France. Département des Manuscrits. Espagnol 84;1401;15.0
btv1b10722983z;;;1401-1500;0.0;;grc;domaine public;Bibliothèque nationale de France. Département des Manuscrits. Grec 2801;1401;15.0
btv1b9066694z;;;1001-1100;0.0;;lat;domaine public;Bibliothèque nationale de France. Département des Manuscrits. Latin 13091;1001;11.0
btv1b90661005;;;1050-1100;0.0;;lat;domaine public;Bibliothèque nationale de France. Département des Manuscrits. Latin 779;1050;11.0
btv1b9059455t;;;1301-1400;0.0;;fre;domaine public;Bibliothèque nationale de France. Département des Manuscrits. Français 2095;1301;14.0
btv1b52507205r;;;1301-1400;0.0;;lat;domaine public;Bibliothèque nationale de France. Département des manuscrits. Latin 1595;1301;14.0
btv1b83040551;;;0801-0900;0.0;;chi;domaine public;Bibliothèque nationale de France. Département des Manuscrits. Pelliot chinois 3664 (+ 3559);0801;9.0
btv1b525096964;;;1401-1500;0.0;;fre;domaine public;Bibliothèque nationale de France. Département des Manuscrits. Français 17061;1401;15.0
btv1b10721617c;;;1001-1100;0.0;;grc;domaine public;Bibliothèque nationale de France. Département des Manuscrits. Grec 916;1001;11.0
btv1b100960172;;;0901-1000;0.0;;chi;domaine public;Bibliothèque nationale de France. Département des Manuscrits. Pelliot chinois 4985;0901;10.0
btv1b8419241r;;;1201-1300;0.0;;fre;domaine public;Bibliothèque nationale de France. Département des Manuscrits. Français 1592;1201;13.0
btv1b9067933m;;;1301-1400;0.0;;lat;domaine public;Bibliothèque nationale de France. Département des Manuscrits. Latin 7233;1301;14.0
btv1b10030455d;;;1426-1427;0.0;;ara;domaine public;Bibliothèque nationale de France. Département des Manuscrits. Arabe 6512;1426;15.0
btv1b10096747z;;;0901-1000;0.0;;;domaine public;Bibliothèque nationale de France. Département des Manuscrits. Pelliot chinois 3919;0901;10.0
btv1b10722036t;;;1290;0.0;;heb;domaine public;Bibliothèque nationale de France. Département des Manuscrits. Hébreu 370;1290;13.0
btv1b52526634b;;;1201-1300;0.0;;lat;domaine public;Bibliothèque nationale de France. Département des Manuscrits. Latin 16427;1201;13.0
btv1b52524788w;;;1101-1200;0.0;;lat;domaine public;Bibliothèque nationale de France. Département des Manuscrits. Latin 10869;1101;12.0
btv1b10091476w;;;1488-1645;0.0;;fre;domaine public;Bibliothèque nationale de France. Département des Manuscrits. Joly de Fleury 1607;1488;15.0
btv1b54100343v;;;1301-1800;0.0;;fre;domaine public;Bibliothèque nationale de France. Département des Manuscrits. Pièces originales 138 (2785);1301;14.0
btv1b52518456p;;;1470-1480;0.0;;lat;domaine public;Bibliothèque nationale de France. Département des Manuscrits. NAL 3187 (f. 13bis);1470;15.0
btv1b52518584d;;;0901-1000;0.0;;lat;domaine public;Bibliothèque nationale de France. Département des Manuscrits. Latin 4278;0901;10.0
btv1b53110172z;;;1231-1232;0.0;;syr;domaine public;Bibliothèque nationale de France. Département des Manuscrits. Syriaque 402;1231;13.0
btv1b10038697g;;;1101-1300;0.0;;lat;domaine public;Bibliothèque nationale de France. Département des Manuscrits. Latin 13442;1101;12.0
btv1b10032719c;;;1401-1500;0.0;;lat;domaine public;Bibliothèque nationale de France. Département des Manuscrits. Latin 7912;1401;15.0
btv1b90649662;;;1400-1499;0.0;;heb;domaine public;Bibliothèque nationale de France. Département des Manuscrits. Hébreu 254;1400;14.0
btv1b52505053g;;;1301-1700;0.0;;lat;domaine public;Bibliothèque nationale de France. Département des Manuscrits. NAL 2009;1301;14.0
btv1b90665936;;;1001-1100;0.0;;lat;domaine public;Bibliothèque nationale de France. Département des manuscrits. Latin 1133;1001;11.0
btv1b10721713z;;;1301-1400;0.0;;grc;domaine public;Bibliothèque nationale de France. Département des Manuscrits. Grec 1623;1301;14.0
btv1b100332117;;;1201-1300;0.0;;lat;domaine public;Bibliothèque nationale de France. Département des Manuscrits. Latin 5009;1201;13.0
btv1b107237215;;;1201-1300;0.0;;grc;domaine public;Bibliothèque nationale de France. Département des Manuscrits. Grec 878;1201;13.0
btv1b525032936;;;1401-1600;0.0;;lat;domaine public;Bibliothèque nationale de France. Département des Manuscrits. NAL 992;1401;15.0
btv1b110004029;;;1385;0.0;;ara;domaine public;Bibliothèque nationale de France. Département des Manuscrits. Arabe 107;1385;14.0
btv1b8302557z;;;0901-1000;0.0;;chi;domaine public;Bibliothèque nationale de France. Département des Manuscrits. Pelliot chinois 3657;0901;10.0
btv1b52525406w;;;1301-1400;0.0;;fre;domaine public;Bibliothèque nationale de France. Département des Manuscrits. Français 67;1301;14.0
btv1b8301015k;;;0401-0600;0.0;;chi;domaine public;Bibliothèque nationale de France. Département des Manuscrits. Pelliot chinois 4927;0401;5.0
btv1b525225351;;;0701-1000;0.0;;ine;domaine public;Bibliothèque nationale de France. Département des Manuscrits. Pelliot Koutchéen Nouvelle Série 740;0701;8.0
btv1b52526583k;;;1201-1300;0.0;;lat;domaine public;Bibliothèque nationale de France. Département des Manuscrits. Latin 14529;1201;13.0
btv1b9007258c;;;1401-1500;0.0;;fre;domaine public;Bibliothèque nationale de France. Département des Manuscrits. Français 1267;1401;15.0
btv1b9068395z;;;1401-1500;0.0;;lat;domaine public;Bibliothèque nationale de France. Département des Manuscrits. Latin 5743;1401;15.0
btv1b9077852w;;;1101-1200;0.0;;lat;domaine public;Bibliothèque nationale de France. Département des Manuscrits. Latin 627;1101;12.0
btv1b52510324d;;;1301-1600;0.0;;fre;domaine public;Bibliothèque nationale de France. Département des Manuscrits. NAF 5842;1301;14.0
btv1b110042236;;;1301-1400;0.0;;grc;domaine public;Bibliothèque nationale de France. Département des Manuscrits. Supplément grec 764;1301;14.0
btv1b8426821d;;;1401-1500;0.0;;ita;domaine public;Bibliothèque nationale de France. Département des Manuscrits. italien 518;1401;15.0
btv1b90589164;;;1401-1500;0.0;;fre;domaine public;Bibliothèque nationale de France. Département des Manuscrits. Français 139;1401;15.0
btv1b8302835d;;;0701-0800;0.0;;chi;domaine public;Bibliothèque nationale de France. Département des Manuscrits. Pelliot chinois 4620;0701;8.0
btv1b54002414v;;;1401-1500;0.0;;lat;domaine public;Bibliothèque nationale de France. Département des Manuscrits. Latin 9472;1401;15.0
btv1b84900899;;;1300-1401;0.0;;lat;domaine public;Bibliothèque nationale de France. Département des Manuscrits. Latin 9730;1300;13.0
btv1b52522241h;;;0701-1000;0.0;;ine;domaine public;Bibliothèque nationale de France. Département des Manuscrits. Pelliot Koutchéen Nouvelle Série 1098;0701;8.0
btv1b100324212;;;1401-1425;0.0;;lat;domaine public;Bibliothèque nationale de France. Département des manuscrits. NAL 1660;1401;15.0
btv1b90658876;;;1301-1325;0.0;;lat;domaine public;Bibliothèque nationale de France. Département des Manuscrits. Latin 16082;1301;14.0
btv1b10723443r;;;1401-1500;0.0;;grc;domaine public;Bibliothèque nationale de France. Département des Manuscrits. Grec 2836;1401;15.0
btv1b9058194k;;;1450-1475;0.0;;fre;domaine public;Bibliothèque nationale de France. Département des Manuscrits. Français 1501;1450;15.0
btv1b10081724r;;;1301-1800;0.0;;fre;domaine public;Bibliothèque nationale de France. Département des Manuscrits. Français 26678 (Pièces originales 194);1301;14.0
btv1b10073291s;;;1301-1400;0.0;;lat;domaine public;Bibliothèque nationale de France. Département des Manuscrits. Latin 3085A;1301;14.0
btv1b9060712k;;;1235-1245;0.0;;fre;domaine public;Bibliothèque nationale de France. Département des Manuscrits. Français 1450;1235;13.0
btv1b10076266t;;;1401-1500;0.0;;fre;domaine public;Bibliothèque nationale de France. Département des Manuscrits. Français 5873;1401;15.0
btv1b108935407;;;0801-0900;0.0;;chi;domaine public;Bibliothèque nationale de France. Département des Manuscrits. Pelliot chinois 5590 (1);0801;9.0
btv1b10110100m;;;149805;0.0;;ara;domaine public;Bibliothèque universitaire des langues et civilisations (Paris). MS.ARA.35;1498;15.0
btv1b8300573f;;;0801-0900;0.0;;chi;domaine public;Bibliothèque nationale de France. Département des Manuscrits. Pelliot chinois 4736;0801;9.0
btv1b11005169h;;;14110325;0.0;;ara;domaine public;Bibliothèque nationale de France. Département des Manuscrits. Arabe 618-619;1411;15.0
btv1b10032512g;;;1401-1500;0.0;;lat;domaine public;Bibliothèque nationale de France. Département des Manuscrits. Latin 6541A;1401;15.0
btv1b8423827z;;;0850-0900;0.0;;lat;domaine public;Bibliothèque nationale de France. Département des Manuscrits. Latin 10437;0850;9.0
btv1b52521450w;;;1401-1500;0.0;;lat;domaine public;Bibliothèque nationale de France. Département des Manuscrits. Latin 13227;1401;15.0
btv1b6000801v;;;1270-1350;0.0;;;domaine public;Bibliothèque nationale de France. Département des Manuscrits. Français 1749;1270;13.0
btv1b52512032g;;;1301-1400;0.0;;ara;domaine public;Bibliothèque nationale de France. Département des Manuscrits. Arabe 203;1301;14.0
btv1b8300981c;;;0801-1000;0.0;;chi;domaine public;Bibliothèque nationale de France. Département des Manuscrits. Pelliot chinois 4089;0801;9.0
btv1b108400757;;;1401-1500;0.0;;lat;domaine public;Bibliothèque nationale de France. Bibliothèque de l'Arsenal. Ms-191;1401;15.0
btv1b104686087;;;1406;0.0;;fre;domaine public;Bibliothèque nationale de France. Département des Manuscrits. Français 926;1406;15.0
btv1b10866832z;;;1175-1300;0.0;;lat;domaine public;Bibliothèque nationale de France. Département des Manuscrits. Latin 184;1175;12.0
btv1b90644047;;;1301-1500;0.0;;heb;domaine public;Bibliothèque nationale de France. Département des Manuscrits. Hébreu 1064;1301;14.0
btv1b11004089m;;;1101;0.0;;grc;domaine public;Bibliothèque nationale de France. Département des Manuscrits. Supplément grec 1262;1101;12.0
btv1b8451101h;;;1301-1400;0.0;;fre;domaine public;Bibliothèque nationale de France. Département des Manuscrits. Français 1587;1301;14.0
btv1b525221503;;;0701-1000;0.0;;ine;domaine public;Bibliothèque nationale de France. Département des Manuscrits. Pelliot Koutchéen Nouvelle Série 1007;0701;8.0
btv1b525158709;;;13160101-18021231;0.0;;lat;domaine public;Bibliothèque nationale de France. Département des Manuscrits. Chappée 13, 25;1316;14.0
btv1b100816105;;;1301-1800;0.0;;fre;domaine public;Bibliothèque nationale de France. Département des Manuscrits. Français 26592 (Pièces originales 108);1301;14.0
btv1b9058169h;;;1401-1500;0.0;;fre;domaine public;Bibliothèque nationale de France. Département des Manuscrits. Français 2452;1401;15.0
btv1b10035740m;;;1301-1400;0.0;;lat;domaine public;Bibliothèque nationale de France. Département des Manuscrits. Latin 6726;1301;14.0
btv1b110008807;;;1201-1300;0.0;;ara;domaine public;Bibliothèque nationale de France. Département des Manuscrits. Arabe 1468;1201;13.0
btv1b110005699;;;146705-146706;0.0;;ara;domaine public;Bibliothèque nationale de France. Département des Manuscrits. Arabe 864;1467;15.0
btv1b100359210;;;1401-1500;0.0;;lat;domaine public;Bibliothèque nationale de France. Département des Manuscrits. NAL 2383;1401;15.0
btv1b10036014v;;;1401-1500;0.0;;ita;domaine public;Bibliothèque nationale de France. Département des Manuscrits. italien 1023;1401;15.0
btv1b10034339c;;;1401-1500;0.0;;lat;domaine public;Bibliothèque nationale de France. Département des manuscrits. Latin 8257;1401;15.0
btv1b10723589g;;;1301-1400;0.0;;grc;domaine public;Bibliothèque nationale de France. Département des Manuscrits. Grec 169;1301;14.0
btv1b11000367n;;;1301-1400;0.0;;ara;domaine public;Bibliothèque nationale de France. Département des Manuscrits. Arabe 88;1301;14.0
btv1b52522474v;;;0701-1000;0.0;;ine;domaine public;Bibliothèque nationale de France. Département des Manuscrits. Pelliot Koutchéen Nouvelle Série 675;0701;8.0
btv1b90807836;;;0801-0900;0.0;;lat;domaine public;Bibliothèque nationale de France. Département des Manuscrits. Latin 11533;0801;9.0
btv1b105546509;;;1101-1200;0.0;;;domaine public;Montpellier Méditerranée Métropole - Médiathèque centrale Emile Zola. MS0016-15;1101;12.0
btv1b100223238;;;1470-1490;0.0;;lat;domaine public;Bibliothèque nationale de France. Département des Manuscrits. Smith-Lesouëf 28;1470;15.0
btv1b10224619x;;;1401-1500;0.0;;ger;domaine public;Bibliothèque nationale et universitaire de Strasbourg. Ms.2.254;1401;15.0
btv1b52514019g;;;1301-1400;0.0;;lat;domaine public;Bibliothèque nationale de France. Département des Manuscrits. NAL 3067;1301;14.0
btv1b84789633;;;1401-1500;0.0;;ita;domaine public;Bibliothèque nationale de France. Département des Manuscrits. Italien 904;1401;15.0
btv1b10034493j;;;1001-1100;0.0;;lat;domaine public;Bibliothèque nationale de France. Département des Manuscrits. Latin 5643;1001;11.0
btv1b9060020q;;;1451-1550;0.0;;fre;domaine public;Bibliothèque nationale de France. Département des Manuscrits. Français 351;1451;15.0
btv1b10033793b;;;1301-1400;0.0;;lat;domaine public;Bibliothèque nationale de France. Département des manuscrits. Latin 14381;1301;14.0
btv1b108786093;;;1401-1500;0.0;;fre;domaine public;Bibliothèque nationale de France. Bibliothèque de l'Arsenal. Ms-2666;1401;15.0
btv1b100369237;;;1375-1400;0.0;;lat;domaine public;Bibliothèque nationale de France. Département des manuscrits. Latin 14636;1375;14.0
btv1b100968139;;;0701-0800;0.0;;chi;domaine public;Bibliothèque nationale de France. Département des Manuscrits. Pelliot chinois 4564;0701;8.0
btv1b10036280q;;;1301-1400;0.0;;lat;domaine public;Bibliothèque nationale de France. Département des manuscrits. Latin 6818;1301;14.0
btv1b10721823r;;;1001-1100;0.0;;grc;domaine public;Bibliothèque nationale de France. Département des Manuscrits. Grec 934;1001;11.0
btv1b10551095w;;;1151-1200;0.0;;lat;domaine public;Bibliothèque nationale de France. Département des Manuscrits. NAL 1921;1151;12.0
btv1b10465553n;;;1480-1483;0.0;;fre;Conditions spécifiques d'utilisation (sous convention Europeana ARMA - CC BY-SA 2.0).;Bibliothèque nationale de France. Département des Manuscrits. Français 13;1480;15.0
btv1b525089763;;;1401-1500;0.0;;fre;domaine public;Bibliothèque nationale de France. Département des Manuscrits. Français 1770;1401;15.0
btv1b9057393j;;;1401-1500;0.0;;fre;domaine public;Bibliothèque nationale de France. Département des Manuscrits. Français 20354;1401;15.0
btv1b90590667;;;1372-1377;0.0;;fre;domaine public;Bibliothèque nationale de France. Département des Manuscrits. Français 1584;1372;14.0
btv1b52522419m;;;0701-1000;0.0;;ine;domaine public;Bibliothèque nationale de France. Département des Manuscrits. Pelliot Koutchéen Nouvelle Série 619;0701;8.0
btv1b525224954;;;0701-1000;0.0;;ine;domaine public;Bibliothèque nationale de France. Département des Manuscrits. Pelliot Koutchéen Nouvelle Série 696;0701;8.0
btv1b52525336r;;;1401-1500;0.0;;fre;domaine public;Bibliothèque nationale de France. Département des Manuscrits. Français 2009;1401;15.0
btv1b108828917;;;1301-1400;0.0;;fre;domaine public;Bibliothèque nationale de France. Département des Manuscrits. Français 11203;1301;14.0
btv1b10509082b;;;1301-1400;0.0;;fre;domaine public;Bibliothèque nationale de France. Département des Manuscrits. Français 5249;1301;14.0
btv1b52522482c;;;0701-1000;0.0;;ine;domaine public;Bibliothèque nationale de France. Département des Manuscrits. Pelliot Koutchéen Nouvelle Série 683;0701;8.0
btv1b83006175;;;0801-0900;0.0;;chi;domaine public;Bibliothèque nationale de France. Département des Manuscrits. Pelliot chinois 5557 bis (1);0801;9.0
btv1b52517267f;;;1475-1500;0.0;;lat;domaine public;Bibliothèque nationale de France. Département des Manuscrits. Latin 14818;1475;15.0
btv1b9007588j;;;1401-1500;0.0;;fre;domaine public;Bibliothèque nationale de France. Département des Manuscrits. Français 20358;1401;15.0
btv1b10720504w;;;1493;0.0;;heb;domaine public;Bibliothèque nationale de France. Département des Manuscrits. Hébreu 801;1493;15.0
btv1b105420056;;;1401-1500;0.0;;heb;domaine public;Bibliothèque nationale de France. Département des Manuscrits. Hébreu 333;1401;15.0
btv1b9066693j;;;1001-1050;0.0;;lat;domaine public;Bibliothèque nationale de France. Département des Manuscrits. Latin 12139;1001;11.0
btv1b10866444r;;;1101-1150;0.0;;lat;domaine public;Bibliothèque nationale de France. Département des Manuscrits. Latin 50;1101;12.0
btv1b107205003;;;1403;0.0;;heb;domaine public;Bibliothèque nationale de France. Département des Manuscrits. Hébreu 814;1403;15.0
btv1b8300115m;;;0901-1000;0.0;;;domaine public;Bibliothèque nationale de France. Département des Manuscrits. Pelliot sanscrit Dunhuang 13;0901;10.0
btv1b8301245d;;;0801-1000;0.0;;chi;domaine public;Bibliothèque nationale de France. Département des Manuscrits. Pelliot chinois 6035;0801;9.0
btv1b90027737;;;1294-1295;0.0;;heb;domaine public;Bibliothèque nationale de France. Département des Manuscrits. Hébreu 27;1294;13.0
btv1b9066576p;;;0801-0900;0.0;;lat;domaine public;Bibliothèque nationale de France. Département des Manuscrits. Latin 4333B;0801;9.0
btv1b90592502;;;1401-1700;0.0;;fre;domaine public;Bibliothèque nationale de France. Département des manuscrits. Français 5906;1401;15.0
btv1b10868471b;;;1401-1500;0.0;;ita;domaine public;Bibliothèque nationale de France. Département des Manuscrits. Italien 98;1401;15.0
btv1b8552416j;;;1301-1400;0.0;;lat;domaine public;Bibliothèque nationale de France. Département des Manuscrits. Latin 15808;1301;14.0
btv1b10463681p;;;1401-1500;0.0;;fre;domaine public;Bibliothèque nationale de France. Département des Manuscrits. Français 6011;1401;15.0
btv1b10722948j;;;1301-1400;0.0;;grc;domaine public;Bibliothèque nationale de France. Département des Manuscrits. Grec 1309;1301;14.0
btv1b100237988;;;1401-1500;0.0;;fre;domaine public;Bibliothèque nationale de France. Département des Manuscrits. NAF 4807;1401;15.0
btv1b10038492g;;;1425-1475;0.0;;lat;domaine public;Bibliothèque nationale de France. Département des manuscrits. Latin 3587A;1425;15.0
btv1b107220484;;;1001-1100;0.0;;grc;domaine public;Bibliothèque nationale de France. Département des Manuscrits. Grec 163;1001;11.0
btv1b8433294k;;;1289;0.0;;ara;domaine public;Bibliothèque nationale de France. Département des Manuscrits. Arabe 6716;1289;13.0
btv1b9058327v;;;1310-1330;0.0;;fre;domaine public;Bibliothèque nationale de France. Département des Manuscrits. Français 1456;1310;14.0
btv1b100525106;;;1325;0.0;;;domaine public;Bibliothèque municipale de Rouen, Ms O 4 fdeg 022v detail;1325;14.0
btv1b60012547;;;0501-1800;0.0;;per;domaine public;Bibliothèque nationale de France. Département des Manuscrits. Smith-Lesouëf 231;0501;6.0
btv1b9058092d;;;1401-1500;0.0;;fre;domaine public;Bibliothèque nationale de France. Département des Manuscrits. Français 1650;1401;15.0
btv1b10032698v;;;0801-1100;0.0;;lat;domaine public;Bibliothèque nationale de France. Département des manuscrits. Latin 2185;0801;9.0
btv1b10722180k;;;1301-1400;0.0;;grc;domaine public;Bibliothèque nationale de France. Département des Manuscrits. Grec 260;1301;14.0
btv1b10722507x;;;1301-1400;0.0;;grc;domaine public;Bibliothèque nationale de France. Département des Manuscrits. Grec 2662;1301;14.0
btv1b8302662m;;;0901-1000;0.0;;chi;domaine public;Bibliothèque nationale de France. Département des Manuscrits. Pelliot chinois 4525 (4);0901;10.0
btv1b110017539;;;1452;0.0;;ara;domaine public;Bibliothèque nationale de France. Département des Manuscrits. Arabe 2072;1452;15.0
btv1b11004839k;;;1001-1100;0.0;;grc;domaine public;Bibliothèque nationale de France. Département des Manuscrits. Supplément grec 916;1001;11.0
btv1b110002890;;;1101-1200;0.0;;grc;domaine public;Bibliothèque nationale de France. Département des Manuscrits. Grec 631;1101;12.0
btv1b107216895;;;1301-1400;0.0;;grc;domaine public;Bibliothèque nationale de France. Département des Manuscrits. Grec 1409;1301;14.0
btv1b9060781t;;;1475-1476;0.0;;fre;domaine public;Bibliothèque nationale de France. Département des Manuscrits. Français 12538;1475;15.0
btv1b100364274;;;1401-1500;0.0;;ita;domaine public;Bibliothèque nationale de France. Département des Manuscrits. italien 942;1401;15.0
btv1b10720299q;;;1401-1500;0.0;;heb;domaine public;Bibliothèque nationale de France. Département des Manuscrits. Hébreu 413;1401;15.0
btv1b108927932;;;0801-0900;0.0;;chi;domaine public;Bibliothèque nationale de France. Département des Manuscrits. Pelliot chinois 5024 E;0801;9.0
btv1b10096799x;;;0901-1000;0.0;;chi;domaine public;Bibliothèque nationale de France. Département des Manuscrits. Pelliot chinois 3836;0901;10.0
btv1b9058886f;;;1401-1500;0.0;;fre;domaine public;Bibliothèque nationale de France. Département des Manuscrits. Français 1534;1401;15.0
btv1b11000827w;;;1482;0.0;;ara;domaine public;Bibliothèque nationale de France. Département des Manuscrits. Arabe 1611;1482;15.0
btv1b100359015;;;0901-1100;0.0;;lat;domaine public;Bibliothèque nationale de France. Département des manuscrits. Latin 2321;0901;10.0
btv1b10038729v;;;1201-1300;0.0;;lat;domaine public;Bibliothèque nationale de France. Département des manuscrits. Latin 15557;1201;13.0
btv1b11000872q;;;1401-1500;0.0;;ara;domaine public;Bibliothèque nationale de France. Département des Manuscrits. Arabe 1454;1401;15.0
btv1b10884780p;;;1201-1300;0.0;;grc;domaine public;Bibliothèque nationale de France. Département des Manuscrits. Grec 1917;1201;13.0
btv1b10721239k;;;1462;0.0;;lat;domaine public;Bibliothèque nationale de France. Département des manuscrits. Latin 10464;1462;15.0
btv1b8447298r;;;1240-1250;0.0;;fre;domaine public;Bibliothèque nationale de France. Département des Manuscrits. Français 403;1240;13.0
btv1b107203798;;;1401-1500;0.0;;heb;domaine public;Bibliothèque nationale de France. Département des Manuscrits. Hébreu 429;1401;15.0
btv1b100391254;;;1101-1200;0.0;;lat;domaine public;Bibliothèque nationale de France. Département des Manuscrits. Latin 12230;1101;12.0
btv1b10723197g;;;1484;0.0;;grc;domaine public;Bibliothèque nationale de France. Département des Manuscrits. Grec 2939;1484;15.0
btv1b108845588;;;1301-1400;0.0;;ara;domaine public;Bibliothèque nationale de France. Département des Manuscrits. Arabe 3525;1301;14.0
btv1b10515731d;;;1401-1450;0.0;;lat;domaine public;Bibliothèque nationale de France. Département des Manuscrits. Latin 3579;1401;15.0
btv1b90671860;;;1201-1300;0.0;;lat;domaine public;Bibliothèque nationale de France. Département des Manuscrits. Latin 16667;1201;13.0
btv1b9007597h;;;1375-1400;0.0;;fre;domaine public;Bibliothèque nationale de France. Département des Manuscrits. Français 619;1375;14.0
btv1b108881404;;;1430-1440;0.0;;ara;domaine public;Bibliothèque nationale de France. Département des Manuscrits. Arabe 5036;1430;15.0
btv1b9078044w;;;1301-1400;0.0;;lat;domaine public;Bibliothèque nationale de France. Département des Manuscrits. Latin 15363;1301;14.0
btv1b90725314;;;1321;0.0;;lat;domaine public;Bibliothèque nationale de France. Département des Manuscrits. Latin 6320;1321;14.0
btv1b84965501;;;0970;0.0;;grc;domaine public;Bibliothèque nationale de France. Département des Manuscrits. Grec 497;0970;10.0
btv1b90676644;;;1480;0.0;;lat;domaine public;Bibliothèque nationale de France. Département des Manuscrits. Latin 9941;1480;15.0
btv1b52000994w;;;1375;0.0;;lat;domaine public;Bibliothèque nationale de France. Département des Manuscrits. Latin 14137;1375;14.0
btv1b100919275;;;1175-1300;0.0;;lat;domaine public;Bibliothèque nationale de France. Département des Manuscrits. Latin 2038;1175;12.0
btv1b10083538w;;;1301-1800;0.0;;fre;domaine public;Bibliothèque nationale de France. Département des Manuscrits. Français 29408 (Pièces originales 2924);1301;14.0
btv1b8301213f;;;0901-1000;0.0;;chi;domaine public;Bibliothèque nationale de France. Département des Manuscrits. Pelliot chinois 4985;0901;10.0
btv1b10035170k;;;1001-1100;0.0;;grc;domaine public;Bibliothèque nationale de France. Département des Manuscrits. Grec 620;1001;11.0
btv1b52516644f;;;14090101-18001231;0.0;;lat;domaine public;Bibliothèque nationale de France. Département des Manuscrits. Chappée 17.3, 19;1409;15.0
btv1b52522232j;;;0701-1000;0.0;;ine;domaine public;Bibliothèque nationale de France. Département des Manuscrits. Pelliot Koutchéen Nouvelle Série 1089;0701;8.0
btv1b102348173;;;1401-1900;0.0;;dut;domaine public;Bibliothèque nationale et universitaire de Strasbourg. Ms.5.510;1401;15.0
btv1b83011986;;;0801-0900;0.0;;chi;domaine public;Bibliothèque nationale de France. Département des Manuscrits. Pelliot chinois 4889;0801;9.0
btv1b9080917w;;;1401-1500;0.0;;lat;domaine public;Bibliothèque nationale de France. Département des manuscrits. Latin 7922;1401;15.0
btv1b10034437v;;;1475-1500;0.0;;lat;domaine public;Bibliothèque nationale de France. Département des manuscrits. Latin 11061;1475;15.0
btv1b10546499m;;;1401-1700;0.0;;fre;domaine public;Bibliothèque nationale de France. Département des Manuscrits. Français 20498;1401;15.0
btv1b10722223t;;;1401-1500;0.0;;grc;domaine public;Bibliothèque nationale de France. Département des Manuscrits. Grec 2110;1401;15.0
btv1b550095711;;;1401-1500;0.0;;fre;domaine public;Bibliothèque nationale de France. Bibliothèque de l'Arsenal. Ms-5192 réserve;1401;15.0
btv1b10039262t;;;1101-1200;0.0;;lat;domaine public;Bibliothèque nationale de France. Département des Manuscrits. NAL 658;1101;12.0
btv1b90631467;;;1301-1400;0.0;;fre;domaine public;Bibliothèque nationale de France. Département des Manuscrits. Français 22548;1301;14.0
btv1b110017071;;;1401-1500;0.0;;ara;domaine public;Bibliothèque nationale de France. Département des Manuscrits. Arabe 2184;1401;15.0
btv1b525091052;;;1301-1700;0.0;;lat;domaine public;Bibliothèque nationale de France. Département des Manuscrits. NAL 1998;1301;14.0
btv1b9068005h;;;1301-1400;0.0;;lat;domaine public;Bibliothèque nationale de France. Département des manuscrits. Latin 6488;1301;14.0
btv1b10033661t;;;1301-1600;0.0;;lat;domaine public;Bibliothèque nationale de France. Département des Manuscrits. NAL 1849;1301;14.0
btv1b10037243r;;;1401-1600;0.0;;lat;domaine public;Bibliothèque nationale de France. Département des manuscrits. NAL 347;1401;15.0
btv1b52517808p;;;1442;0.0;;grc;domaine public;Bibliothèque nationale de France. Département des Manuscrits. Grec 1919;1442;15.0
btv1b10893496m;;;0801-1000;0.0;;chi;domaine public;Bibliothèque nationale de France. Département des Manuscrits. Pelliot chinois 5587 (9);0801;9.0
btv1b10721226t;;;1301-1400;0.0;;lat;domaine public;Bibliothèque nationale de France. Département des manuscrits. Latin 1210;1301;14.0
btv1b100366144;;;1201-1300;0.0;;lat;domaine public;Bibliothèque nationale de France. Département des Manuscrits. Latin 15585;1201;13.0
btv1b10089319t;;;1401-1500;0.0;;fre;domaine public;Bibliothèque nationale de France. Département des Manuscrits. NAF 1073;1401;15.0
btv1b9009500t;;;1401-1500;0.0;;cat;domaine public;Bibliothèque nationale de France. Département des Manuscrits. Français 2433;1401;15.0
btv1b100327411;;;1401-1500;0.0;;lat;domaine public;Bibliothèque nationale de France. Département des manuscrits. Latin 1514;1401;15.0
btv1b525221414;;;0701-1000;0.0;;ine;domaine public;Bibliothèque nationale de France. Département des Manuscrits. Pelliot Koutchéen Nouvelle Série 998;0701;8.0
btv1b9006868h;;;1401-1500;0.0;;fre;domaine public;Bibliothèque nationale de France. Département des Manuscrits. Français 1272;1401;15.0
btv1b10033654r;;;1301-1400;0.0;;lat;domaine public;Bibliothèque nationale de France. Département des Manuscrits. NAL 3003;1301;14.0
btv1b107205344;;;1201-1300;0.0;;fre;domaine public;Bibliothèque nationale de France. Département des Manuscrits. Français 6220;1201;13.0
btv1b10722315p;;;1301-1400;0.0;;grc;domaine public;Bibliothèque nationale de France. Département des Manuscrits. Grec 2664;1301;14.0
btv1b107238294;;;1301-1500;0.0;;heb;domaine public;Bibliothèque nationale de France. Département des Manuscrits. Hébreu 691;1301;14.0
btv1b8300516d;;;0901-1000;0.0;;chi;domaine public;Bibliothèque nationale de France. Département des Manuscrits. Pelliot chinois 5014 (3);0901;10.0
btv1b55013389h;;;1401-1500;0.0;;grc;domaine public;Bibliothèque nationale de France. Département des Manuscrits. Grec 2509;1401;15.0
btv1b525041880;;;1201-1400;0.0;;lat;domaine public;Bibliothèque nationale de France. Département des Manuscrits. NAL 693;1201;13.0
btv1b100933499;;;1101-1300;0.0;;geo;domaine public;Bibliothèque nationale de France. Département des Manuscrits. Géorgien 6;1101;12.0
btv1b9064374j;;;1401-1500;0.0;;fre;domaine public;Bibliothèque nationale de France. Département des Manuscrits. Français 24865;1401;15.0
btv1b100895864;;;1201-1600;0.0;;;domaine public;Bibliothèque nationale de France. Département des Manuscrits. NAF 934;1201;13.0
btv1b10545249f;;;1401-1500;0.0;;heb;domaine public;Bibliothèque nationale de France. Département des Manuscrits. Hébreu 1159;1401;15.0
btv1b52522128f;;;0701-1000;0.0;;ine;domaine public;Bibliothèque nationale de France. Département des Manuscrits. Pelliot Koutchéen Nouvelle Série 985;0701;8.0
btv1b107234982;;;1001-1100;0.0;;grc;domaine public;Bibliothèque nationale de France. Département des Manuscrits. Grec 1498;1001;11.0
btv1b525165175;;;13120101-18121231;0.0;;lat;domaine public;Bibliothèque nationale de France. Département des Manuscrits. Chappée 17.2, 62;1312;14.0
btv1b52500386g;;;1401-1500;0.0;;lat;domaine public;Bibliothèque nationale de France. Département des manuscrits. Latin 15898;1401;15.0
btv1b11001432w;;;1401-1500;0.0;;ara;domaine public;Bibliothèque nationale de France. Département des Manuscrits. Arabe 1132;1401;15.0
btv1b525221738;;;0701-1000;0.0;;ine;domaine public;Bibliothèque nationale de France. Département des Manuscrits. Pelliot Koutchéen Nouvelle Série 1030;0701;8.0
btv1b10893052n;;;0801-1000;0.0;;chi;domaine public;Bibliothèque nationale de France. Département des Manuscrits. Pelliot chinois 5546 (2);0801;9.0
btv1b9009490w;;;1401-1500;0.0;;fre;domaine public;Bibliothèque nationale de France. Département des Manuscrits. Français 293;1401;15.0
btv1b100294751;;;1400-1500;0.0;;grc;domaine public;Bibliothèque nationale de France. Département des Manuscrits. Grec 1806;1400;14.0
btv1b100222947;;;1101-1200;0.0;;lat;domaine public;Bibliothèque nationale de France. Département des Manuscrits. Latin 2388;1101;12.0
btv1b52522176m;;;0701-1000;0.0;;ine;domaine public;Bibliothèque nationale de France. Département des Manuscrits. Pelliot Koutchéen Nouvelle Série 1033;0701;8.0
btv1b90725292;;;1201-1300;0.0;;lat;domaine public;Bibliothèque nationale de France. Département des Manuscrits. Latin 6347;1201;13.0
btv1b10840067q;;;1150-1200;0.0;;lat;domaine public;Bibliothèque nationale de France. Département des Manuscrits. Latin 18530;1150;12.0
btv1b90783067;;;1201-1300;0.0;;lat;domaine public;Bibliothèque nationale de France. Département des manuscrits. Latin 8118;1201;13.0
btv1b107242491;;;1231;0.0;;grc;domaine public;Bibliothèque nationale de France. Département des Manuscrits. Grec 997;1231;13.0
btv1b10034540h;;;1175-1300;0.0;;lat;domaine public;Bibliothèque nationale de France. Département des manuscrits. Latin 2040;1175;12.0
btv1b525162745;;;14750101-18001231;0.0;;lat;domaine public;Bibliothèque nationale de France. Département des Manuscrits. Chappée 16, 51;1475;15.0
btv1b10721470z;;;1201-1300;0.0;;grc;domaine public;Bibliothèque nationale de France. Département des Manuscrits. Grec 373;1201;13.0
btv1b10550805v;;;1292;0.0;;heb;domaine public;Bibliothèque nationale de France. Département des Manuscrits. Hébreu 1234;1292;13.0
btv1b53283940b;;;1001-1200;0.0;;lat;domaine public;Bibliothèque nationale de France. Département des Manuscrits. Latin 1753;1001;11.0
btv1b90661695;;;1167-1200;0.0;;lat;domaine public;Bibliothèque nationale de France. Département des Manuscrits. Latin 8917;1167;12.0
btv1b10720053m;;;1401-1500;0.0;;heb;domaine public;Bibliothèque nationale de France. Département des Manuscrits. Hébreu 901;1401;15.0
btv1b10032823g;;;1401-1500;0.0;;ita;domaine public;Bibliothèque nationale de France. Département des Manuscrits. italien 284;1401;15.0
btv1b83010783;;;0801-0900;0.0;;chi;domaine public;Bibliothèque nationale de France. Département des Manuscrits. Pelliot chinois 4698;0801;9.0
btv1b9077671j;;;1401-1500;0.0;;lat;domaine public;Bibliothèque nationale de France. Département des manuscrits. Latin 8689;1401;15.0
btv1b100354376;;;1250-1300;0.0;;lat;domaine public;Bibliothèque nationale de France. Département des Manuscrits. Latin 18045;1250;13.0
btv1b84526197;;;0801-0825;0.0;;lat;domaine public;Bibliothèque municipale de Valenciennes. Ms.247 (237);0801;9.0
btv1b10867098f;;;1101-1200;0.0;;lat;domaine public;Bibliothèque nationale de France. Département des Manuscrits. Latin 14772;1101;12.0
btv1b9009541r;;;1301-1400;0.0;;fre;domaine public;Bibliothèque nationale de France. Département des Manuscrits. Français 12567;1301;14.0
btv1b10096888f;;;0801-0900;0.0;;chi;domaine public;Bibliothèque nationale de France. Département des Manuscrits. Pelliot chinois 4000;0801;9.0
btv1b100391756;;;1201-1300;0.0;;lat;domaine public;Bibliothèque nationale de France. Département des Manuscrits. Latin 386;1201;13.0
btv1b10097444t;;;0701-0800;0.0;;chi;domaine public;Bibliothèque nationale de France. Département des Manuscrits. Pelliot chinois 4998;0701;8.0
btv1b10081636p;;;1301-1800;0.0;;fre;domaine public;Bibliothèque nationale de France. Département des Manuscrits. Français 26528 (Pièces originales 44);1301;14.0
btv1b104641062;;;1275-1400;0.0;;lat;domaine public;Bibliothèque nationale de France. Département des Manuscrits. Latin 147;1275;13.0
btv1b90074990;;;1201-1300;0.0;;fre;domaine public;Bibliothèque nationale de France. Département des Manuscrits. Français 17203;1201;13.0
btv1b10720262b;;;1348;0.0;;heb;domaine public;Bibliothèque nationale de France. Département des Manuscrits. Hébreu 609;1348;14.0
btv1b52511754h;;;1101-1700;0.0;;fre;domaine public;Bibliothèque nationale de France. Département des Manuscrits. Picardie 295;1101;12.0
btv1b110046010;;;1301-1400;0.0;;grc;domaine public;Bibliothèque nationale de France. Département des Manuscrits. Supplément grec 1243;1301;14.0
btv1b105097447;;;1317-1337;0.0;;lat;domaine public;Bibliothèque nationale de France. Département des Manuscrits. Latin 11935;1317;14.0
btv1b10036025q;;;1201-1300;0.0;;lat;domaine public;Bibliothèque nationale de France. Département des Manuscrits. Latin 16503;1201;13.0
btv1b11005055x;;;1350-1450;0.0;;grc;domaine public;Bibliothèque nationale de France. Département des Manuscrits. Supplément grec 666;1350;14.0
btv1b52518780c;;;1301-1400;0.0;;lat;domaine public;Bibliothèque nationale de France. Département des Manuscrits. Latin 3932;1301;14.0
btv1b10090386k;;;1201-1800;0.0;;fre;domaine public;Bibliothèque nationale de France. Département des Manuscrits. NAF 8734;1201;13.0
btv1b9001152p;;;1301-1700;0.0;;fre;domaine public;Bibliothèque nationale de France. Département des Manuscrits. Lorraine 212;1301;14.0
btv1b52512300g;;;1301-1400;0.0;;lat;domaine public;Bibliothèque nationale de France. Bibliothèque de l’Arsenal. Ms-29;1301;14.0
btv1b10557045w;;;1301-1400;0.0;;lat;domaine public;Bibliothèque municipale de Metz. Ms. 459;1301;14.0
btv1b10037288n;;;0801-0900;0.0;;lat;domaine public;Bibliothèque nationale de France. Département des manuscrits. NAL 1603;0801;9.0
btv1b9066578h;;;1451-1500;0.0;;lat;domaine public;Bibliothèque nationale de France. Département des manuscrits. Latin 3446A;1451;15.0
btv1b9007302b;;;1401-1500;0.0;;fre;domaine public;Bibliothèque nationale de France. Département des Manuscrits. Français 1268;1401;15.0
btv1b9066639r;;;1200-1230;0.0;;;domaine public;Bibliothèque nationale de France. Département des Manuscrits. Latin 17501;1200;12.0
btv1b9066726g;;;1151-1200;0.0;;lat;domaine public;Bibliothèque nationale de France. Département des manuscrits. Latin 12028;1151;12.0
btv1b100918804;;;1001-1100;0.0;;grc;domaine public;Bibliothèque nationale de France. Département des Manuscrits. Coislin 66;1001;11.0
btv1b10037089b;;;1001-1100;0.0;;lat;domaine public;Bibliothèque nationale de France. Département des Manuscrits. Latin 5595;1001;11.0
btv1b10560027v;;;1201-1300;0.0;;lat;domaine public;Bibliothèque municipale de Toulouse. Ms. 40;1201;13.0
btv1b52507230r;;;1350;0.0;;fre;domaine public;Bibliothèque nationale de France. Département des Manuscrits. Français 1753;1350;14.0
btv1b90682820;;;1301-1400;0.0;;lat;domaine public;Bibliothèque nationale de France. Département des Manuscrits. Latin 7964;1301;14.0
btv1b107223594;;;1201-1300;0.0;;lat;domaine public;Bibliothèque nationale de France. Département des Manuscrits. Latin 4039;1201;13.0
btv1b52508161d;;;14230508-14240118;0.0;;lat;domaine public;Bibliothèque nationale de France. Département des Manuscrits. Latin 3655;1423;15.0
btv1b8496551f;;;1022;0.0;;grc;domaine public;Bibliothèque nationale de France. Département des Manuscrits. Grec 375;1022;11.0
btv1b8301246t;;;0701-0800;0.0;;chi;domaine public;Bibliothèque nationale de France. Département des Manuscrits. Pelliot chinois 6036;0701;8.0
btv1b10037223x;;;1401-1500;0.0;;lat;domaine public;Bibliothèque nationale de France. Département des Manuscrits. NAL 1968;1401;15.0
btv1b525168982;;;1301-1400;0.0;;lat;domaine public;Bibliothèque nationale de France. Département des Manuscrits. Latin 6299;1301;14.0
btv1b8426787t;;;0860-0877;0.0;;lat;domaine public;Bibliothèque nationale de France. Département des Manuscrits. Latin 17436;0860;9.0
btv1b90665046;;;1301-1400;0.0;;lat;domaine public;Bibliothèque nationale de France. Département des Manuscrits. Latin 5561;1301;14.0
btv1b10033963v;;;1401-1500;0.0;;fre;domaine public;Bibliothèque nationale de France. Département des Manuscrits. Moreau 923;1401;15.0
btv1b10035693n;;;1201-1300;0.0;;lat;domaine public;Bibliothèque nationale de France. Département des manuscrits. Latin 14135;1201;13.0
btv1b108935174;;;0701-0800;0.0;;;domaine public;Bibliothèque nationale de France. Département des Manuscrits. Pelliot chinois 5588 Pièce 14;0701;8.0
btv1b9066645g;;;1201-1300;0.0;;lat;domaine public;Bibliothèque nationale de France. Département des manuscrits. Latin 15580;1201;13.0
btv1b100977941;;;0801-0900;0.0;;chi;domaine public;Bibliothèque nationale de France. Département des Manuscrits. Pelliot chinois 4575;0801;9.0
btv1b8300237j;;;0901-1000;0.0;;chi;domaine public;Bibliothèque nationale de France. Département des Manuscrits. Pelliot chinois 3920;0901;10.0
btv1b105569360;;;1401-1500;0.0;;lat;domaine public;Bibliothèque municipale de Metz. Ms. 149;1401;15.0
btv1b9059704j;;;1401-1500;0.0;;fre;domaine public;Bibliothèque nationale de France. Département des Manuscrits. Français 1468;1401;15.0
btv1b106634032;;;1101-1200;0.0;;lat;domaine public;Bibliothèque municipale de Grenoble. Ms. 34 Rés.;1101;12.0
btv1b100332903;;;1401-1500;0.0;;spa;domaine public;Bibliothèque nationale de France. Département des Manuscrits. Espagnol 458;1401;15.0
btv1b109120021;;;1490-1510;0.0;;;domaine public;4-F-143;1490;15.0
btv1b83018108;;;0675;0.0;;chi;domaine public;Bibliothèque nationale de France. Département des Manuscrits. Pelliot chinois 2195;0675;7.0
btv1b10032514c;;;1401-1500;0.0;;ita;domaine public;Bibliothèque nationale de France. Département des Manuscrits. italien 119;1401;15.0
btv1b52516264r;;;14750101-18001231;0.0;;lat;domaine public;Bibliothèque nationale de France. Département des Manuscrits. Chappée 16, 35;1475;15.0
btv1b52520085h;;;0801-0900;0.0;;;domaine public;Bibliothèque nationale de France. Département des Manuscrits. Pelliot chinois 4514 (9) 12;0801;9.0
btv1b525223699;;;0701-1000;0.0;;ine;domaine public;Bibliothèque nationale de France. Département des Manuscrits. Pelliot Koutchéen Nouvelle Série 568;0701;8.0
btv1b531384338;;;1001-1100;0.0;;grc;domaine public;Bibliothèque nationale de France. Département des Manuscrits. Supplément grec 151;1001;11.0
btv1b8302775k;;;0801-1000;0.0;;chi;domaine public;Bibliothèque nationale de France. Département des Manuscrits. Pelliot chinois 3631;0801;9.0
btv1b9061636z;;;1401-1500;0.0;;fre;domaine public;Bibliothèque nationale de France. Département des Manuscrits. Français 12555;1401;15.0
btv1b525223642;;;0701-1000;0.0;;ine;domaine public;Bibliothèque nationale de France. Département des Manuscrits. Pelliot Koutchéen Nouvelle Série 563;0701;8.0
btv1b52522334t;;;0701-1000;0.0;;ine;domaine public;Bibliothèque nationale de France. Département des Manuscrits. Pelliot Koutchéen Nouvelle Série 533;0701;8.0
btv1b10034257x;;;1301-1400;0.0;;lat;domaine public;Bibliothèque nationale de France. Département des Manuscrits. Latin 4430;1301;14.0
btv1b52507646c;;;0901-1000;0.0;;lat;domaine public;Bibliothèque nationale de France. Département des Manuscrits. Latin 4628A;0901;10.0
btv1b10721573p;;;1251-1300;0.0;;lat;domaine public;Bibliothèque nationale de France. Département des manuscrits. Latin 12426;1251;13.0
btv1b52517062f;;;1174-1286;0.0;;lat;domaine public;Bibliothèque nationale de France. Département des Manuscrits. Latin 5464 (3), pièce 83;1174;12.0
btv1b9067273q;;;1201-1300;0.0;;lat;domaine public;Bibliothèque nationale de France. Département des manuscrits. Latin 15934;1201;13.0
btv1b9065969m;;;0801-0900;0.0;;lat;domaine public;Bibliothèque nationale de France. Département des Manuscrits. Latin 2684;0801;9.0
btv1b10052865n;;;1325;0.0;;;domaine public;Bibliothèque municipale de Rouen, Ms O 4 fdeg 055 detail;1325;14.0
btv1b10037108z;;;1201-1300;0.0;;lat;domaine public;Bibliothèque nationale de France. Département des Manuscrits. Latin 11382;1201;13.0
btv1b10039101h;;;1201-1300;0.0;;lat;domaine public;Bibliothèque nationale de France. Département des manuscrits. Latin 10967;1201;13.0
btv1b8432468g;;;1050-1075;0.0;;lat;domaine public;Bibliothèque nationale de France. Département des Manuscrits. Latin 2293;1050;11.0
btv1b10782875x;;;1301-1700;0.0;;fre;domaine public;Bibliothèque nationale de France. Département des Manuscrits. Français 20138;1301;14.0
btv1b8301065g;;;0801-1000;0.0;;chi;domaine public;Bibliothèque nationale de France. Département des Manuscrits. Pelliot chinois 4661;0801;9.0
btv1b84789544;;;1401-1500;0.0;;ita;domaine public;Bibliothèque nationale de France. Département des Manuscrits. Italien 1053;1401;15.0
btv1b10015029j;;;1344;0.0;;;domaine public;Bibliothèque Carré d'art / Nîmes. Ms_70_2;1344;14.0
btv1b10515482s;;;1101-1200;0.0;;grc;domaine public;Bibliothèque nationale de France. Département des Manuscrits. Grec 550;1101;12.0
btv1b8300456k;;;0801-1000;0.0;;chi;domaine public;Bibliothèque nationale de France. Département des Manuscrits. Pelliot chinois 5578 (3);0801;9.0
btv1b10502007v;;;1401-1500;0.0;;fre;domaine public;Bibliothèque nationale de France. Département des Manuscrits. Français 111;1401;15.0
btv1b11001982v;;;1469;0.0;;ara;domaine public;Bibliothèque nationale de France. Département des manuscrits. Arabe 2311;1469;15.0
btv1b10077206p;;;1375;0.0;;fre;domaine public;Bibliothèque nationale de France. Département des Manuscrits. Français 9749;1375;14.0
btv1b525146204;;;1101-1200;0.0;;lat;domaine public;Bibliothèque nationale de France. Département des Manuscrits. Latin 1102;1101;12.0
btv1b9076954r;;;0901-1000;0.0;;lat;domaine public;Bibliothèque nationale de France. Département des Manuscrits. Latin 7503;0901;10.0
btv1b90780793;;;1301-1400;0.0;;lat;domaine public;Bibliothèque nationale de France. Département des manuscrits. Latin 14577;1301;14.0
btv1b52511263k;;;0801-0900;0.0;;lat;domaine public;Bibliothèque nationale de France. Département des Manuscrits. Latin 5596;0801;9.0
btv1b9072539f;;;1301-1400;0.0;;lat;domaine public;Bibliothèque nationale de France. Département des Manuscrits. Latin 526;1301;14.0
btv1b52500251m;;;1201-1300;0.0;;lat;domaine public;Bibliothèque nationale de France. Département des Manuscrits. Latin 8808A;1201;13.0
btv1b525161238;;;12980101-17721231;0.0;;lat;domaine public;Bibliothèque nationale de France. Département des Manuscrits. Chappée 14, 45;1298;13.0
btv1b9068314h;;;1301-1400;0.0;;lat;domaine public;Bibliothèque nationale de France. Département des Manuscrits. Latin 8042;1301;14.0
btv1b52502597s;;;1401-1500;0.0;;fre;domaine public;Bibliothèque nationale de France. Département des Manuscrits. Français 6449;1401;15.0
btv1b9058190x;;;1401-1500;0.0;;fre;domaine public;Bibliothèque nationale de France. Département des Manuscrits. Français 259;1401;15.0
btv1b10722065m;;;1101-1200;0.0;;grc;domaine public;Bibliothèque nationale de France. Département des Manuscrits. Grec 320;1101;12.0
btv1b10038553n;;;1201-1400;0.0;;lat;domaine public;Bibliothèque nationale de France. Département des Manuscrits. NAL 609;1201;13.0
btv1b83003923;;;0701-0800;0.0;;chi;domaine public;Bibliothèque nationale de France. Département des Manuscrits. Pelliot chinois 5030 2;0701;8.0
btv1b10721913q;;;1301-1400;0.0;;grc;domaine public;Bibliothèque nationale de France. Département des Manuscrits. Grec 1145;1301;14.0
btv1b83010501;;;0701-0800;0.0;;chi;domaine public;Bibliothèque nationale de France. Département des Manuscrits. Pelliot chinois 4581;0701;8.0
btv1b84522015;;;1375-1400;0.0;;lat;domaine public;Bibliothèque nationale de France. Département des Manuscrits. Latin 1403;1375;14.0
btv1b52514757w;;;14340519;0.0;;lat;domaine public;Bibliothèque nationale de France. Département des Manuscrits. Chappée 12, 12;1434;15.0
btv1b8438619j;;;1301-1400;0.0;;lat;domaine public;Bibliothèque nationale de France. Département des Manuscrits. Latin 2540;1301;14.0
btv1b9072596g;;;0801-0900;0.0;;lat;domaine public;Bibliothèque nationale de France. Département des Manuscrits. Latin 12296;0801;9.0
btv1b52510381j;;;1401-1500;0.0;;fre;domaine public;Bibliothèque nationale de France. Département des manuscrits. Français 933;1401;15.0
btv1b52514405s;;;1301-1400;0.0;;lat;domaine public;Bibliothèque nationale de France. Département des Manuscrits. Latin 6428C;1301;14.0
btv1b54100335b;;;1301-1800;0.0;;fre;domaine public;Bibliothèque nationale de France. Département des Manuscrits. Pièces originales 138 (2789);1301;14.0
btv1b8305164n;;;0801-0900;0.0;;chi;domaine public;Bibliothèque nationale de France. Département des Manuscrits. Pelliot chinois 5573 Pièce 6;0801;9.0
btv1b90679719;;;1321;0.0;;lat;domaine public;Bibliothèque nationale de France. Département des Manuscrits. Latin 8050;1321;14.0
btv1b90671044;;;0901-1000;0.0;;lat;domaine public;Bibliothèque nationale de France. Département des Manuscrits. Latin 8305;0901;10.0
btv1b90672670;;;1301-1325;0.0;;lat;domaine public;Bibliothèque nationale de France. Département des manuscrits. Latin 15814;1301;14.0
btv1b10464139n;;;1301-1400;0.0;;lat;domaine public;Bibliothèque nationale de France. Département des Manuscrits. Latin 3923;1301;14.0
btv1b9060870c;;;1401-1500;0.0;;fre;domaine public;Bibliothèque nationale de France. Département des manuscrits. Français 5410;1401;15.0
btv1b10052218n;;;1000-1025;0.0;;lat;domaine public;Bibliothèque municipale de Rouen, Ms Y 6 fdeg 033 (detail);1000;10.0
btv1b525162404;;;14750101-18001231;0.0;;lat;domaine public;Bibliothèque nationale de France. Département des Manuscrits. Chappée 16, 3;1475;15.0
btv1b105351610;;;1451-1500;0.0;;fre;domaine public;Bibliothèque nationale de France. Département des Manuscrits. Français 6487;1451;15.0
btv1b90096784;;;1401-1500;0.0;;fre;domaine public;Bibliothèque nationale de France. Département des Manuscrits. Français 268;1401;15.0
btv1b10884719t;;;1345;0.0;;ara;domaine public;Bibliothèque nationale de France. Département des Manuscrits. Arabe 2283;1345;14.0
btv1b10037045w;;;1401-1500;0.0;;lat;domaine public;Bibliothèque nationale de France. Département des Manuscrits. Latin 7891;1401;15.0
btv1b53189960z;;;1301-1400;0.0;;;domaine public;Bibliothèque nationale de France. Département des Manuscrits. Supplément grec 1388;1301;14.0
btv1b100771408;;;1450-1500;0.0;;spa;domaine public;Bibliothèque nationale de France. Département des Manuscrits. Espagnol 230;1450;15.0
btv1b107231588;;;1401-1500;0.0;;lat;domaine public;Bibliothèque nationale de France. Département des Manuscrits. Latin 8570;1401;15.0
btv1b52522151j;;;0701-1000;0.0;;ine;domaine public;Bibliothèque nationale de France. Département des Manuscrits. Pelliot Koutchéen Nouvelle Série 1008;0701;8.0
btv1b100965565;;;0701-0800;0.0;;chi;domaine public;Bibliothèque nationale de France. Département des Manuscrits. Pelliot chinois 3901 (+ 3686 + 4867);0701;8.0
btv1b55010594d;;;1301-1400;0.0;;fre;domaine public;Bibliothèque nationale de France. Département des Manuscrits. Français 20350;1301;14.0
btv1b10038292q;;;1201-1300;0.0;;lat;domaine public;Bibliothèque nationale de France. Département des manuscrits. Latin 13198;1201;13.0
btv1b100371814;;;1389;0.0;;lat;domaine public;Bibliothèque nationale de France. Département des Manuscrits. Latin 7721;1389;14.0
btv1b525136056;;;1301-1400;0.0;;fre;domaine public;Bibliothèque nationale de France. Département des Manuscrits. Français 25379;1301;14.0
btv1b84229789;;;1101-1200;0.0;;lat;domaine public;Bibliothèque nationale de France. Département des Manuscrits. Latin 12601;1101;12.0
btv1b10097944q;;;0801-1000;0.0;;chi;domaine public;Bibliothèque nationale de France. Département des Manuscrits. Pelliot chinois 4804;0801;9.0
btv1b8301027s;;;0701-0800;0.0;;;domaine public;Bibliothèque nationale de France. Département des Manuscrits. Pelliot chinois 5029 D 17;0701;8.0
btv1b11002302m;;;1337;0.0;;ara;domaine public;Bibliothèque nationale de France. Département des manuscrits. Arabe 2919;1337;14.0
btv1b8301359s;;;0801-1000;0.0;;chi;domaine public;Bibliothèque nationale de France. Département des Manuscrits. Pelliot chinois 4035;0801;9.0
btv1b52504504d;;;0901-1000;0.0;;lat;domaine public;Bibliothèque nationale de France. Département des Manuscrits. Latin 10757;0901;10.0
btv1b10724030t;;;1001-1100;0.0;;grc;domaine public;Bibliothèque nationale de France. Département des Manuscrits. Grec 691;1001;11.0
btv1b90655467;;;1490;0.0;;ara;domaine public;Bibliothèque nationale de France. Département des Manuscrits. Arabe 5526;1490;15.0
btv1b100371742;;;1101-1200;0.0;;lat;domaine public;Bibliothèque nationale de France. Département des Manuscrits. Latin 5230A;1101;12.0
btv1b10723240n;;;1001-1100;0.0;;grc;domaine public;Bibliothèque nationale de France. Département des Manuscrits. Grec 1488;1001;11.0
btv1b105483882;;;1401-1500;0.0;;fre;domaine public;Bibliothèque nationale de France. Département des Manuscrits. Hébreu 936;1401;15.0
btv1b10038677n;;;1201-1300;0.0;;lat;domaine public;Bibliothèque nationale de France. Département des Manuscrits. Latin 14853;1201;13.0
btv1b9058295b;;;1401-1500;0.0;;fre;domaine public;Bibliothèque nationale de France. Département des Manuscrits. Français 1649;1401;15.0
btv1b90670805;;;1401-1500;0.0;;lat;domaine public;Bibliothèque nationale de France. Département des manuscrits. Latin 7718A;1401;15.0
btv1b110028425;;;1301-1400;0.0;;ara;domaine public;Bibliothèque nationale de France. Département des manuscrits. Arabe 3345;1301;14.0
btv1b10723064h;;;1101-1200;0.0;;grc;domaine public;Bibliothèque nationale de France. Département des Manuscrits. Grec 711;1101;12.0
btv1b10868282f;;;1201-1300;0.0;;fre;domaine public;Bibliothèque nationale de France. Département des Manuscrits. Français 25524;1201;13.0
btv1b10558415h;;;1201-1300;0.0;;lat;domaine public;Bibliothèque municipale de Nantes. Ms 30;1201;13.0
btv1b9063636k;;;1301-1400;0.0;;fre;domaine public;Bibliothèque nationale de France. Département des Manuscrits. Français 25213;1301;14.0
btv1b525041700;;;1125-1150;0.0;;lat;domaine public;Bibliothèque nationale de France. Département des Manuscrits. Latin 17546;1125;12.0
btv1b90594819;;;1301-1400;0.0;;fre;domaine public;Bibliothèque nationale de France. Département des Manuscrits. Français 2655;1301;14.0
btv1b108840964;;;1401-1455;0.0;;lat;domaine public;Bibliothèque nationale de France. Bibliothèque de l'Arsenal. Ms-575 réserve;1401;15.0
btv1b52513294z;;;1201-1300;0.0;;srp;domaine public;Bibliothèque nationale de France. Département des Manuscrits. Slave 10;1201;13.0
btv1b9062290p;;;1401-1500;0.0;;fre;domaine public;Bibliothèque nationale de France. Département des manuscrits. Français 19989;1401;15.0
btv1b8550864c;;;1401-1500;0.0;;lat;domaine public;Bibliothèque nationale de France. Département des Manuscrits. Latin 3855;1401;15.0
btv1b52516748m;;;1301-1400;0.0;;lat;domaine public;Bibliothèque nationale de France. Département des Manuscrits. NAL 1485;1301;14.0
btv1b52516024b;;;14760101-17721231;0.0;;lat;domaine public;Bibliothèque nationale de France. Département des Manuscrits. Chappée 15, 5;1476;15.0
btv1b8300135c;;;0901-1000;0.0;;;domaine public;Bibliothèque nationale de France. Département des Manuscrits. Pelliot chinois 4514 (2) 20;0901;10.0
btv1b9001016g;;;1301-1800;0.0;;fre;domaine public;Bibliothèque nationale de France. Département des Manuscrits. Clairambault 1164;1301;14.0
btv1b10866834v;;;1150-1200;0.0;;lat;domaine public;Bibliothèque nationale de France. Département des Manuscrits. Latin 245;1150;12.0
btv1b110011961;;;1475;0.0;;ara;domaine public;Bibliothèque nationale de France. Département des Manuscrits. Arabe 1567;1475;15.0
btv1b52508466s;;;1463;0.0;;lat;domaine public;Bibliothèque nationale de France. Département des Manuscrits. NAL 1200;1463;15.0
btv1b10723333z;;;1301-1400;0.0;;grc;domaine public;Bibliothèque nationale de France. Département des Manuscrits. Grec 1768;1301;14.0
btv1b107218191;;;1201-1300;0.0;;grc;domaine public;Bibliothèque nationale de France. Département des Manuscrits. Grec 880;1201;13.0
btv1b9066108g;;;1461-1474;0.0;;lat;domaine public;Bibliothèque nationale de France. Département des manuscrits. Latin 3648B;1461;15.0
btv1b10524347z;;;1101-1200;0.0;;;domaine public;Bibliothèque nationale de France. Département des Manuscrits. Smith-Lesouëf 4;1101;12.0
btv1b52515884h;;;13160101-18021231;0.0;;lat;domaine public;Bibliothèque nationale de France. Département des Manuscrits. Chappée 13, 41, 2;1316;14.0
btv1b9066747n;;;1280-1290;0.0;;lat;domaine public;Bibliothèque nationale de France. Département des Manuscrits. Latin 10435;1280;13.0
btv1b10548380g;;;1480;0.0;;heb;domaine public;Bibliothèque nationale de France. Département des Manuscrits. Hébreu 998;1480;15.0
btv1b525062687;;;0801-0900;0.0;;lat;domaine public;Bibliothèque nationale de France. Département des Manuscrits. NAL 1601;0801;9.0
btv1b11001857g;;;1401-1500;0.0;;ara;domaine public;Bibliothèque nationale de France. Département des manuscrits. Arabe 3219;1401;15.0
btv1b10097874k;;;0901-1000;0.0;;chi;domaine public;Bibliothèque nationale de France. Département des Manuscrits. Pelliot chinois 4707;0901;10.0
btv1b8452666w;;;1101-1300;0.0;;lat;domaine public;Bibliothèque nationale de France. Département des manuscrits. NAL 1691;1101;12.0
btv1b9006778j;;;1301-1400;0.0;;fre;domaine public;Bibliothèque nationale de France. Département des manuscrits. Français 8328;1301;14.0
btv1b100367975;;;1190-1210;0.0;;lat;domaine public;Bibliothèque nationale de France. Département des Manuscrits. Latin 10101;1190;12.0
btv1b107207627;;;0901-1000;0.0;;lat;domaine public;Bibliothèque nationale de France. Département des manuscrits. Latin 13387;0901;10.0
btv1b10024825r;;;1401-1500;0.0;;lat;domaine public;Bibliothèque nationale de France. Département des Manuscrits. Latin 1157;1401;15.0
btv1b10034730v;;;1375-1400;0.0;;lat;domaine public;Bibliothèque nationale de France. Département des manuscrits. Latin 14553;1375;14.0
btv1b525194633;;;1301-1800;0.0;;fre;domaine public;Bibliothèque nationale de France. Département des Manuscrits. PO 2512, dossier 56302;1301;14.0
btv1b90646735;;;1342;0.0;;heb;domaine public;Bibliothèque nationale de France. Département des Manuscrits. Hébreu 1028;1342;14.0
btv1b105570826;;;1101-1200;0.0;;lat;domaine public;Bibliothèque municipale de Metz. Ms. 518;1101;12.0
btv1b11002872d;;;1219-1220;0.0;;ara;domaine public;Bibliothèque nationale de France. Département des manuscrits. Arabe 3280;1219;13.0
btv1b10884593p;;;1353-1354;0.0;;ara;domaine public;Bibliothèque nationale de France. Département des Manuscrits. Arabe 4003;1353;14.0
btv1b525199630;;;1301-1400;0.0;;lat;domaine public;Bibliothèque nationale de France. Département des Manuscrits. Latin 4527;1301;14.0
btv1b9006861m;;;1401-1500;0.0;;fre;domaine public;Bibliothèque nationale de France. Département des Manuscrits. Français 1275;1401;15.0
btv1b10542291w;;;1101-1115;0.0;;lat;domaine public;Bibliothèque nationale de France. Département des Manuscrits. Latin 12197;1101;12.0
btv1b90676570;;;1086-1100;0.0;;lat;domaine public;Bibliothèque nationale de France. Département des Manuscrits. Latin 5672;1086;11.0
btv1b10032470p;;;1301-1400;0.0;;lat;domaine public;Bibliothèque nationale de France. Département des Manuscrits. Latin 7470;1301;14.0
btv1b525259579;;;0801-0900;0.0;;lat;domaine public;Bibliothèque nationale de France. Département des Manuscrits. Latin 7690;0801;9.0
btv1b520004421;;;1401-1500;0.0;;lat;domaine public;Bibliothèque nationale de France. Département des Manuscrits. Latin 8684;1401;15.0
btv1b10721224x;;;1101-1200;0.0;;lat;domaine public;Bibliothèque nationale de France. Département des manuscrits. Latin 3794;1101;12.0
btv1b9067072m;;;1233-1239;0.0;;lat;domaine public;Bibliothèque nationale de France. Département des Manuscrits. Latin 8884;1233;13.0
btv1b8300386c;;;0801-1000;0.0;;;domaine public;Bibliothèque nationale de France. Département des Manuscrits. Pelliot chinois 5029 H 5;0801;9.0
btv1b10549447p;;;1401-1500;0.0;;fre;domaine public;Bibliothèque nationale de France. Département des Manuscrits. NAF 23126;1401;15.0
btv1b52512907w;;;1275-1400;0.0;;lat;domaine public;Bibliothèque nationale de France. Département des Manuscrits. Latin 1007A;1275;13.0
btv1b100337722;;;1465;0.0;;lat;domaine public;Bibliothèque nationale de France. Département des Manuscrits. Latin 5825F;1465;15.0
btv1b9067155f;;;1375-1400;0.0;;lat;domaine public;Bibliothèque nationale de France. Département des manuscrits. Latin 16614;1375;14.0
btv1b11000044b;;;1401-1500;0.0;;grc;domaine public;Bibliothèque nationale de France. Département des Manuscrits. Grec 1222;1401;15.0
btv1b10081174j;;;1301-1800;0.0;;fre;domaine public;Bibliothèque nationale de France. Département des Manuscrits. Français 28156 (Pièces originales 1672);1301;14.0
btv1b52516678g;;;14090101-18001231;0.0;;lat;domaine public;Bibliothèque nationale de France. Département des Manuscrits. Chappée 17.3, 49;1409;15.0
btv1b108934720;;;0801-0900;0.0;;chi;domaine public;Bibliothèque nationale de France. Département des Manuscrits. Pelliot chinois 5579 (18) [+ 5579 (3)];0801;9.0
btv1b52516133p;;;12980101-17721231;0.0;;lat;domaine public;Bibliothèque nationale de France. Département des Manuscrits. Chappée 14, 15;1298;13.0
btv1b10073850z;;;0801-1100;0.0;;lat;domaine public;Bibliothèque nationale de France. Département des Manuscrits. Latin 1745;0801;9.0
btv1b10034533f;;;1201-1225;0.0;;lat;domaine public;Bibliothèque nationale de France. Département des manuscrits. Latin 14794;1201;13.0
btv1b108531895;;;1301-1400;0.0;;lat;domaine public;Bibliothèque nationale de France. Département des Manuscrits. Latin 4541;1301;14.0
btv1b100370502;;;1101-1200;0.0;;lat;domaine public;Bibliothèque nationale de France. Département des Manuscrits. Latin 2903;1101;12.0
btv1b10034657f;;;1401-1500;0.0;;lat;domaine public;Bibliothèque nationale de France. Département des manuscrits. Latin 13327;1401;15.0
btv1b100325954;;;1401-1500;0.0;;lat;domaine public;Bibliothèque nationale de France. Département des Manuscrits. Latin 4152;1401;15.0
btv1b52508869n;;;1453;0.0;;fre;domaine public;Bibliothèque nationale de France. Département des Manuscrits. NAF 6593;1453;15.0
btv1b10033740x;;;0701-0800;0.0;;lat;domaine public;Bibliothèque nationale de France. Département des Manuscrits. Latin 2706;0701;8.0
btv1b9059664g;;;1500-1520;0.0;;fre;domaine public;Bibliothèque nationale de France. Département des Manuscrits. Français 1639;1500;15.0
btv1b52525931s;;;1401-1500;0.0;;fre;domaine public;Bibliothèque nationale de France. Département des Manuscrits. Français 12570;1401;15.0
btv1b90662045;;;1401-1500;0.0;;lat;domaine public;Bibliothèque nationale de France. Département des Manuscrits. Latin 8677;1401;15.0
btv1b52523732s;;;1401-1500;0.0;;lat;domaine public;Bibliothèque nationale de France. Département des Manuscrits. Latin 9681;1401;15.0
btv1b90588517;;;1401-1500;0.0;;fre;domaine public;Bibliothèque nationale de France. Département des Manuscrits. Français 1652;1401;15.0
btv1b100818333;;;1301-1800;0.0;;fre;domaine public;Bibliothèque nationale de France. Département des Manuscrits. Français 26897 (Pièces originales 413);1301;14.0
btv1b84540139;;;1400-1500;0.0;;lat;domaine public;Bibliothèque muncipale de Rouen. Ms. A. 13;1400;14.0
btv1b10097270h;;;0801-1000;0.0;;;domaine public;Bibliothèque nationale de France. Département des Manuscrits. Pelliot Chinois 5584 (1-2);0801;9.0
btv1b102246673;;;1452;0.0;;ara;domaine public;Bibliothèque nationale et universitaire de Strasbourg. Ms.4.221;1452;15.0
btv1b10866827s;;;1302-1310;0.0;;lat;domaine public;Bibliothèque nationale de France. Département des Manuscrits. Latin 10286;1302;14.0
btv1b52503819v;;;1101-1200;0.0;;lat;domaine public;Bibliothèque nationale de France. Département des Manuscrits. Latin 10308;1101;12.0
btv1b8300891d;;;0701-0900;0.0;;chi;domaine public;Bibliothèque nationale de France. Département des Manuscrits. Pelliot chinois 3695;0701;8.0
btv1b10052148h;;;1325;0.0;;;domaine public;Bibliothèque municipale de Rouen, Ms O 4 fdeg 168v detail;1325;14.0
btv1b100333876;;;1375-1400;0.0;;lat;domaine public;Bibliothèque nationale de France. Département des Manuscrits. Latin 4946;1375;14.0
btv1b525144067;;;1401-1500;0.0;;fre;domaine public;Bibliothèque nationale de France. Département des Manuscrits. Français 927;1401;15.0
btv1b8541005s;;;1101-1200;0.0;;lat;domaine public;Bibliothèque nationale de France. Département des Manuscrits. Latin 11580;1101;12.0
btv1b107233401;;;1300-1325;0.0;;grc;domaine public;Bibliothèque nationale de France. Département des Manuscrits. Grec 2004;1300;13.0
btv1b10081410d;;;1301-1800;0.0;;fre;domaine public;Bibliothèque nationale de France. Département des Manuscrits. Français 29333 (Pièces originales 2849);1301;14.0
btv1b100364702;;;1101-1200;0.0;;lat;domaine public;Bibliothèque nationale de France. Département des Manuscrits. Latin 11566;1101;12.0
btv1b10091340k;;;0501-1300;0.0;;;domaine public;Bibliothèque nationale de France. Département des Manuscrits. Syriaque 389;0501;6.0
btv1b10036349g;;;1401-1500;0.0;;lat;domaine public;Bibliothèque nationale de France. Département des Manuscrits. Latin 7158;1401;15.0
btv1b8422985f;;;1201-1300;0.0;;lat;domaine public;Bibliothèque nationale de France. Département des Manuscrits. Latin 9425;1201;13.0
btv1b110011766;;;1401-1500;0.0;;ara;domaine public;Bibliothèque nationale de France. Département des Manuscrits. Arabe 1506;1401;15.0
btv1b107203707;;;1301-1400;0.0;;heb;domaine public;Bibliothèque nationale de France. Département des Manuscrits. Hébreu 445;1301;14.0
btv1b9078286x;;;1001-1100;0.0;;lat;domaine public;Bibliothèque nationale de France. Département des Manuscrits. Latin 9541;1001;11.0
btv1b8300059f;;;0901-1000;0.0;;;domaine public;Bibliothèque nationale de France. Département des Manuscrits. Pelliot sanscrit Dunhuang 8;0901;10.0
btv1b83003352;;;0801-0900;0.0;;chi;domaine public;Bibliothèque nationale de France. Département des Manuscrits. Pelliot chinois 5028 (10);0801;9.0
btv1b10038454q;;;1275-1400;0.0;;lat;domaine public;Bibliothèque nationale de France. Département des manuscrits. Latin 703;1275;13.0
btv1b525122880;;;1301-1500;0.0;;lat;domaine public;Bibliothèque nationale de France. Département des Manuscrits. Latin 7286;1301;14.0
btv1b10465818c;;;1401-1500;0.0;;fre;Conditions spécifiques d'utilisation (sous convention Europeana ARMA - CC BY-SA 2.0).;Bibliothèque nationale de France. Département des Manuscrits. Français 346;1401;15.0
btv1b10788464m;;;1301-1600;0.0;;fre;domaine public;Bibliothèque nationale de France. Département des Manuscrits. Français 2920;1301;14.0
btv1b10507341p;;;1471;0.0;;fre;domaine public;Bibliothèque nationale de France. Département des Manuscrits. Français 2609;1471;15.0
btv1b9065989c;;;1401-1500;0.0;;lat;domaine public;Bibliothèque nationale de France. Département des Manuscrits. Latin 7267A;1401;15.0
btv1b10033384v;;;1201-1300;0.0;;lat;domaine public;Bibliothèque nationale de France. Département des manuscrits. Latin 8080;1201;13.0
btv1b100369773;;;1201-1300;0.0;;lat;domaine public;Bibliothèque nationale de France. Département des Manuscrits. Latin 9400;1201;13.0
btv1b10554651r;;;1101-1200;0.0;;;domaine public;Montpellier Méditerranée Métropole - Médiathèque centrale Emile Zola. MS0016-16;1101;12.0
btv1b110011531;;;1401-1500;0.0;;ara;domaine public;Bibliothèque nationale de France. Département des Manuscrits. Arabe 1013;1401;15.0
btv1b11004427r;;;1401-1600;0.0;;ara;domaine public;Bibliothèque nationale de France. Département des Manuscrits. Arabe 780;1401;15.0
btv1b8426258c;;;1496-1498;0.0;;fre;domaine public;Bibliothèque nationale de France. Département des Manuscrits. Français 143;1496;15.0
btv1b100978573;;;0901-1000;0.0;;chi;domaine public;Bibliothèque nationale de France. Département des Manuscrits. Pelliot chinois 4677;0901;10.0
btv1b10554641b;;;1101-1200;0.0;;;domaine public;Montpellier Méditerranée Métropole - Médiathèque centrale Emile Zola. MS0016-05;1101;12.0
btv1b9076460r;;;1301-1500;0.0;;lat;domaine public;Bibliothèque nationale de France. Département des Manuscrits. Latin 543;1301;14.0
btv1b8454699w;;;1400-1420;0.0;;lat;domaine public;Bibliothèque nationale de France. Département des Manuscrits. Latin 961 (1);1400;14.0
btv1b8470212w;;;1401-1425;0.0;;lat;domaine public;Bibliothèque nationale de France. Département des Manuscrits. Latin 1196;1401;15.0
btv1b10722971n;;;1401-1500;0.0;;grc;domaine public;Bibliothèque nationale de France. Département des Manuscrits. Grec 1864;1401;15.0
btv1b52507469s;;;1201-1300;0.0;;lat;domaine public;Bibliothèque nationale de France. Département des manuscrits. Latin 374;1201;13.0
btv1b10036384w;;;0801-0900;0.0;;lat;domaine public;Bibliothèque nationale de France. Département des Manuscrits. NAL 442;0801;9.0
btv1b9066156j;;;1401-1500;0.0;;lat;domaine public;Bibliothèque nationale de France. Département des Manuscrits. Latin 14282;1401;15.0
btv1b10076480q;;;1001-1025;0.0;;lat;domaine public;Bibliothèque nationale de France. Département des Manuscrits. Latin 1121;1001;11.0
btv1b107203830;;;1401-1500;0.0;;heb;domaine public;Bibliothèque nationale de France. Département des Manuscrits. Hébreu 726;1401;15.0
btv1b107212869;;;1201-1300;0.0;;lat;domaine public;Bibliothèque nationale de France. Département des manuscrits. Latin 9986;1201;13.0
btv1b9059518w;;;1401-1500;0.0;;fre;domaine public;Bibliothèque nationale de France. Département des manuscrits. Français 5024;1401;15.0
btv1b8301031p;;;0601-0700;0.0;;chi;domaine public;Bibliothèque nationale de France. Département des Manuscrits. Pelliot chinois 5522;0601;7.0
btv1b10032726f;;;0901-1000;0.0;;lat;domaine public;Bibliothèque nationale de France. Département des Manuscrits. Latin 4279;0901;10.0
btv1b84497182;;;1380-1390;0.0;;fre;domaine public;Bibliothèque nationale de France. Département des Manuscrits. Français 176;1380;14.0
btv1b90661391;;;0986-1000;0.0;;lat;domaine public;Bibliothèque nationale de France. Département des Manuscrits. Latin 12148;0986;10.0
btv1b52516164c;;;14820101-17871231;0.0;;lat;domaine public;Bibliothèque nationale de France. Département des Manuscrits. Chappée 17.1, 61;1482;15.0
btv1b100869247;;;1491;0.0;;fre;domaine public;Bibliothèque nationale de France. Département des Manuscrits. NAF 10020;1491;15.0
btv1b10523250h;;;1445-1467;0.0;;lat;domaine public;Bibliothèque nationale de France. Département des Manuscrits. Latin 3618;1445;15.0
btv1b10539515m;;;1400;0.0;;heb;domaine public;Bibliothèque nationale de France. Département des Manuscrits. Hébreu 1185;1400;14.0
btv1b52509410c;;;1401-1500;0.0;;lat;domaine public;Bibliothèque nationale de France. Département des manuscrits. Latin 3221;1401;15.0
btv1b10097705r;;;0901-1000;0.0;;chi;domaine public;Bibliothèque nationale de France. Département des Manuscrits. Pelliot chinois 4022;0901;10.0
btv1b10723943n;;;1101-1200;0.0;;grc;domaine public;Bibliothèque nationale de France. Département des Manuscrits. Grec 576;1101;12.0
btv1b525243673;;;1401-1500;0.0;;ara;domaine public;Bibliothèque nationale de France. Département des Manuscrits. Arabe 2325;1401;15.0
btv1b100500614;;;1325;0.0;;;domaine public;Bibliothèque municipale de Rouen, Ms O 4 fdeg 167 detail;1325;14.0
btv1b10884685j;;;1301-1400;0.0;;ara;domaine public;Bibliothèque nationale de France. Département des Manuscrits. Arabe 6073;1301;14.0
btv1b9066523j;;;1401-1500;0.0;;lat;domaine public;Bibliothèque nationale de France. Département des Manuscrits. Latin 6729A;1401;15.0
btv1b9058962c;;;1201-1300;0.0;;fre;domaine public;Bibliothèque nationale de France. Département des Manuscrits. Français 2827;1201;13.0
btv1b10721338h;;;1469;0.0;;heb;domaine public;Bibliothèque nationale de France. Département des Manuscrits. Hébreu 741;1469;15.0
btv1b10038621w;;;1375-1500;0.0;;lat;domaine public;Bibliothèque nationale de France. Département des Manuscrits. Latin 91;1375;14.0
btv1b105423416;;;1393;0.0;;heb;domaine public;Bibliothèque nationale de France. Département des Manuscrits. Hébreu 381;1393;14.0
btv1b90010063;;;1301-1800;0.0;;fre;domaine public;Bibliothèque nationale de France. Département des Manuscrits. Clairambault 1161;1301;14.0
btv1b10556815b;;;1401-1500;0.0;;;domaine public;Montpellier Méditerranée Métropole - Médiathèque centrale Emile Zola. Ms0026;1401;15.0
btv1b11004614r;;;1301-1400;0.0;;ara;domaine public;Bibliothèque nationale de France. Département des Manuscrits. Arabe 151;1301;14.0
btv1b525161094;;;12980101-17721231;0.0;;lat;domaine public;Bibliothèque nationale de France. Département des Manuscrits. Chappée 14, 30;1298;13.0
btv1b11000108v;;;1401-1500;0.0;;grc;domaine public;Bibliothèque nationale de France. Département des Manuscrits. Coislin 98;1401;15.0
btv1b8300247x;;;0901-1000;0.0;;chi;domaine public;Bibliothèque nationale de France. Département des Manuscrits. Pelliot chinois 3650 A et B;0901;10.0
btv1b102246226;;;14590418;0.0;;ger;domaine public;Bibliothèque nationale et universitaire de Strasbourg. Ms.2.261;1459;15.0
btv1b102247805;;;1401-1500;0.0;;ger;domaine public;Bibliothèque nationale et universitaire de Strasbourg. Ms.1.992;1401;15.0
btv1b10866994q;;;1400-1425;0.0;;lat;domaine public;Bibliothèque nationale de France. Département des Manuscrits. Latin 5264;1400;14.0
btv1b525088686;;;1125-1200;0.0;;lat;domaine public;Bibliothèque nationale de France. Département des Manuscrits. NAL 181;1125;12.0
btv1b10076279k;;;1201-1300;0.0;;lat;domaine public;Bibliothèque nationale de France. Département des Manuscrits. NAL 1761;1201;13.0
btv1b10721809m;;;1201-1300;0.0;;grc;domaine public;Bibliothèque nationale de France. Département des Manuscrits. Grec 159;1201;13.0
btv1b10080810k;;;1301-1800;0.0;;fre;domaine public;Bibliothèque nationale de France. Département des Manuscrits. Français 27804 (Pièces originales 1320);1301;14.0
btv1b102348190;;;1401-1900;0.0;;ger;domaine public;Bibliothèque nationale et universitaire de Strasbourg. Ms.5.513;1401;15.0
btv1b9067981p;;;0901-1000;0.0;;lat;domaine public;Bibliothèque nationale de France. Département des Manuscrits. Latin 6638;0901;10.0
btv1b83003530;;;0701-0800;0.0;;;domaine public;Bibliothèque nationale de France. Département des Manuscrits. Pelliot chinois 5029 D 9;0701;8.0
btv1b525223731;;;0701-1000;0.0;;ine;domaine public;Bibliothèque nationale de France. Département des Manuscrits. Pelliot Koutchéen Nouvelle Série 572;0701;8.0
btv1b10052187q;;;1325;0.0;;;domaine public;Bibliothèque municipale de Rouen, Ms O 4 fdeg 333 detail;1325;14.0
btv1b10721686t;;;1201-1300;0.0;;grc;domaine public;Bibliothèque nationale de France. Département des Manuscrits. Grec 873;1201;13.0
btv1b110001277;;;0901-1000;0.0;;grc;domaine public;Bibliothèque nationale de France. Département des Manuscrits. Supplément grec 678;0901;10.0
btv1b105600160;;;1225-1250;0.0;;fre;domaine public;Bibliothèque municipale de Toulouse. Ms. 24;1225;13.0
btv1b8300288v;;;0801-0900;0.0;;chi;domaine public;Bibliothèque nationale de France. Département des Manuscrits. Pelliot chinois 4722;0801;9.0
btv1b10097967w;;;0601-0700;0.0;;chi;domaine public;Bibliothèque nationale de France. Département des Manuscrits. Pelliot chinois 4834;0601;7.0
btv1b11004850c;;;1101-1200;0.0;;;domaine public;Bibliothèque nationale de France. Département des Manuscrits. Supplément grec 29;1101;12.0
btv1b52522122r;;;0701-1000;0.0;;ine;domaine public;Bibliothèque nationale de France. Département des Manuscrits. Pelliot Koutchéen Nouvelle Série 979;0701;8.0
btv1b8490078h;;;1101-1200;0.0;;lat;domaine public;Bibliothèque nationale de France. Bibliothèque de l'Arsenal. Ms-578;1101;12.0
btv1b10036426p;;;1301-1400;0.0;;ita;domaine public;Bibliothèque nationale de France. Département des Manuscrits. italien 1079;1301;14.0
btv1b525263759;;;1301-1800;0.0;;fre;domaine public;Bibliothèque nationale de France. Département des Manuscrits. PO 1875, dossier 43142;1301;14.0
btv1b11000191f;;;1401-1500;0.0;;grc;domaine public;Bibliothèque nationale de France. Département des Manuscrits. Supplément grec 444;1401;15.0
btv1b10866574c;;;1399;0.0;;lat;domaine public;Bibliothèque nationale de France. Département des Manuscrits. Latin 6430;1399;14.0
btv1b10031387h;;;1301-1400;0.0;;ara;domaine public;Bibliothèque nationale de France. Département des manuscrits. Arabe 6284;1301;14.0
btv1b10539349w;;;1476;0.0;;heb;domaine public;Bibliothèque nationale de France. Département des Manuscrits. Hébreu 921;1476;15.0
btv1b10032821k;;;1401-1425;0.0;;ita;domaine public;Bibliothèque nationale de France. Département des Manuscrits. italien 14;1401;15.0
btv1b53285993f;;;1270-1290;0.0;;fre;domaine public;Bibliothèque nationale de France. Département des Manuscrits. Français 1110;1270;13.0
btv1b10560070s;;;1301-1400;0.0;;lat;domaine public;Bibliothèque municipale de Toulouse. Ms. 98;1301;14.0
btv1b11001505c;;;14650615;0.0;;ara;domaine public;Bibliothèque nationale de France. Département des Manuscrits. Arabe 1177;1465;15.0
btv1b10081624c;;;1301-1800;0.0;;fre;domaine public;Bibliothèque nationale de France. Département des Manuscrits. Français 26505 (Pièces originales 21);1301;14.0
btv1b83008544;;;0701-0900;0.0;;chi;domaine public;Bibliothèque nationale de France. Département des Manuscrits. Pelliot chinois 4938;0701;8.0
btv1b10034599m;;;1201-1300;0.0;;lat;domaine public;Bibliothèque nationale de France. Département des Manuscrits. Latin 15218;1201;13.0
btv1b10539367t;;;1377;0.0;;heb;domaine public;Bibliothèque nationale de France. Département des Manuscrits. Hébreu 401;1377;14.0
btv1b10076230w;;;1201-1300;0.0;;grc;domaine public;Bibliothèque nationale de France. Département des Manuscrits. Grec 1843;1201;13.0
btv1b10036947v;;;1431-1438;0.0;;lat;domaine public;Bibliothèque nationale de France. Département des Manuscrits. Latin 15622;1431;15.0
btv1b105548430;;;1301-1400;0.0;;;domaine public;Montpellier Méditerranée Métropole - Médiathèque centrale Emile Zola. MS0330-01;1301;14.0
btv1b10097768k;;;0701-0800;0.0;;chi;domaine public;Bibliothèque nationale de France. Département des Manuscrits. Pelliot chinois 4547;0701;8.0
btv1b10557130m;;;1401-1500;0.0;;lat;domaine public;Bibliothèque municipale de Metz. Ms. 631;1401;15.0
btv1b52000446t;;;1250-1325;0.0;;ara;domaine public;Bibliothèque nationale de France. Département des Manuscrits. Arabe 2221;1250;13.0
btv1b90581935;;;1401-1500;0.0;;fre;domaine public;Bibliothèque nationale de France. Département des Manuscrits. Français 1502;1401;15.0
btv1b52514028f;;;1201-1300;0.0;;grc;domaine public;Bibliothèque nationale de France. Département des Manuscrits. Grec 1971;1201;13.0
btv1b110003001;;;1101-1200;0.0;;grc;domaine public;Bibliothèque nationale de France. Département des Manuscrits. Grec 845;1101;12.0
btv1b9065885c;;;1201-1300;0.0;;lat;domaine public;Bibliothèque nationale de France. Département des Manuscrits. Latin 16088;1201;13.0
btv1b107231499;;;1301-1400;0.0;;grc;domaine public;Bibliothèque nationale de France. Département des Manuscrits. Grec 1640;1301;14.0
btv1b10035785h;;;1401-1500;0.0;;lat;domaine public;Bibliothèque nationale de France. Département des Manuscrits. Latin 5775;1401;15.0
btv1b10081710j;;;1301-1800;0.0;;fre;domaine public;Bibliothèque nationale de France. Département des Manuscrits. Français 29216 (Pièces originales 2732);1301;14.0
btv1b52512281v;;;0901-1000;0.0;;lat;domaine public;Bibliothèque nationale de France. Département des Manuscrits. Latin 13909;0901;10.0
btv1b8303186m;;;0401-0500;0.0;;chi;domaine public;Bibliothèque nationale de France. Département des Manuscrits. Pelliot chinois 4506;0401;5.0
btv1b52522412g;;;0701-1000;0.0;;ine;domaine public;Bibliothèque nationale de France. Département des Manuscrits. Pelliot Koutchéen Nouvelle Série 612;0701;8.0
btv1b10842890j;;;1250-1300;0.0;;fre;domaine public;Bibliothèque nationale de France. Département des Manuscrits. Français 9574;1250;13.0
btv1b8301686q;;;0401-0500;0.0;;chi;domaine public;Bibliothèque nationale de France. Département des Manuscrits. Pelliot chinois 5589 (18);0401;5.0
btv1b10051124j;;;1325;0.0;;;domaine public;Bibliothèque municipale de Rouen, Ms O 4 fdeg 179 detail;1325;14.0
btv1b90659953;;;1176-1200;0.0;;lat;domaine public;Bibliothèque nationale de France. Département des Manuscrits. Latin 6040;1176;12.0
btv1b10546772s;;;0801-0900;0.0;;lat;domaine public;Bibliothèque nationale de France. Département des Manuscrits. Latin 12957;0801;9.0
btv1b11002267z;;;1213;0.0;;ara;domaine public;Bibliothèque nationale de France. Département des manuscrits. Arabe 3086;1213;13.0
btv1b10722822n;;;1001-1100;0.0;;grc;domaine public;Bibliothèque nationale de France. Département des Manuscrits. Grec 1320;1001;11.0
btv1b104680670;;;1426-1450;0.0;;fre;Conditions spécifiques d'utilisation (sous convention Europeana ARMA - CC BY-SA 2.0).;Bibliothèque nationale de France. Département des Manuscrits. Français 7;1426;15.0
btv1b10888215h;;;1401-1500;0.0;;heb;domaine public;Bibliothèque nationale de France. Département des Manuscrits. Hébreu 1080;1401;15.0
btv1b90668314;;;1301-1400;0.0;;lat;domaine public;Bibliothèque nationale de France. Département des Manuscrits. Latin 6318;1301;14.0
btv1b90616270;;;1401-1800;0.0;;fre;domaine public;Bibliothèque nationale de France. Département des Manuscrits. Français 15779;1401;15.0
btv1b52522545f;;;0701-1000;0.0;;ine;domaine public;Bibliothèque nationale de France. Département des Manuscrits. Pelliot Koutchéen Nouvelle Série 750;0701;8.0
btv1b100389268;;;1001-1100;0.0;;lat;domaine public;Bibliothèque nationale de France. Département des Manuscrits. Latin 12218;1001;11.0
btv1b525158637;;;13160101-18021231;0.0;;lat;domaine public;Bibliothèque nationale de France. Département des Manuscrits. Chappée 13, 20;1316;14.0
btv1b525184629;;;1301-1800;0.0;;fre;domaine public;Bibliothèque nationale de France. Département des Manuscrits. PO 1995, dossier 45734;1301;14.0
btv1b7200024s;;;1301-1400;0.0;;ger;domaine public;Bibliothèque nationale de France. Département des Manuscrits. Allemand 305;1301;14.0
btv1b10722588p;;;0901-1000;0.0;;grc;domaine public;Bibliothèque nationale de France. Département des Manuscrits. Grec 764;0901;10.0
btv1b10511004g;;;0901-1000;0.0;;lat;domaine public;Bibliothèque nationale de France. Département des Manuscrits. Latin 4787;0901;10.0
btv1b11000935s;;;1401-1500;0.0;;ara;domaine public;Bibliothèque nationale de France. Département des Manuscrits. Arabe 1778;1401;15.0
btv1b90670390;;;1101-1200;0.0;;lat;domaine public;Bibliothèque nationale de France. Département des manuscrits. Latin 14801;1101;12.0
btv1b9063832m;;;1401-1700;0.0;;fre;domaine public;Bibliothèque nationale de France. Département des Manuscrits. Français 15549;1401;15.0
btv1b10096578w;;;0801-1000;0.0;;chi;domaine public;Bibliothèque nationale de France. Département des Manuscrits. Pelliot chinois 4026;0801;9.0
btv1b100361827;;;1401-1500;0.0;;lat;domaine public;Bibliothèque nationale de France. Département des manuscrits. Latin 8015;1401;15.0
btv1b9066579x;;;1175-1200;0.0;;lat;domaine public;Bibliothèque nationale de France. Département des manuscrits. Latin 2173;1175;12.0
btv1b10089849z;;;1251-1300;0.0;;fre;domaine public;Bibliothèque nationale de France. Département des Manuscrits. NAF 7516;1251;13.0
btv1b10080715f;;;1301-1800;0.0;;fre;domaine public;Bibliothèque nationale de France. Département des Manuscrits. Français 27044 (Pièces originales 560);1301;14.0
btv1b90613506;;;1201-1300;0.0;;fre;domaine public;Bibliothèque nationale de France. Département des Manuscrits. Français 15101;1201;13.0
btv1b10720157s;;;1401-1500;0.0;;heb;domaine public;Bibliothèque nationale de France. Département des Manuscrits. Hébreu 989;1401;15.0
btv1b10032607p;;;1401-1500;0.0;;ita;domaine public;Bibliothèque nationale de France. Département des Manuscrits. italien 440;1401;15.0
btv1b107243032;;;1500-1550;0.0;;;domaine public;Bibliothèque nationale de France. Département des Manuscrits. Grec 1916;1500;15.0
btv1b10084084m;;;1401-1500;0.0;;lat;domaine public;Bibliothèque nationale de France. Département des Manuscrits. Latin 4354D;1401;15.0
btv1b11000457m;;;1301-1400;0.0;;ara;domaine public;Bibliothèque nationale de France. Département des Manuscrits. Arabe 676;1301;14.0
btv1b105570252;;;1401-1500;0.0;;lat;domaine public;Bibliothèque municipale de Metz. Ms. 376;1401;15.0
btv1b100153715;;;1497;0.0;;;domaine public;Bibliothèque Carré d'art / Nîmes. Ms_159_5;1497;15.0
btv1b6001284c;;;1401-1500;0.0;;lat;domaine public;Bibliothèque nationale de France. Département des Manuscrits. Latin 16593;1401;15.0
btv1b52516728s;;;14090101-18001231;0.0;;lat;domaine public;Bibliothèque nationale de France. Département des Manuscrits. Chappée 17.3, 94;1409;15.0
btv1b100321426;;;1201-1300;0.0;;lat;domaine public;Bibliothèque nationale de France. Département des Manuscrits. NAL 331;1201;13.0
btv1b10090476j;;;1401-1500;0.0;;fre;domaine public;Bibliothèque nationale de France. Département des Manuscrits. NAF 3650;1401;15.0
btv1b108847206;;;1386-1400;0.0;;ara;domaine public;Bibliothèque nationale de France. Département des Manuscrits. Arabe 2301;1386;14.0
btv1b90767401;;;1401-1500;0.0;;lat;domaine public;Bibliothèque nationale de France. Département des Manuscrits. Latin 14716;1401;15.0
btv1b8305202w;;;0901-1000;0.0;;chi;domaine public;Bibliothèque nationale de France. Département des Manuscrits. Pelliot chinois 3555 B Pièce 2;0901;10.0
btv1b10721624f;;;1375-1400;0.0;;lat;domaine public;Bibliothèque nationale de France. Département des Manuscrits. Latin 9322;1375;14.0
btv1b52527828t;;;1301-1400;0.0;;;domaine public;Bibliothèque nationale de France. Département des Manuscrits. Italien 1670;1301;14.0
btv1b9076473c;;;1201-1300;0.0;;lat;domaine public;Bibliothèque nationale de France. Département des manuscrits. Latin 3073;1201;13.0
btv1b9061164j;;;1301-1400;0.0;;fre;domaine public;Bibliothèque nationale de France. Département des Manuscrits. Français 11835;1301;14.0
btv1b10073556h;;;1101-1200;0.0;;lat;domaine public;Bibliothèque nationale de France. Département des Manuscrits. Latin 3878;1101;12.0
btv1b6000092x;;;1401-1500;0.0;;fre;domaine public;Bibliothèque nationale de France. Département des Manuscrits. Français 115;1401;15.0
btv1b107203976;;;1401-1500;0.0;;heb;domaine public;Bibliothèque nationale de France. Département des Manuscrits. Hébreu 918;1401;15.0
btv1b107204104;;;1401-1500;0.0;;heb;domaine public;Bibliothèque nationale de France. Département des Manuscrits. Hébreu 340;1401;15.0
btv1b9078272w;;;1301-1400;0.0;;lat;domaine public;Bibliothèque nationale de France. Département des manuscrits. Latin 8943;1301;14.0
btv1b10557196s;;;0701-1600;0.0;;lat;domaine public;Bibliothèque municipale de Metz. Ms. 732;0701;8.0
btv1b8432244c;;;1075-1125;0.0;;ara;domaine public;Bibliothèque nationale de France. Département des manuscrits. Arabe 7263;1075;11.0
btv1b541003483;;;1301-1800;0.0;;fre;domaine public;Bibliothèque nationale de France. Département des Manuscrits. Pièces originales 138 (2788);1301;14.0
btv1b10723808v;;;1101-1200;0.0;;grc;domaine public;Bibliothèque nationale de France. Département des Manuscrits. Grec 409;1101;12.0
btv1b52505491r;;;1320-1330;0.0;;lat;domaine public;Bibliothèque nationale de France. Département des Manuscrits. Latin 14410;1320;14.0
btv1b10884602w;;;1377-1378;0.0;;ara;domaine public;Bibliothèque nationale de France. Département des Manuscrits. Arabe 4009;1377;14.0
btv1b10038109r;;;1301-1800;0.0;;fre;domaine public;Bibliothèque nationale de France. Département des Manuscrits. Français 27885 (Pièces originales 1401);1301;14.0
btv1b10038894w;;;1401-1500;0.0;;lat;domaine public;Bibliothèque nationale de France. Département des manuscrits. Latin 6267;1401;15.0
btv1b8442830p;;;1301-1400;0.0;;lat;domaine public;Bibliothèque nationale de France. Département des Manuscrits. Latin 2589;1301;14.0
btv1b100772163;;;0975-1100;0.0;;lat;domaine public;Bibliothèque nationale de France. Département des Manuscrits. Latin 1087;0975;10.0
btv1b9060686j;;;1475-1500;0.0;;fre;domaine public;Bibliothèque nationale de France. Département des manuscrits. Français 5739;1475;15.0
btv1b525084694;;;1169;0.0;;ara;domaine public;Bibliothèque nationale de France. Département des Manuscrits. Arabe 2281;1169;12.0
btv1b108882303;;;1301-1400;0.0;;heb;domaine public;Bibliothèque nationale de France. Département des Manuscrits. Hébreu 398;1301;14.0
btv1b10723357k;;;1401-1500;0.0;;grc;domaine public;Bibliothèque nationale de France. Département des Manuscrits. Grec 2192;1401;15.0
btv1b52510695w;;;1301-1400;0.0;;fre;domaine public;Bibliothèque nationale de France. Département des manuscrits. Français 24313;1301;14.0
btv1b108666182;;;1390-1430;0.0;;ita;domaine public;Bibliothèque nationale de France. Département des Manuscrits. italien 594;1390;14.0
btv1b9058811q;;;1201-1300;0.0;;fre;domaine public;Bibliothèque nationale de France. Département des Manuscrits. Français 1161;1201;13.0
btv1b90002801;;;1101-1700;0.0;;fre;domaine public;Bibliothèque nationale de France. Département des Manuscrits. Clairambault 67;1101;12.0
btv1b90011607;;;1301-1800;0.0;;fre;domaine public;Bibliothèque nationale de France. Département des Manuscrits. Clairambault 1134;1301;14.0
btv1b10720619x;;;1401-1500;0.0;;fre;domaine public;Bibliothèque nationale de France. Département des Manuscrits. Français 1489;1401;15.0
btv1b9078174c;;;1125-1150;0.0;;lat;domaine public;Bibliothèque nationale de France. Département des Manuscrits. Latin 18230;1125;12.0
btv1b10560182g;;;1301-1320;0.0;;lat;domaine public;Bibliothèque municipale de Toulouse. Ms. 487;1301;14.0
btv1b10034305b;;;1201-1300;0.0;;lat;domaine public;Bibliothèque nationale de France. Département des Manuscrits. Latin 770;1201;13.0
btv1b52522144g;;;0701-1000;0.0;;ine;domaine public;Bibliothèque nationale de France. Département des Manuscrits. Pelliot Koutchéen Nouvelle Série 1001;0701;8.0
btv1b10723689v;;;1301-1400;0.0;;grc;domaine public;Bibliothèque nationale de France. Département des Manuscrits. Grec 2988;1301;14.0
btv1b90600993;;;1401-1500;0.0;;fre;domaine public;Bibliothèque nationale de France. Département des Manuscrits. Français 1699;1401;15.0
btv1b10097941c;;;0801-1000;0.0;;chi;domaine public;Bibliothèque nationale de France. Département des Manuscrits. Pelliot chinois 4800;0801;9.0
btv1b90071514;;;1401-1500;0.0;;fre;domaine public;Bibliothèque nationale de France. Département des manuscrits. Français 944;1401;15.0
btv1b90670449;;;1301-1400;0.0;;lat;domaine public;Bibliothèque nationale de France. Département des manuscrits. Latin 6678;1301;14.0
btv1b60005205;;;1273-1300;0.0;;fre;domaine public;Bibliothèque nationale de France. Département des Manuscrits. Français 1463;1273;13.0
btv1b105470605;;;1401-1500;0.0;;heb;domaine public;Bibliothèque nationale de France. Département des Manuscrits. Hébreu 914;1401;15.0
btv1b100370576;;;1301-1400;0.0;;lat;domaine public;Bibliothèque nationale de France. Département des Manuscrits. Latin 7320;1301;14.0
btv1b10884689b;;;1390-1410;0.0;;ara;domaine public;Bibliothèque nationale de France. Département des Manuscrits. Arabe 6088;1390;14.0
btv1b10080878n;;;1301-1800;0.0;;fre;domaine public;Bibliothèque nationale de France. Département des Manuscrits. Français 28722 (Pièces originales 2238);1301;14.0
btv1b10038152p;;;1401-1500;0.0;;lat;domaine public;Bibliothèque nationale de France. Département des Manuscrits. Latin 2071;1401;15.0
btv1b10039036m;;;0801-0900;0.0;;lat;domaine public;Bibliothèque nationale de France. Département des Manuscrits. Latin 1960;0801;9.0
btv1b52514031q;;;1401-1500;0.0;;ara;domaine public;Bibliothèque nationale de France. Département des Manuscrits. Arabe 4440;1401;15.0
btv1b9000264x;;;1101-1700;0.0;;fre;domaine public;Bibliothèque nationale de France. Département des Manuscrits. Clairambault 79;1101;12.0
btv1b100385113;;;1417;0.0;;lat;domaine public;Bibliothèque nationale de France. Département des Manuscrits. Latin 6451;1417;15.0
btv1b52514040p;;;1401-1500;0.0;;lat;domaine public;Bibliothèque nationale de France. Département des Manuscrits. Latin 10262;1401;15.0
btv1b9078278c;;;1301-1400;0.0;;lat;domaine public;Bibliothèque nationale de France. Département des Manuscrits. Latin 8358;1301;14.0
btv1b8447877n;;;1270-1274;0.0;;lat;domaine public;Bibliothèque nationale de France. Département des Manuscrits. Latin 10525;1270;13.0
btv1b100370180;;;1401-1500;0.0;;lat;domaine public;Bibliothèque nationale de France. Département des Manuscrits. NAL 135;1401;15.0
btv1b8304514t;;;-1096--0945;0.0;;;domaine public;Bibliothèque nationale de France. Département des Manuscrits. Egyptien 76;1096;11.0
btv1b52516723j;;;14090101-18001231;0.0;;lat;domaine public;Bibliothèque nationale de France. Département des Manuscrits. Chappée 17.3, 9;1409;15.0
btv1b60003103;;;1400-1415;0.0;;fre;domaine public;Bibliothèque nationale de France. Département des Manuscrits. Français 805;1400;14.0
btv1b10721850n;;;1430;0.0;;grc;domaine public;Bibliothèque nationale de France. Département des Manuscrits. Grec 644;1430;15.0
btv1b10084089v;;;1151-1200;0.0;;lat;domaine public;Bibliothèque nationale de France. Département des Manuscrits. Latin 3551;1151;12.0
btv1b10038691s;;;1201-1300;0.0;;lat;domaine public;Bibliothèque nationale de France. Département des Manuscrits. Latin 16613;1201;13.0
btv1b100330281;;;1001-1800;0.0;;lat;domaine public;Bibliothèque nationale de France. Département des Manuscrits. Latin 9311;1001;11.0
btv1b52526752n;;;1201-1800;0.0;;fre;domaine public;Bibliothèque nationale de France. Département des Manuscrits. Français 20893;1201;13.0
btv1b9059819b;;;1301-1400;0.0;;fre;domaine public;Bibliothèque nationale de France. Département des Manuscrits. Français 1211;1301;14.0
btv1b52520204h;;;1201-1300;0.0;;lat;domaine public;Bibliothèque nationale de France. Département des Manuscrits. Latin 2512;1201;13.0
btv1b10036298q;;;1301-1600;0.0;;lat;domaine public;Bibliothèque nationale de France. Département des Manuscrits. NAL 1855;1301;14.0
btv1b10560097r;;;1301-1400;0.0;;lat;domaine public;Bibliothèque municipale de Toulouse. Ms. 170;1301;14.0
btv1b10073315n;;;1479;0.0;;lat;domaine public;Bibliothèque nationale de France. Département des Manuscrits. Latin 16032;1479;15.0
btv1b100804176;;;1301-1800;0.0;;fre;domaine public;Bibliothèque nationale de France. Département des Manuscrits. Français 29062 (Pièces originales 2578);1301;14.0
btv1b54100326c;;;1301-1800;0.0;;fre;domaine public;Bibliothèque nationale de France. Département des Manuscrits. Pièces originales 126 (2579);1301;14.0
btv1b9066076z;;;1201-1300;0.0;;lat;domaine public;Bibliothèque nationale de France. Département des Manuscrits. Latin 16648;1201;13.0
btv1b9067850s;;;1201-1300;0.0;;lat;domaine public;Bibliothèque nationale de France. Département des Manuscrits. Latin 14258;1201;13.0
btv1b10782998g;;;1301-1700;0.0;;fre;domaine public;Bibliothèque nationale de France. Département des Manuscrits. Français 20378;1301;14.0
btv1b90676481;;;1101-1200;0.0;;lat;domaine public;Bibliothèque nationale de France. Département des Manuscrits. Latin 2322;1101;12.0
btv1b8300609m;;;0901-1000;0.0;;chi;domaine public;Bibliothèque nationale de France. Département des Manuscrits. Pelliot chinois 4896;0901;10.0
btv1b52505513q;;;0701-0800;0.0;;lat;domaine public;Bibliothèque nationale de France. Département des Manuscrits. NAL 2479;0701;8.0
btv1b9078319v;;;1277-1303;0.0;;lat;domaine public;Bibliothèque nationale de France. Département des Manuscrits. Latin 4391;1277;13.0
btv1b9067707f;;;1201-1300;0.0;;lat;domaine public;Bibliothèque nationale de France. Département des Manuscrits. Latin 8559;1201;13.0
btv1b108928831;;;0901-1000;0.0;;chi;domaine public;Bibliothèque nationale de France. Département des Manuscrits. Pelliot chinois 3691 Pièce 9;0901;10.0
btv1b10073813n;;;1301-1400;0.0;;fre;domaine public;Bibliothèque nationale de France. Département des Manuscrits. NAF 4412;1301;14.0
btv1b8301008f;;;0901-1000;0.0;;chi;domaine public;Bibliothèque nationale de France. Département des Manuscrits. Pelliot chinois 4913;0901;10.0
btv1b10721764g;;;1101-1200;0.0;;grc;domaine public;Bibliothèque nationale de France. Département des Manuscrits. Grec 1383;1101;12.0
btv1b10866577q;;;1201-1300;0.0;;lat;domaine public;Bibliothèque nationale de France. Département des Manuscrits. Latin 4472;1201;13.0
btv1b52522300s;;;0701-1000;0.0;;ine;domaine public;Bibliothèque nationale de France. Département des Manuscrits. Pelliot Koutchéen Nouvelle Série 1157;0701;8.0
btv1b52516130b;;;12980101-17721231;0.0;;lat;domaine public;Bibliothèque nationale de France. Département des Manuscrits. Chappée 14, 5;1298;13.0
btv1b9066126d;;;1175-1200;0.0;;lat;domaine public;Bibliothèque nationale de France. Département des manuscrits. Latin 10946;1175;12.0
btv1b10076658t;;;1201-1300;0.0;;fre;domaine public;Bibliothèque nationale de France. Département des Manuscrits. Français 2495;1201;13.0
btv1b10529606q;;;1101-1501;0.0;;sit;domaine public;Bibliothèque nationale de France. Département des Manuscrits. Pelliot xixia 4;1101;12.0
btv1b10885333s;;;1201-1300;0.0;;lat;domaine public;Bibliothèque nationale de France. Département des Manuscrits. Latin 7099;1201;13.0
btv1b60004499;;;1460-1470;0.0;;lat;domaine public;Bibliothèque nationale de France. Département des Manuscrits. NAL 3204;1460;15.0
btv1b83016251;;;0901-1000;0.0;;chi;domaine public;Bibliothèque nationale de France. Département des Manuscrits. Pelliot chinois 3974;0901;10.0
btv1b90807747;;;0801-0900;0.0;;lat;domaine public;Bibliothèque nationale de France. Département des Manuscrits. Latin 14407;0801;9.0
btv1b108843733;;;1433;0.0;;ara;domaine public;Bibliothèque nationale de France. Département des Manuscrits. Arabe 6;1433;15.0
btv1b90591121;;;1401-1500;0.0;;fre;domaine public;Bibliothèque nationale de France. Département des manuscrits. Français 852;1401;15.0
btv1b10510337v;;;1201-1300;0.0;;fre;domaine public;Bibliothèque nationale de France. Département des Manuscrits. Français 748;1201;13.0
btv1b90783883;;;1473;0.0;;lat;domaine public;Bibliothèque nationale de France. Département des Manuscrits. Latin 6529;1473;15.0
btv1b108668660;;;1041-1060;0.0;;lat;domaine public;Bibliothèque nationale de France. Département des Manuscrits. Latin 2079;1041;11.0
btv1b10840055d;;;1350-1400;0.0;;lat;domaine public;Bibliothèque nationale de France. Département des Manuscrits. Latin 17570;1350;14.0
btv1b10551329x;;;1001-1200;0.0;;lat;domaine public;Bibliothèque nationale de France. Département des Manuscrits. Latin 17872;1001;11.0
btv1b105154335;;;1101-1200;0.0;;lat;domaine public;Bibliothèque nationale de France. Département des Manuscrits. Latin 6400G;1101;12.0
btv1b110005269;;;1460;0.0;;ara;domaine public;Bibliothèque nationale de France. Département des Manuscrits. Arabe 837-838;1460;15.0
btv1b84526412;;;1320-1325;0.0;;fre;domaine public;Bibliothèque nationale de France. Département des Manuscrits. Français 574;1320;14.0
btv1b90072309;;;1401-1500;0.0;;fre;domaine public;Bibliothèque nationale de France. Département des manuscrits. Français 6755;1401;15.0
btv1b108934599;;;0801-0900;0.0;;chi;domaine public;Bibliothèque nationale de France. Département des Manuscrits. Pelliot chinois 5579 (5);0801;9.0
btv1b8449001c;;;0801-0900;0.0;;lat;domaine public;Bibliothèque Carnegie de Reims. Ms. 391;0801;9.0
btv1b9000290d;;;1101-1700;0.0;;fre;domaine public;Bibliothèque nationale de France. Département des Manuscrits. Clairambault 107;1101;12.0
btv1b8301017d;;;0801-1000;0.0;;chi;domaine public;Bibliothèque nationale de France. Département des Manuscrits. Pelliot chinois 4930;0801;9.0
btv1b52515855q;;;13160101-18021231;0.0;;lat;domaine public;Bibliothèque nationale de France. Département des Manuscrits. Chappée 13, 12;1316;14.0
btv1b100343020;;;1201-1300;0.0;;lat;domaine public;Bibliothèque nationale de France. Département des Manuscrits. NAL 1077;1201;13.0
btv1b107212617;;;1175-1200;0.0;;lat;domaine public;Bibliothèque nationale de France. Département des manuscrits. Latin 15074;1175;12.0
btv1b9076689x;;;1401-1500;0.0;;lat;domaine public;Bibliothèque nationale de France. Département des manuscrits. Latin 16398;1401;15.0
btv1b108935229;;;0801-0900;0.0;;chi;domaine public;Bibliothèque nationale de France. Département des Manuscrits. Pelliot chinois 5589 (1);0801;9.0
btv1b9072607t;;;1001-1100;0.0;;lat;domaine public;Bibliothèque nationale de France. Département des Manuscrits. Latin 7930;1001;11.0
btv1b10035229x;;;1130-1150;0.0;;lat;domaine public;Bibliothèque nationale de France. Département des Manuscrits. Latin 14314;1130;12.0
btv1b110006291;;;1401-1700;0.0;;ara;domaine public;Bibliothèque nationale de France. Département des Manuscrits. Arabe 878;1401;15.0
btv1b10081674f;;;0976-1025;0.0;;grc;domaine public;Bibliothèque nationale de France. Département des Manuscrits. Coislin 252;0976;10.0
btv1b10032738r;;;0901-1000;0.0;;lat;domaine public;Bibliothèque nationale de France. Département des manuscrits. Latin 4839;0901;10.0
btv1b10033843n;;;1401-1500;0.0;;lat;domaine public;Bibliothèque nationale de France. Département des manuscrits. Latin 7657;1401;15.0
btv1b52504372n;;;1301-1800;0.0;;fre;domaine public;Bibliothèque nationale de France. Département des manuscrits. Français 20310;1301;14.0
btv1b100389876;;;1401-1500;0.0;;lat;domaine public;Bibliothèque nationale de France. Département des manuscrits. Latin 12578;1401;15.0
btv1b9060853v;;;1401-1500;0.0;;fre;domaine public;Bibliothèque nationale de France. Département des Manuscrits. Français 9142;1401;15.0
btv1b9064021c;;;1401-1700;0.0;;fre;domaine public;Bibliothèque nationale de France. Département des Manuscrits. Français 20486;1401;15.0
btv1b10032190c;;;1001-1200;0.0;;lat;domaine public;Bibliothèque nationale de France. Département des Manuscrits. NAL 710;1001;11.0
btv1b52522658k;;;0701-1000;0.0;;ine;domaine public;Bibliothèque nationale de France. Département des Manuscrits. Pelliot Koutchéen Nouvelle Série 863;0701;8.0
btv1b10543754t;;;1465;0.0;;heb;domaine public;Bibliothèque nationale de France. Département des Manuscrits. Hébreu 433;1465;15.0
btv1b9059001w;;;1401-1500;0.0;;fre;domaine public;Bibliothèque nationale de France. Département des Manuscrits. Français 2799;1401;15.0
btv1b10050664r;;;1325;0.0;;;domaine public;Bibliothèque municipale de Rouen, Ms O 4 fdeg 336 detail;1325;14.0
btv1b10096516h;;;0801-0900;0.0;;chi;domaine public;Bibliothèque nationale de France. Département des Manuscrits. Pelliot chinois 3726;0801;9.0
btv1b10558417d;;;1401-1600;0.0;;dut;domaine public;Bibliothèque municipale de Nantes. Ms 133;1401;15.0
btv1b100811231;;;1301-1800;0.0;;fre;domaine public;Bibliothèque nationale de France. Département des Manuscrits. Français 27799 (Pièces originales 1315);1301;14.0
btv1b100390338;;;1101-1200;0.0;;lat;domaine public;Bibliothèque nationale de France. Département des Manuscrits. Latin 10599;1101;12.0
btv1b104655454;;;1301-1400;0.0;;fre;Conditions spécifiques d'utilisation (sous convention Europeana ARMA - CC BY-SA 2.0).;Bibliothèque nationale de France. Bibliothèque de l'Arsenal. Ms-2071;1301;14.0
btv1b10077263t;;;0820-0840;0.0;;lat;domaine public;Bibliothèque nationale de France. Département des Manuscrits. Latin 45;0820;9.0
btv1b105484497;;;1401-1500;0.0;;heb;domaine public;Bibliothèque nationale de France. Département des Manuscrits. Hébreu 810;1401;15.0
btv1b9072600x;;;1301-1325;0.0;;lat;domaine public;Bibliothèque nationale de France. Département des manuscrits. Latin 8885;1301;14.0
btv1b11002757f;;;1285;0.0;;ara;domaine public;Bibliothèque nationale de France. Département des manuscrits. Arabe 2172;1285;13.0
btv1b9077847k;;;1175-1300;0.0;;lat;domaine public;Bibliothèque nationale de France. Département des manuscrits. Latin 800;1175;12.0
btv1b9072440r;;;1275-1325;0.0;;lat;domaine public;Bibliothèque nationale de France. Département des manuscrits. Latin 3706;1275;13.0
btv1b52504548v;;;1301-1600;0.0;;lat;domaine public;Bibliothèque nationale de France. Département des manuscrits. NAL 1971;1301;14.0
btv1b52526887h;;;1101-1200;0.0;;lat;domaine public;Bibliothèque nationale de France. Département des Manuscrits. Latin 12005;1101;12.0
btv1b90590259;;;1300-1350;0.0;;fre;domaine public;Bibliothèque nationale de France. Département des Manuscrits. Français 187;1300;13.0
btv1b8300316q;;;0801-1000;0.0;;chi;domaine public;Bibliothèque nationale de France. Département des Manuscrits. Pelliot chinois 4880 (1);0801;9.0
btv1b90659723;;;1275-1400;0.0;;lat;domaine public;Bibliothèque nationale de France. Département des manuscrits. Latin 347;1275;13.0
btv1b90678798;;;1401-1500;0.0;;lat;domaine public;Bibliothèque nationale de France. Département des Manuscrits. Latin 8383;1401;15.0
btv1b52519718d;;;1301-1800;0.0;;fre;domaine public;Bibliothèque nationale de France. Département des Manuscrits. PO 2411, dossier 54060;1301;14.0
btv1b52501151k;;;1401-1500;0.0;;fre;domaine public;Bibliothèque nationale de France. Bibliothèque de l'Arsenal. Ms-5208 réserve;1401;15.0
btv1b10724029f;;;1001-1100;0.0;;grc;domaine public;Bibliothèque nationale de France. Département des Manuscrits. Grec 1020;1001;11.0
btv1b10097570n;;;0901-1000;0.0;;chi;domaine public;Bibliothèque nationale de France. Département des Manuscrits. Pelliot chinois 3551;0901;10.0
btv1b10721370k;;;1301-1400;0.0;;heb;domaine public;Bibliothèque nationale de France. Département des Manuscrits. Hébreu 730;1301;14.0
btv1b83006353;;;0801-1000;0.0;;chi;domaine public;Bibliothèque nationale de France. Département des Manuscrits. Pelliot chinois 5021 I;0801;9.0
btv1b9080786f;;;1401-1500;0.0;;lat;domaine public;Bibliothèque nationale de France. Département des Manuscrits. Latin 11517;1401;15.0
btv1b52504522b;;;1210-1220;0.0;;lat;domaine public;Bibliothèque nationale de France. Département des Manuscrits. Latin 17813;1210;13.0
btv1b8594599w;;;0601-0700;0.0;;lat;domaine public;Bibliothèque nationale de France. Département des Manuscrits. NAL 602;0601;7.0
btv1b83028021;;;0801-1000;0.0;;chi;domaine public;Bibliothèque nationale de France. Département des Manuscrits. Pelliot chinois 5035;0801;9.0
btv1b10098014d;;;0801-1000;0.0;;chi;domaine public;Bibliothèque nationale de France. Département des Manuscrits. Pelliot chinois 4894;0801;9.0
btv1b10035850d;;;1401-1500;0.0;;lat;domaine public;Bibliothèque nationale de France. Département des manuscrits. Latin 15160;1401;15.0
btv1b10087221k;;;1001-1593;0.0;;cop;domaine public;Bibliothèque nationale de France. Département des Manuscrits. Copte 14;1001;11.0
btv1b10722160r;;;1101-1200;0.0;;grc;domaine public;Bibliothèque nationale de France. Département des Manuscrits. Grec 87;1101;12.0
btv1b84901798;;;1399;0.0;;lat;domaine public;Bibliothèque nationale de France. Département des Manuscrits. Latin 6430;1399;14.0
btv1b8436393f;;;1450-1500;0.0;;spa;domaine public;Bibliothèque nationale de France. Département des Manuscrits. Espagnol 233;1450;15.0
btv1b9076633j;;;1201-1300;0.0;;lat;domaine public;Bibliothèque nationale de France. Département des Manuscrits. Latin 16141;1201;13.0
btv1b550131995;;;1493;0.0;;lat;domaine public;Bibliothèque nationale de France. Bibliothèque de l'Arsenal. Ms-424;1493;15.0
btv1b8301338m;;;0901-1000;0.0;;chi;domaine public;Bibliothèque nationale de France. Département des Manuscrits. Pelliot chinois 3537;0901;10.0
btv1b52505058q;;;1401-1500;0.0;;lat;domaine public;Bibliothèque nationale de France. Département des manuscrits. Latin 7833;1401;15.0
btv1b100316938;;;1443-1444;0.0;;ara;domaine public;Bibliothèque nationale de France. Département des Manuscrits. Arabe 4685;1443;15.0
btv1b85530048;;;1201-1300;0.0;;lat;domaine public;Bibliothèque nationale de France. Département des Manuscrits. Latin 5926;1201;13.0
btv1b10033293f;;;1401-1500;0.0;;lat;domaine public;Bibliothèque nationale de France. Département des manuscrits. Latin 6036;1401;15.0
btv1b55013206g;;;1401-1500;0.0;;fre;domaine public;Bibliothèque nationale de France. Bibliothèque de l'Arsenal. Ms-2710;1401;15.0
btv1b105452730;;;1487;0.0;;heb;domaine public;Bibliothèque nationale de France. Département des Manuscrits. Hébreu 1198;1487;15.0
btv1b10884726w;;;1364-1365;0.0;;fre;domaine public;Bibliothèque nationale de France. Département des Manuscrits. Français 246;1364;14.0
btv1b10868929r;;;1448;0.0;;lat;domaine public;Bibliothèque nationale de France. Département des Manuscrits. Latin 5722;1448;15.0
btv1b10038034c;;;1301-1400;0.0;;grc;domaine public;Bibliothèque nationale de France. Département des Manuscrits. Coislin 96;1301;14.0
btv1b100356909;;;1101-1400;0.0;;lat;domaine public;Bibliothèque nationale de France. Département des manuscrits. Latin 9223;1101;12.0
btv1b83025413;;;0701-0800;0.0;;chi;domaine public;Bibliothèque nationale de France. Département des Manuscrits. Pelliot chinois 3670;0701;8.0
btv1b52500249s;;;1301-1400;0.0;;lat;domaine public;Bibliothèque nationale de France. Département des Manuscrits. Latin 6518A;1301;14.0
btv1b525104274;;;1441;0.0;;fre;domaine public;Bibliothèque nationale de France. Département des Manuscrits. Français 541;1441;15.0
btv1b10039020h;;;1101-1300;0.0;;lat;domaine public;Bibliothèque nationale de France. Département des Manuscrits. Latin 2537;1101;12.0
btv1b10892846q;;;0701-0900;0.0;;chi;domaine public;Bibliothèque nationale de France. Département des Manuscrits. Pelliot chinois 5025 (7);0701;8.0
btv1b8300357n;;;0701-0800;0.0;;;domaine public;Bibliothèque nationale de France. Département des Manuscrits. Pelliot chinois 5029 D 13;0701;8.0
btv1b10038604d;;;0701-0800;0.0;;lat;domaine public;Bibliothèque nationale de France. Département des Manuscrits. Latin 1820;0701;8.0
btv1b550134423;;;1401-1500;0.0;;lat;domaine public;Bibliothèque nationale de France. Département des Manuscrits. Latin 10194;1401;15.0
btv1b107215996;;;1301-1400;0.0;;lat;domaine public;Bibliothèque nationale de France. Département des Manuscrits. Latin 14591;1301;14.0
btv1b10720089j;;;1301-1500;0.0;;heb;domaine public;Bibliothèque nationale de France. Département des Manuscrits. Hébreu 960;1301;14.0
btv1b10038447n;;;1201-1300;0.0;;lat;domaine public;Bibliothèque nationale de France. Département des Manuscrits. Latin 153;1201;13.0
btv1b84525832;;;0801-0900;0.0;;lat;domaine public;Bibliothèque municipale de Valenciennes. Ms.395 (378);0801;9.0
btv1b10037109d;;;1125-1200;0.0;;lat;domaine public;Bibliothèque nationale de France. Département des Manuscrits. NAL 181;1125;12.0
btv1b9076663p;;;1101-1200;0.0;;lat;domaine public;Bibliothèque nationale de France. Département des Manuscrits. Latin 4670;1101;12.0
btv1b100333105;;;1201-1300;0.0;;lat;domaine public;Bibliothèque nationale de France. Département des manuscrits. Latin 11338;1201;13.0
btv1b10721156p;;;1226;0.0;;lat;domaine public;Bibliothèque nationale de France. Département des Manuscrits. Latin 7731;1226;13.0
btv1b10073279j;;;1301-1400;0.0;;lat;domaine public;Bibliothèque nationale de France. Département des Manuscrits. Latin 1234;1301;14.0
btv1b100817540;;;1301-1800;0.0;;fre;domaine public;Bibliothèque nationale de France. Département des Manuscrits. Français 26732 (Pièces originales 248);1301;14.0
btv1b90593594;;;1401-1500;0.0;;fre;domaine public;Bibliothèque nationale de France. Département des manuscrits. Français 694;1401;15.0
btv1b52521429p;;;1401-1500;0.0;;lat;domaine public;Bibliothèque nationale de France. Bibliothèque de l'Arsenal. Ms-560;1401;15.0
btv1b10097723p;;;0801-1000;0.0;;chi;domaine public;Bibliothèque nationale de France. Département des Manuscrits. Pelliot chinois 4059;0801;9.0
btv1b90075481;;;1401-1500;0.0;;fre;domaine public;Bibliothèque nationale de France. Département des manuscrits. Français 6441;1401;15.0
btv1b100964147;;;0801-1000;0.0;;chi;domaine public;Bibliothèque nationale de France. Département des Manuscrits. Pelliot chinois 4936;0801;9.0
btv1b10547734c;;;1101-1200;0.0;;lat;domaine public;Bibliothèque nationale de France. Département des Manuscrits. Latin 6399;1101;12.0
btv1b10464232w;;;1401-1500;0.0;;lat;domaine public;Bibliothèque nationale de France. Département des Manuscrits. Latin 5863;1401;15.0
btv1b10033721j;;;1201-1300;0.0;;lat;domaine public;Bibliothèque nationale de France. Département des manuscrits. Latin 18047;1201;13.0
btv1b10224623n;;;14571022;0.0;;ger;domaine public;Bibliothèque nationale et universitaire de Strasbourg. Ms.2.263;1457;15.0
btv1b52510532p;;;1401-1500;0.0;;cop;domaine public;Bibliothèque nationale de France. Département des Manuscrits. Copte 68;1401;15.0
btv1b100337294;;;1301-1350;0.0;;lat;domaine public;Bibliothèque nationale de France. Département des manuscrits. Latin 14548;1301;14.0
btv1b9061778n;;;1301-1400;0.0;;fre;domaine public;Bibliothèque nationale de France. Département des Manuscrits. Français 12787;1301;14.0
btv1b8426283f;;;0801-0850;0.0;;lat;domaine public;Bibliothèque nationale de France. Département des Manuscrits. Latin 7505;0801;9.0
btv1b90635597;;;1401-1500;0.0;;fre;domaine public;Bibliothèque nationale de France. Département des Manuscrits. Français 23963;1401;15.0
btv1b10720905v;;;1375-1425;0.0;;pro;domaine public;Bibliothèque nationale de France. Département des Manuscrits. Français 1932;1375;14.0
btv1b100295722;;;0875-1000;0.0;;lat;domaine public;Bibliothèque nationale de France. Département des Manuscrits. Latin 1691;0875;9.0
btv1b100979633;;;0601-0700;0.0;;chi;domaine public;Bibliothèque nationale de France. Département des Manuscrits. Pelliot chinois 4830;0601;7.0
btv1b10031247g;;;1206;0.0;;ara;domaine public;Bibliothèque nationale de France. Département des Manuscrits. Arabe 7231;1206;13.0
btv1b100363519;;;1201-1500;0.0;;lat;domaine public;Bibliothèque nationale de France. Département des manuscrits. Latin 744;1201;13.0
btv1b9066927k;;;1401-1500;0.0;;lat;domaine public;Bibliothèque nationale de France. Département des Manuscrits. Latin 4493(1);1401;15.0
btv1b9057244q;;;1380-1390;0.0;;fre;domaine public;Bibliothèque nationale de France. Département des Manuscrits. Français 6271;1380;14.0
btv1b107220539;;;1301-1400;0.0;;grc;domaine public;Bibliothèque nationale de France. Département des Manuscrits. Grec 179;1301;14.0
btv1b8452601j;;;0901-0925;0.0;;lat;domaine public;Bibliothèque municipale de Valenciennes. Ms.521 (475);0901;10.0
btv1b10509436k;;;1401-1500;0.0;;fre;domaine public;Bibliothèque nationale de France. Département des Manuscrits. Français 2235;1401;15.0
btv1b10050956c;;;1325;0.0;;;domaine public;Bibliothèque municipale de Rouen, Ms O 4 fdeg 219v detail;1325;14.0
btv1b8300488j;;;0701-0800;0.0;;;domaine public;Bibliothèque nationale de France. Département des Manuscrits. Pelliot chinois 5029 L 18;0701;8.0
btv1b10120656k;;;1301-1400;0.0;;lat;domaine public;Bibliothèque nationale et universitaire de Strasbourg. Ms.0.057;1301;14.0
btv1b100345555;;;1101-1200;0.0;;lat;domaine public;Bibliothèque nationale de France. Département des manuscrits. Latin 1641;1101;12.0
btv1b100347264;;;1301-1400;0.0;;lat;domaine public;Bibliothèque nationale de France. Département des Manuscrits. Latin 8549;1301;14.0
btv1b52515368k;;;1401-1500;0.0;;fre;domaine public;Bibliothèque nationale de France. Département des Manuscrits. Français 4931;1401;15.0
btv1b9059533k;;;1401-1500;0.0;;fre;domaine public;Bibliothèque nationale de France. Département des Manuscrits. Français 458;1401;15.0
btv1b105420073;;;1401-1500;0.0;;heb;domaine public;Bibliothèque nationale de France. Département des Manuscrits. Hébreu 334;1401;15.0
btv1b10096436z;;;0901-1000;0.0;;chi;domaine public;Bibliothèque nationale de France. Département des Manuscrits. Pelliot chinois 4050;0901;10.0
btv1b525094681;;;1490;0.0;;fre;domaine public;Bibliothèque nationale de France. Département des Manuscrits. Français 971;1490;15.0
btv1b100323921;;;1401-1500;0.0;;lat;domaine public;Bibliothèque nationale de France. Département des Manuscrits. Latin 13244;1401;15.0
btv1b90074441;;;1401-1500;0.0;;fre;domaine public;Bibliothèque nationale de France. Département des Manuscrits. Français 22890;1401;15.0
btv1b100836922;;;1301-1800;0.0;;fre;domaine public;Bibliothèque nationale de France. Département des Manuscrits. Français 26754 (Pièces originales 270);1301;14.0
btv1b9072533z;;;1101-1200;0.0;;lat;domaine public;Bibliothèque nationale de France. Département des manuscrits. Latin 6158;1101;12.0
btv1b52504709d;;;1175-1200;0.0;;lat;domaine public;Bibliothèque nationale de France. Département des Manuscrits. Latin 16208;1175;12.0
btv1b10884165t;;;1401-1500;0.0;;ara;domaine public;Bibliothèque nationale de France. Département des Manuscrits. Arabe 141;1401;15.0
btv1b10723138f;;;1001-1100;0.0;;grc;domaine public;Bibliothèque nationale de France. Département des Manuscrits. Grec 498;1001;11.0
btv1b52500983d;;;1101-1200;0.0;;lat;domaine public;Bibliothèque nationale de France. Département des Manuscrits. Latin 2303;1101;12.0
btv1b105601885;;;1301-1400;0.0;;lat;domaine public;Bibliothèque municipale de Toulouse. Ms. 489;1301;14.0
btv1b100255556;;;1496-1498;0.0;;fre;domaine public;Bibliothèque nationale de France. Département des Manuscrits. Français 143;1496;15.0
btv1b108668213;;;1460-1480;0.0;;ita;domaine public;Bibliothèque nationale de France. Département des Manuscrits. italien 939;1460;15.0
btv1b10884457f;;;1401-1500;0.0;;ara;domaine public;Bibliothèque nationale de France. Département des Manuscrits. Arabe 3348;1401;15.0
btv1b10033672p;;;1301-1600;0.0;;lat;domaine public;Bibliothèque nationale de France. Département des Manuscrits. NAL 1844;1301;14.0
btv1b525225675;;;0701-1000;0.0;;ine;domaine public;Bibliothèque nationale de France. Département des Manuscrits. Pelliot Koutchéen Nouvelle Série 772;0701;8.0
btv1b525039894;;;1401-1500;0.0;;lat;domaine public;Bibliothèque nationale de France. Département des Manuscrits. Latin 8946;1401;15.0
btv1b9076863c;;;0801-0900;0.0;;lat;domaine public;Bibliothèque nationale de France. Département des manuscrits. Latin 12198;0801;9.0
btv1b10033368t;;;0901-1000;0.0;;lat;domaine public;Bibliothèque nationale de France. Département des Manuscrits. Latin 4634;0901;10.0
btv1b9067147w;;;1260-1325;0.0;;lat;domaine public;Bibliothèque nationale de France. Département des Manuscrits. Latin 14312;1260;13.0
btv1b90649484;;;1431;0.0;;heb;domaine public;Bibliothèque nationale de France. Département des Manuscrits. Hébreu 178;1431;15.0
btv1b10032336b;;;1201-1300;0.0;;lat;domaine public;Bibliothèque nationale de France. Département des Manuscrits. Latin 2083;1201;13.0
btv1b10722182g;;;1306;0.0;;grc;domaine public;Bibliothèque nationale de France. Département des Manuscrits. Grec 1186;1306;14.0
btv1b83001250;;;0901-1000;0.0;;;domaine public;Bibliothèque nationale de France. Département des Manuscrits. Pelliot chinois 4514 (2) 10;0901;10.0
btv1b52524614t;;;1201-1700;0.0;;fre;domaine public;Bibliothèque nationale de France. Département des Manuscrits. Lorraine 188;1201;13.0
btv1b110009456;;;1401-1500;0.0;;ara;domaine public;Bibliothèque nationale de France. Département des manuscrits. Arabe 1787;1401;15.0
btv1b10551222d;;;1401-1500;0.0;;heb;domaine public;Bibliothèque nationale de France. Département des Manuscrits. Hébreu 961;1401;15.0
btv1b10034017h;;;1201-1800;0.0;;fre;domaine public;Bibliothèque nationale de France. Département des Manuscrits. Périgord 130;1201;13.0
btv1b10073317j;;;1397-1420;0.0;;lat;domaine public;Bibliothèque nationale de France. Département des Manuscrits. Latin 3546;1397;14.0
btv1b52516471k;;;13120101-18121231;0.0;;lat;domaine public;Bibliothèque nationale de France. Département des Manuscrits. Chappée 17.2, 16;1312;14.0
btv1b52522248n;;;0701-1000;0.0;;ine;domaine public;Bibliothèque nationale de France. Département des Manuscrits. Pelliot Koutchéen Nouvelle Série 1105;0701;8.0
btv1b9059041d;;;1401-1500;0.0;;fre;domaine public;Bibliothèque nationale de France. Département des Manuscrits. Français 1696;1401;15.0
btv1b90589201;;;1322;0.0;;fre;domaine public;Bibliothèque nationale de France. Département des Manuscrits. Français 2182;1322;14.0
btv1b83005706;;;0701-0800;0.0;;chi;domaine public;Bibliothèque nationale de France. Département des Manuscrits. Pelliot chinois 4725;0701;8.0
btv1b90617065;;;1401-1500;0.0;;fre;domaine public;Bibliothèque nationale de France. Département des Manuscrits. Français 12539;1401;15.0
btv1b525165766;;;0826-0855;0.0;;lat;domaine public;Bibliothèque nationale de France. Département des Manuscrits. Latin 9428;0826;9.0
btv1b100324123;;;1101-1200;0.0;;lat;domaine public;Bibliothèque nationale de France. Département des Manuscrits. Latin 11018;1101;12.0
btv1b10868913n;;;1001-1100;0.0;;lat;domaine public;Bibliothèque nationale de France. Département des Manuscrits. Latin 52;1001;11.0
btv1b52505227s;;;1301-1400;0.0;;lat;domaine public;Bibliothèque nationale de France. Département des manuscrits. Latin 8564A;1301;14.0
btv1b100973665;;;0801-1000;0.0;;chi;domaine public;Bibliothèque nationale de France. Département des Manuscrits. Pelliot chinois 4617;0801;9.0
btv1b525253660;;;1101-1300;0.0;;lat;domaine public;Bibliothèque nationale de France. Département des Manuscrits. Latin 7377C;1101;12.0
btv1b10538066w;;;1401-1500;0.0;;fre;domaine public;Bibliothèque nationale de France. Département des Manuscrits. Français 2647;1401;15.0
btv1b10033463z;;;1401-1500;0.0;;ita;domaine public;Bibliothèque nationale de France. Département des Manuscrits. italien 88;1401;15.0
btv1b10037027z;;;1201-1400;0.0;;lat;domaine public;Bibliothèque nationale de France. Département des Manuscrits. NAL 1960;1201;13.0
btv1b52522375x;;;0701-1000;0.0;;ine;domaine public;Bibliothèque nationale de France. Département des Manuscrits. Pelliot Koutchéen Nouvelle Série 574;0701;8.0
btv1b100521650;;;1325;0.0;;;domaine public;Bibliothèque municipale de Rouen, Ms O 4 fdeg 249 detail;1325;14.0
btv1b100301647;;;1179;0.0;;ara;domaine public;Bibliothèque nationale de France. Département des Manuscrits. Arabe 6884;1179;12.0
btv1b10550895k;;;1301-1400;0.0;;heb;domaine public;Bibliothèque nationale de France. Département des Manuscrits. Hébreu 1150;1301;14.0
btv1b10031495d;;;1468-1469;0.0;;ara;domaine public;Bibliothèque nationale de France. Département des Manuscrits. Arabe 6157;1468;15.0
btv1b10052196p;;;1325;0.0;;;domaine public;Bibliothèque municipale de Rouen, Ms O 4 fdeg 360v detail;1325;14.0
btv1b110021340;;;1401-1500;0.0;;ara;domaine public;Bibliothèque nationale de France. Département des manuscrits. Arabe 3128;1401;15.0
btv1b10538032v;;;1370-1380;0.0;;fre;domaine public;Bibliothèque nationale de France. Département des Manuscrits. NAF 28876;1370;14.0
btv1b52522654s;;;0701-1000;0.0;;ine;domaine public;Bibliothèque nationale de France. Département des Manuscrits. Pelliot Koutchéen Nouvelle Série 859;0701;8.0
btv1b100342712;;;1201-1400;0.0;;lat;domaine public;Bibliothèque nationale de France. Département des Manuscrits. NAL 1949;1201;13.0
btv1b108668732;;;1275-1290;0.0;;fre;domaine public;Bibliothèque nationale de France. Département des Manuscrits. Français 25516;1275;13.0
btv1b110020263;;;1301-1400;0.0;;ara;domaine public;Bibliothèque nationale de France. Département des manuscrits. Arabe 2883;1301;14.0
btv1b83002987;;;0701-0800;0.0;;chi;domaine public;Bibliothèque nationale de France. Département des Manuscrits. Pelliot chinois 4781;0701;8.0
btv1b10539276d;;;1301-1500;0.0;;heb;domaine public;Bibliothèque nationale de France. Département des Manuscrits. Hébreu 656;1301;14.0
btv1b9006823x;;;1412-1415;0.0;;fre;domaine public;Bibliothèque nationale de France. Département des Manuscrits. Français 10;1412;15.0
btv1b10723190b;;;1401-1500;0.0;;fre;domaine public;Bibliothèque nationale de France. Département des Manuscrits. Français 15459;1401;15.0
btv1b10099893n;;;1400-1499;0.0;;ota;domaine public;Bibliothèque nationale de France. Département des Manuscrits. Supplément turc 1471;1400;14.0
btv1b9064912h;;;1298;0.0;;heb;domaine public;Bibliothèque nationale de France. Département des manuscrits. Hébreu 154;1298;13.0
btv1b10723896p;;;1101-1200;0.0;;grc;domaine public;Bibliothèque nationale de France. Département des Manuscrits. Grec 41;1101;12.0
btv1b10038613c;;;1201-1300;0.0;;lat;domaine public;Bibliothèque nationale de France. Département des Manuscrits. Latin 5101;1201;13.0
btv1b84704508;;;1401-1500;0.0;;grc;domaine public;Bibliothèque nationale de France. Département des Manuscrits. Grec 2809;1401;15.0
btv1b100521616;;;1325;0.0;;;domaine public;Bibliothèque municipale de Rouen, Ms O 4 fdeg 245 detail;1325;14.0
btv1b10038704s;;;1301-1400;0.0;;lat;domaine public;Bibliothèque nationale de France. Département des Manuscrits. Latin 1279;1301;14.0
btv1b90607026;;;1401-1500;0.0;;fre;domaine public;Bibliothèque nationale de France. Département des manuscrits. Français 4983;1401;15.0
btv1b9076500t;;;0801-0825;0.0;;lat;domaine public;Bibliothèque nationale de France. Département des Manuscrits. Latin 2100;0801;9.0
btv1b10722471r;;;0901-1000;0.0;;grc;domaine public;Bibliothèque nationale de France. Département des Manuscrits. Grec 1454;0901;10.0
btv1b105271064;;;1223;0.0;;syr;domaine public;Bibliothèque nationale de France. Département des Manuscrits. Syriaque 365;1223;13.0
btv1b9068029x;;;1101-1200;0.0;;lat;domaine public;Bibliothèque nationale de France. Département des Manuscrits. Latin 1740;1101;12.0
btv1b107235523;;;1301-1500;0.0;;heb;domaine public;Bibliothèque nationale de France. Département des Manuscrits. Hébreu 658;1301;14.0
btv1b107228557;;;1401-1700;0.0;;fre;domaine public;Bibliothèque nationale de France. Département des Manuscrits. Français 15968;1401;15.0
btv1b10035842w;;;1101-1200;0.0;;lat;domaine public;Bibliothèque nationale de France. Département des Manuscrits. Latin 12406;1101;12.0
btv1b52524970n;;;1101-1200;0.0;;lat;domaine public;Bibliothèque nationale de France. Département des Manuscrits. NAL 583;1101;12.0
btv1b10033473c;;;1400-1425;0.0;;lat;domaine public;Bibliothèque nationale de France. Département des Manuscrits. Latin 8717;1400;14.0
btv1b105571458;;;1101-1200;0.0;;lat;domaine public;Bibliothèque municipale de Metz. Ms. 1160;1101;12.0
btv1b52516474x;;;13120101-18121231;0.0;;lat;domaine public;Bibliothèque nationale de France. Département des Manuscrits. Chappée 17.2, 19;1312;14.0
btv1b8452585w;;;0801-0900;0.0;;lat;domaine public;Bibliothèque municipale de Valenciennes. Ms.161 (153);0801;9.0
btv1b10077177n;;;0901-1000;0.0;;lat;domaine public;Bibliothèque nationale de France. Département des Manuscrits. Latin 740;0901;10.0
btv1b83069083;;;0801-0900;0.0;;chi;domaine public;Bibliothèque nationale de France. Département des Manuscrits. Pelliot chinois 3815;0801;9.0
btv1b100978037;;;0801-0900;0.0;;chi;domaine public;Bibliothèque nationale de France. Département des Manuscrits. Pelliot chinois 4589;0801;9.0
btv1b10030722z;;;1276-1277;0.0;;ara;domaine public;Bibliothèque nationale de France. Département des Manuscrits. Arabe 4824;1276;13.0
btv1b10036827n;;;1493;0.0;;lat;domaine public;Bibliothèque nationale de France. Département des manuscrits. Latin 11100;1493;15.0
btv1b90810106;;;1201-1300;0.0;;lat;domaine public;Bibliothèque nationale de France. Département des Manuscrits. Latin 670;1201;13.0
btv1b10036469p;;;1301-1400;0.0;;lat;domaine public;Bibliothèque nationale de France. Département des Manuscrits. Latin 6345;1301;14.0
btv1b100351711;;;0801-0900;0.0;;grc;domaine public;Bibliothèque nationale de France. Département des Manuscrits. Grec 629;0801;9.0
btv1b10096969f;;;0801-0900;0.0;;chi;domaine public;Bibliothèque nationale de France. Département des Manuscrits. Pelliot chinois 3962;0801;9.0
btv1b11001700w;;;1277;0.0;;ara;domaine public;Bibliothèque nationale de France. Département des Manuscrits. Arabe 2860;1277;13.0
btv1b525164884;;;13120101-18121231;0.0;;lat;domaine public;Bibliothèque nationale de France. Département des Manuscrits. Chappée 17.2, 33;1312;14.0
btv1b11002974p;;;1201-1300;0.0;;ara;domaine public;Bibliothèque nationale de France. Département des manuscrits. Arabe 3487;1201;13.0
btv1b107219090;;;1201-1300;0.0;;grc;domaine public;Bibliothèque nationale de France. Département des Manuscrits. Grec 1319;1201;13.0
btv1b52516025s;;;14760101-17721231;0.0;;lat;domaine public;Bibliothèque nationale de France. Département des Manuscrits. Chappée 15, 6;1476;15.0
btv1b100351622;;;1494-1495;0.0;;ara;domaine public;Bibliothèque nationale de France. Département des manuscrits. Arabe 2151;1494;15.0
btv1b105511490;;;1401-1500;0.0;;heb;domaine public;Bibliothèque nationale de France. Département des Manuscrits. Hébreu 759;1401;15.0
btv1b9067185k;;;1319;0.0;;lat;domaine public;Bibliothèque nationale de France. Département des Manuscrits. Latin 15966;1319;14.0
btv1b8458260w;;;1270-1330;0.0;;grc;domaine public;Bibliothèque nationale de France. Département des Manuscrits. Grec 2712;1270;13.0
btv1b52512210h;;;1160-1170;0.0;;lat;domaine public;Bibliothèque nationale de France. Bibliothèque de l’Arsenal. Ms-171;1160;12.0
btv1b9076981n;;;1401-1500;0.0;;lat;domaine public;Bibliothèque nationale de France. Département des manuscrits. Latin 6673;1401;15.0
btv1b101165703;;;1401-1500;0.0;;ger;domaine public;Bibliothèque nationale et universitaire de Strasbourg. Ms.2.119;1401;15.0
btv1b10036813f;;;0601-0700;0.0;;lat;domaine public;Bibliothèque nationale de France. Département des Manuscrits. NAL 2654;0601;7.0
btv1b11004023f;;;1301-1400;0.0;;ara;domaine public;Bibliothèque nationale de France. Département des Manuscrits. Arabe 205;1301;14.0
btv1b10894501c;;;0901-1000;0.0;;chi;domaine public;Bibliothèque nationale de France. Département des Manuscrits. Pelliot chinois 5004 (1);0901;10.0
btv1b100359284;;;1301-1400;0.0;;lat;domaine public;Bibliothèque nationale de France. Département des Manuscrits. Latin 347D;1301;14.0
btv1b100384466;;;1240-1260;0.0;;lat;domaine public;Bibliothèque nationale de France. Département des Manuscrits. Latin 151;1240;13.0
btv1b10842586p;;;1450-1500;0.0;;lat;domaine public;Bibliothèque nationale de France. Département des Manuscrits. Latin 18129;1450;15.0
btv1b9062196t;;;1401-1500;0.0;;fre;domaine public;Bibliothèque nationale de France. Département des manuscrits. Français 19164;1401;15.0
btv1b90766947;;;0801-0900;0.0;;lat;domaine public;Bibliothèque nationale de France. Département des Manuscrits. Latin 9576;0801;9.0
btv1b8470174n;;;1301-1400;0.0;;lat;domaine public;Bibliothèque nationale de France. Département des Manuscrits. Latin 2219;1301;14.0
btv1b105388787;;;0501-0700;0.0;;;domaine public;Bibliothèque nationale de France. Département des Manuscrits. Supplément grec 1379 II 5;0501;6.0
btv1b105601974;;;1465;0.0;;lat;domaine public;Bibliothèque municipale de Toulouse. Ms. 803;1465;15.0
btv1b525100532;;;1201-1225;0.0;;lat;domaine public;Bibliothèque nationale de France. Département des Manuscrits. Latin 3831;1201;13.0
btv1b8301204g;;;0601-0800;0.0;;chi;domaine public;Bibliothèque nationale de France. Département des Manuscrits. Pelliot chinois 4902;0601;7.0
btv1b100342373;;;0675-1718;0.0;;fre;domaine public;Bibliothèque nationale de France. Département des Manuscrits. Moreau 8;0675;7.0
btv1b90011674;;;1401-1600;0.0;;fre;domaine public;Bibliothèque nationale de France. Département des Manuscrits. Lorraine 97;1401;15.0
btv1b10081280j;;;1301-1800;0.0;;fre;domaine public;Bibliothèque nationale de France. Département des Manuscrits. Français 28922 (Pièces originales 2438);1301;14.0
btv1b10721891r;;;1401-1500;0.0;;grc;domaine public;Bibliothèque nationale de France. Département des Manuscrits. Grec 1274;1401;15.0
btv1b525171905;;;0801-0850;0.0;;lat;domaine public;Bibliothèque nationale de France. Département des Manuscrits. Latin 2846;0801;9.0
btv1b100381462;;;1101-1200;0.0;;lat;domaine public;Bibliothèque nationale de France. Département des manuscrits. Latin 546;1101;12.0
btv1b525187917;;;1201-1225;0.0;;lat;domaine public;Bibliothèque nationale de France. Département des Manuscrits. Latin 14605;1201;13.0
btv1b9078154m;;;1101-1200;0.0;;lat;domaine public;Bibliothèque nationale de France. Département des Manuscrits. Latin 3713;1101;12.0
btv1b10030463x;;;1401-1500;0.0;;lat;domaine public;Bibliothèque nationale de France. Département des Manuscrits. Latin 490;1401;15.0
btv1b10723459v;;;1475-1500;0.0;;grc;domaine public;Bibliothèque nationale de France. Département des Manuscrits. Grec 2531;1475;15.0
btv1b100371369;;;0801-0900;0.0;;lat;domaine public;Bibliothèque nationale de France. Département des manuscrits. Latin 2709;0801;9.0
btv1b525224200;;;0701-1000;0.0;;ine;domaine public;Bibliothèque nationale de France. Département des Manuscrits. Pelliot Koutchéen Nouvelle Série 620;0701;8.0
btv1b8593567m;;;1409-1412;0.0;;grc;domaine public;Bibliothèque nationale de France. Département des Manuscrits. Supplément grec 309;1409;15.0
btv1b10539294b;;;1467;0.0;;arc;domaine public;Bibliothèque nationale de France. Département des Manuscrits. Hébreu 308;1467;15.0
btv1b525158815;;;13160101-18021231;0.0;;lat;domaine public;Bibliothèque nationale de France. Département des Manuscrits. Chappée 13, 38;1316;14.0
btv1b103156877;;;1001-1100;0.0;;grc;domaine public;Bibliothèque nationale de France. Département des Manuscrits. Supplément grec 1351;1001;11.0
btv1b10037998q;;;1401-1500;0.0;;grc;domaine public;Bibliothèque nationale de France. Département des Manuscrits. Coislin 94;1401;15.0
btv1b60001142;;;1401-1500;0.0;;fre;domaine public;Bibliothèque nationale de France. Département des Manuscrits. Français 12597;1401;15.0
btv1b10036953g;;;1001-1100;0.0;;lat;domaine public;Bibliothèque nationale de France. Département des Manuscrits. Latin 4759;1001;11.0
btv1b10084150z;;;1301-1400;0.0;;lat;domaine public;Bibliothèque nationale de France. Département des Manuscrits. Latin 6144;1301;14.0
btv1b90637521;;;1201-1300;0.0;;fre;domaine public;Bibliothèque nationale de France. Département des Manuscrits. Français 24366;1201;13.0
btv1b10084087z;;;1101-1200;0.0;;lat;domaine public;Bibliothèque nationale de France. Département des Manuscrits. Latin 625;1101;12.0
btv1b525242685;;;1101-1200;0.0;;lat;domaine public;Bibliothèque nationale de France. Département des Manuscrits. Latin 13345;1101;12.0
btv1b105568014;;;0901-1000;0.0;;;domaine public;Montpellier Méditerranée Métropole - Médiathèque centrale Emile Zola. Ms0006;0901;10.0
btv1b9002814q;;;1209;0.0;;tut;domaine public;Bibliothèque nationale de France. Département des Manuscrits. Mandchou 4;1209;13.0
btv1b11003516x;;;1440;0.0;;ara;domaine public;Bibliothèque nationale de France. Département des Manuscrits. Arabe 4165;1440;15.0
btv1b52505805b;;;1470-1475;0.0;;lat;domaine public;Bibliothèque nationale de France. Bibliothèque de l'Arsenal. Ms-562 réserve;1470;15.0
btv1b100327161;;;1001-1100;0.0;;lat;domaine public;Bibliothèque nationale de France. Département des Manuscrits. Latin 5296D;1001;11.0
btv1b11004197h;;;1401-1500;0.0;;ara;domaine public;Bibliothèque nationale de France. Département des Manuscrits. Arabe 13;1401;15.0
btv1b10033144f;;;1301-1400;0.0;;lat;domaine public;Bibliothèque nationale de France. Département des manuscrits. Latin 8014;1301;14.0
btv1b52505792b;;;1401-1500;0.0;;fre;domaine public;Bibliothèque nationale de France. Département des Manuscrits. NAF 1364;1401;15.0
btv1b108779822;;;1101-1200;0.0;;lat;domaine public;Bibliothèque nationale de France. Bibliothèque de l'Arsenal. Ms-1162 réserve;1101;12.0
btv1b9068461h;;;1401-1500;0.0;;lat;domaine public;Bibliothèque nationale de France. Département des Manuscrits. Latin 4625;1401;15.0
btv1b10554640w;;;1101-1200;0.0;;;domaine public;Montpellier Méditerranée Métropole - Médiathèque centrale Emile Zola. MS0016-04;1101;12.0
btv1b100344851;;;1201-1300;0.0;;lat;domaine public;Bibliothèque nationale de France. Département des manuscrits. Latin 15554;1201;13.0
btv1b9072627k;;;0901-1000;0.0;;lat;domaine public;Bibliothèque nationale de France. Département des Manuscrits. Latin 8670;0901;10.0
btv1b108671227;;;1200-1225;0.0;;lat;domaine public;Bibliothèque nationale de France. Département des Manuscrits. Latin 17903;1200;12.0
btv1b10868246k;;;1375-1500;0.0;;lat;domaine public;Bibliothèque nationale de France. Département des Manuscrits. Latin 1161;1375;14.0
btv1b84526449;;;1101-1200;0.0;;lat;domaine public;Bibliothèque nationale de France. Département des Manuscrits. Latin 2466;1101;12.0
btv1b8540964f;;;0901-1000;0.0;;lat;domaine public;Bibliothèque nationale de France. Département des Manuscrits. Latin 2053;0901;10.0
btv1b8301230z;;;0801-1000;0.0;;chi;domaine public;Bibliothèque nationale de France. Département des Manuscrits. Pelliot chinois 6016;0801;9.0
btv1b52507207n;;;1337;0.0;;arm;domaine public;Bibliothèque nationale de France. Département des manuscrits. Arménien 106;1337;14.0
btv1b90640147;;;1401-1500;0.0;;fre;domaine public;Bibliothèque nationale de France. Département des Manuscrits. Français 20312bis;1401;15.0
btv1b8300118v;;;0901-1000;0.0;;;domaine public;Bibliothèque nationale de France. Département des Manuscrits. Pelliot chinois 4514 (2) 3;0901;10.0
btv1b90670071;;;1468;0.0;;lat;domaine public;Bibliothèque nationale de France. Département des manuscrits. Latin 7659;1468;15.0
btv1b525221270;;;0701-1000;0.0;;ine;domaine public;Bibliothèque nationale de France. Département des Manuscrits. Pelliot Koutchéen Nouvelle Série 984;0701;8.0
btv1b100389300;;;1301-1400;0.0;;lat;domaine public;Bibliothèque nationale de France. Département des Manuscrits. Latin 1276;1301;14.0
btv1b10036171c;;;1401-1500;0.0;;lat;domaine public;Bibliothèque nationale de France. Département des Manuscrits. Latin 5794;1401;15.0
btv1b9078023q;;;1401-1500;0.0;;lat;domaine public;Bibliothèque nationale de France. Département des Manuscrits. Latin 7223;1401;15.0
btv1b10099489d;;;0601-0700;0.0;;chi;domaine public;Bibliothèque nationale de France. Département des Manuscrits. Pelliot chinois 4944;0601;7.0
btv1b525140147;;;1301-1400;0.0;;lat;domaine public;Bibliothèque nationale de France. Département des Manuscrits. Latin 7286C;1301;14.0
btv1b9066641t;;;1201-1300;0.0;;lat;domaine public;Bibliothèque nationale de France. Département des Manuscrits. Latin 17341;1201;13.0
btv1b9064933p;;;1397-1398;0.0;;heb;domaine public;Bibliothèque nationale de France. Département des Manuscrits. Hébreu 827;1397;14.0
btv1b90583199;;;1301-1600;0.0;;fre;domaine public;Bibliothèque nationale de France. Département des Manuscrits. Français 23899;1301;14.0
btv1b10076288j;;;1401-1500;0.0;;lat;domaine public;Bibliothèque nationale de France. Département des Manuscrits. Latin 8684;1401;15.0
btv1b10087010z;;;1301-1800;0.0;;fre;domaine public;Bibliothèque nationale de France. Département des Manuscrits. Français 29197 (Pièces originales 2713);1301;14.0
btv1b10885495j;;;1401-1500;0.0;;fre;domaine public;Bibliothèque nationale de France. Département des Manuscrits. Français 99;1401;15.0
btv1b10091694k;;;1001-1100;0.0;;grc;domaine public;Bibliothèque nationale de France. Département des Manuscrits. Coislin 81 (1);1001;11.0
btv1b10083535j;;;1301-1800;0.0;;fre;domaine public;Bibliothèque nationale de France. Département des Manuscrits. Français 26487 (Pièces originales 3);1301;14.0
btv1b11004594p;;;1401-1500;0.0;;ara;domaine public;Bibliothèque nationale de France. Département des Manuscrits. Arabe 255;1401;15.0
btv1b52522322h;;;0701-1000;0.0;;ine;domaine public;Bibliothèque nationale de France. Département des Manuscrits. Pelliot Koutchéen Nouvelle Série 521;0701;8.0
btv1b100225019;;;1401-1500;0.0;;fre;domaine public;Bibliothèque nationale de France. Département des Manuscrits. Français 12326;1401;15.0
btv1b100362459;;;1301-1400;0.0;;lat;domaine public;Bibliothèque nationale de France. Département des manuscrits. Latin 10031;1301;14.0
btv1b83010160;;;0601-0700;0.0;;chi;domaine public;Bibliothèque nationale de France. Département des Manuscrits. Pelliot chinois 4928;0601;7.0
btv1b8447026k;;;1304;0.0;;ara;domaine public;Bibliothèque nationale de France. Département des Manuscrits. Arabe 385;1304;14.0
btv1b10538840d;;;0501-0700;0.0;;;domaine public;Bibliothèque nationale de France. Département des Manuscrits. Supplément grec 1379 III 5;0501;6.0
btv1b8300995d;;;0701-0800;0.0;;chi;domaine public;Bibliothèque nationale de France. Département des Manuscrits. Pelliot chinois 4547;0701;8.0
btv1b10542004r;;;0901-0920;0.0;;lat;domaine public;Bibliothèque nationale de France. Département des Manuscrits. Latin 5574;0901;10.0
btv1b8304992d;;;0901-1000;0.0;;chi;domaine public;Bibliothèque nationale de France. Département des Manuscrits. Pelliot chinois 4958 Pièce 2;0901;10.0
btv1b100715093;;;1370-1380;0.0;;fre;domaine public;Bibliothèque nationale de France. Département des Manuscrits. NAF 15943;1370;14.0
btv1b100330353;;;1101-1200;0.0;;lat;domaine public;Bibliothèque nationale de France. Département des manuscrits. Latin 4281A;1101;12.0
btv1b100345288;;;1301-1400;0.0;;lat;domaine public;Bibliothèque nationale de France. Département des manuscrits. Latin 16090;1301;14.0
btv1b100233850;;;1201-1300;0.0;;fre;domaine public;Bibliothèque nationale de France. Département des Manuscrits. Français 1933;1201;13.0
btv1b10557169w;;;1301-1400;0.0;;fre;domaine public;Bibliothèque municipale de Metz. Ms. 1208;1301;14.0
btv1b11004767j;;;1401-1500;0.0;;grc;domaine public;Bibliothèque nationale de France. Département des Manuscrits. Supplément grec 1095;1401;15.0
btv1b10077267m;;;1101-1200;0.0;;lat;domaine public;Bibliothèque nationale de France. Département des Manuscrits. Latin 14446;1101;12.0
btv1b84272044;;;1210-1225. [Tabriz ?];0.0;;per;domaine public;Bibliothèque nationale de France. Département des Manuscrits. Supplément Persan 1610;1210;13.0
btv1b10097996p;;;0801-1000;0.0;;chi;domaine public;Bibliothèque nationale de France. Département des Manuscrits. Pelliot chinois 4866;0801;9.0
btv1b52525930b;;;1310-1320;0.0;;lat;domaine public;Bibliothèque nationale de France. Département des Manuscrits. Latin 1026;1310;14.0
btv1b6000621x;;;0851-0900;0.0;;lat;domaine public;Diocèse de Meaux. n°28 [Grand Séminaire de Meaux];0851;9.0
btv1b90769948;;;1301-1400;0.0;;lat;domaine public;Bibliothèque nationale de France. Département des manuscrits. Latin 6837;1301;14.0
btv1b10038672d;;;1471;0.0;;lat;domaine public;Bibliothèque nationale de France. Département des manuscrits. Latin 6958;1471;15.0
btv1b8300604j;;;0701-0800;0.0;;chi;domaine public;Bibliothèque nationale de France. Département des Manuscrits. Pelliot chinois 4853;0701;8.0
btv1b10098031w;;;0701-0800;0.0;;chi;domaine public;Bibliothèque nationale de France. Département des Manuscrits. Pelliot chinois 4921;0701;8.0
btv1b10097451w;;;0901-1000;0.0;;chi;domaine public;Bibliothèque nationale de France. Département des Manuscrits. Pelliot chinois 3823;0901;10.0
btv1b10559190s;;;1475-1500;0.0;;fre;domaine public;Bibliothèque municipale de Nantes. Ms 181;1475;15.0
btv1b107235417;;;1301-1400;0.0;;grc;domaine public;Bibliothèque nationale de France. Département des Manuscrits. Grec 1233;1301;14.0
btv1b9076852k;;;1301-1400;0.0;;lat;domaine public;Bibliothèque nationale de France. Département des manuscrits. Latin 16399;1301;14.0
btv1b10034640w;;;1401-1500;0.0;;lat;domaine public;Bibliothèque nationale de France. Département des Manuscrits. Latin 8954;1401;15.0
btv1b100917905;;;1486-1515;0.0;;per;domaine public;Bibliothèque nationale de France. Département des Manuscrits. Persan 260;1486;15.0
btv1b10088407j;;;1357;0.0;;ara;domaine public;Bibliothèque nationale de France. Département des Manuscrits. Arabe 250;1357;14.0
btv1b90781640;;;1301-1325;0.0;;lat;domaine public;Bibliothèque nationale de France. Département des manuscrits. Latin 3157;1301;14.0
btv1b8304054m;;;0901-1000;0.0;;chi;domaine public;Bibliothèque nationale de France. Département des Manuscrits. Pelliot chinois 3645;0901;10.0
btv1b100386872;;;0876-0877;0.0;;lat;domaine public;Bibliothèque nationale de France. Département des manuscrits. Latin 17349;0876;9.0
btv1b10884492v;;;1332;0.0;;ara;domaine public;Bibliothèque nationale de France. Département des Manuscrits. Arabe 2938;1332;14.0
btv1b10538899h;;;0501-0700;0.0;;;domaine public;Bibliothèque nationale de France. Département des Manuscrits. Supplément grec 1379 II 1;0501;6.0
btv1b9007148n;;;1401-1500;0.0;;fre;domaine public;Bibliothèque nationale de France. Département des Manuscrits. Français 20021;1401;15.0
btv1b105467502;;;1378;0.0;;heb;domaine public;Bibliothèque nationale de France. Département des Manuscrits. Hébreu 973;1378;14.0
btv1b9064661z;;;1401-1600;0.0;;heb;domaine public;Bibliothèque nationale de France. Département des Manuscrits. Hébreu 300;1401;15.0
btv1b10038309h;;;1497-1507;0.0;;lat;domaine public;Bibliothèque nationale de France. Département des Manuscrits. Latin 12798;1497;15.0
btv1b10089666p;;;1401-1500;0.0;;fre;domaine public;Bibliothèque nationale de France. Département des Manuscrits. NAF 1070;1401;15.0
btv1b10722044b;;;1432;0.0;;grc;domaine public;Bibliothèque nationale de France. Département des Manuscrits. Grec 96;1432;15.0
btv1b90588176;;;1401-1500;0.0;;fre;domaine public;Bibliothèque nationale de France. Département des Manuscrits. Français 1128;1401;15.0
btv1b83014527;;;0901-1000;0.0;;chi;domaine public;Bibliothèque nationale de France. Département des Manuscrits. Pelliot chinois 3850;0901;10.0
btv1b110037157;;;1201-1300;0.0;;ara;domaine public;Bibliothèque nationale de France. Département des manuscrits. Arabe 4240;1201;13.0
btv1b9061767v;;;1201-1400;0.0;;fre;domaine public;Bibliothèque nationale de France. Département des Manuscrits. Français 11638;1201;13.0
btv1b102245596;;;1201-1300;0.0;;lat;domaine public;Bibliothèque nationale et universitaire de Strasbourg. Ms.0.309;1201;13.0
btv1b11002314x;;;1301-1400;0.0;;ara;domaine public;Bibliothèque nationale de France. Département des Manuscrits. Arabe 2873;1301;14.0
btv1b10039236c;;;1201-1400;0.0;;lat;domaine public;Bibliothèque nationale de France. Département des Manuscrits. Latin 108;1201;13.0
btv1b100739203;;;0901-1000;0.0;;lat;domaine public;Bibliothèque nationale de France. Département des Manuscrits. Latin 2830;0901;10.0
btv1b10544221p;;;1001-1100;0.0;;lat;domaine public;Bibliothèque nationale de France. Département des Manuscrits. Latin 16093;1001;11.0
btv1b9068339b;;;1401-1500;0.0;;lat;domaine public;Bibliothèque nationale de France. Département des Manuscrits. Latin 10210;1401;15.0
btv1b10876677d;;;1301-1400;0.0;;grc;domaine public;Bibliothèque nationale de France. Département des Manuscrits. Grec 410;1301;14.0
btv1b83023593;;;0901-1000;0.0;;chi;domaine public;Bibliothèque nationale de France. Département des Manuscrits. Pelliot chinois 3584;0901;10.0
btv1b10235189k;;;1401-1500;0.0;;ita;domaine public;Bibliothèque nationale et universitaire de Strasbourg. Ms.1.808;1401;15.0
btv1b84526071;;;0801-0900;0.0;;lat;domaine public;Bibliothèque municipale de Valenciennes. Ms.294 (284);0801;9.0
btv1b8300828n;;;0801-1000;0.0;;chi;domaine public;Bibliothèque nationale de France. Département des Manuscrits. Pelliot chinois 5024 D;0801;9.0
btv1b10060456s;;;1152;0.0;;lat;domaine public;Bibliothèque nationale de France. Département des Manuscrits. NAL 2567 (4);1152;12.0
btv1b11004368g;;;14770509;0.0;;ara;domaine public;Bibliothèque nationale de France. Département des Manuscrits. Arabe 762;1477;15.0
btv1b90593935;;;1201-1300;0.0;;fre;domaine public;Bibliothèque nationale de France. Département des manuscrits. Français 2175;1201;13.0
btv1b9065822v;;;1101-1200;0.0;;lat;domaine public;Bibliothèque nationale de France. Département des Manuscrits. Latin 13368;1101;12.0
btv1b90677951;;;1401-1500;0.0;;lat;domaine public;Bibliothèque nationale de France. Département des Manuscrits. Latin 2885;1401;15.0
btv1b100254511;;;1459-1460;0.0;;lat;domaine public;Bibliothèque nationale de France. Département des Manuscrits. Latin 17332;1459;15.0
btv1b10880537m;;;1301-1400;0.0;;lat;domaine public;Bibliothèque nationale de France. Département des Manuscrits. Latin 1590;1301;14.0
btv1b90766324;;;1201-1300;0.0;;lat;domaine public;Bibliothèque nationale de France. Département des Manuscrits. Latin 16135;1201;13.0
btv1b55011087s;;;1401-1500;0.0;;lat;domaine public;Bibliothèque nationale de France. Bibliothèque de l'Arsenal. Ms-596 réserve;1401;15.0
btv1b10037003b;;;1201-1225;0.0;;lat;domaine public;Bibliothèque nationale de France. Département des manuscrits. Latin 13166;1201;13.0
btv1b550134747;;;0701-0800;0.0;;lat;domaine public;Bibliothèque nationale de France. Département des Manuscrits. Latin 2110;0701;8.0
btv1b10034716q;;;1201-1300;0.0;;lat;domaine public;Bibliothèque nationale de France. Département des manuscrits. Latin 10029;1201;13.0
btv1b10077202w;;;1175-1300;0.0;;lat;domaine public;Bibliothèque nationale de France. Département des Manuscrits. Latin 254;1175;12.0
btv1b10550901f;;;1301-1400;0.0;;heb;domaine public;Bibliothèque nationale de France. Département des Manuscrits. Hébreu 1190;1301;14.0
btv1b10099798h;;;0501-1800;0.0;;;domaine public;Bibliothèque nationale de France. Département des Manuscrits. Smith-Lesouëf 245;0501;6.0
btv1b100386694;;;0801-1000;0.0;;lat;domaine public;Bibliothèque nationale de France. Département des Manuscrits. Latin 18311;0801;9.0
btv1b8496559r;;;1495-1505;0.0;;lat;domaine public;Bibliothèque nationale de France. Département des Manuscrits. Latin 1168;1495;15.0
btv1b100353905;;;1401-1500;0.0;;lat;domaine public;Bibliothèque nationale de France. Département des Manuscrits. Latin 4191;1401;15.0
btv1b9068270s;;;0976-1000;0.0;;lat;domaine public;Bibliothèque nationale de France. Département des Manuscrits. Latin 17814;0976;10.0
btv1b107219340;;;1483;0.0;;grc;domaine public;Bibliothèque nationale de France. Département des Manuscrits. Grec 1155;1483;15.0
btv1b107235095;;;1450-1499;0.0;;grc;domaine public;Bibliothèque nationale de France. Département des Manuscrits. Grec 2730;1450;15.0
btv1b9080833n;;;1301-1400;0.0;;lat;domaine public;Bibliothèque nationale de France. Département des Manuscrits. Latin 5019;1301;14.0
btv1b9072481p;;;1475-1600;0.0;;lat;domaine public;Bibliothèque nationale de France. Département des Manuscrits. Latin 850;1475;15.0
btv1b10224726c;;;1401-1500;0.0;;lat;domaine public;Bibliothèque nationale et universitaire de Strasbourg. Ms.0.079;1401;15.0
btv1b90782168;;;1201-1300;0.0;;lat;domaine public;Bibliothèque nationale de France. Département des manuscrits. Latin 11723;1201;13.0
btv1b9007463c;;;1401-1500;0.0;;fre;domaine public;Bibliothèque nationale de France. Département des Manuscrits. Français 5036;1401;15.0
btv1b10034669r;;;1101-1200;0.0;;lat;domaine public;Bibliothèque nationale de France. Département des manuscrits. Latin 14867;1101;12.0
btv1b9000215f;;;1101-1700;0.0;;fre;domaine public;Bibliothèque nationale de France. Département des Manuscrits. Clairambault 82;1101;12.0
btv1b9066669w;;;1201-1300;0.0;;lat;domaine public;Bibliothèque nationale de France. Département des manuscrits. Latin 15592;1201;13.0
btv1b525224363;;;0701-1000;0.0;;ine;domaine public;Bibliothèque nationale de France. Département des Manuscrits. Pelliot Koutchéen Nouvelle Série 637;0701;8.0
btv1b108445312;;;1201-1300;0.0;;lat;domaine public;Bibliothèque nationale de France. Département des Manuscrits. Latin 5997A;1201;13.0
btv1b55009809v;;;1401-1500;0.0;;lat;domaine public;Bibliothèque nationale de France. Bibliothèque de l'Arsenal. Ms-600 réserve;1401;15.0
btv1b100912156;;;1301-1800;0.0;;fre;domaine public;Bibliothèque nationale de France. Département des Manuscrits. Français 26695 (Pièces originales 211);1301;14.0
btv1b85721963;;;0701-0900;0.0;;lat;domaine public;Bibliothèque nationale de France. Département des Manuscrits. Latin 7906;0701;8.0
btv1b9067778h;;;1201-1300;0.0;;lat;domaine public;Bibliothèque nationale de France. Département des Manuscrits. Latin 2547;1201;13.0
btv1b100763219;;;1280-1320;0.0;;lat;domaine public;Bibliothèque nationale de France. Département des Manuscrits. Latin 4436;1280;13.0
btv1b52514731c;;;14531005;0.0;;lat;domaine public;Bibliothèque nationale de France. Département des Manuscrits. Chappée 12, 15;1453;15.0
btv1b105395251;;;0726-0750;0.0;;lat;domaine public;Bibliothèque nationale de France. Département des Manuscrits. Latin 298;0726;8.0
btv1b52515199h;;;1401-1500;0.0;;lat;domaine public;Bibliothèque nationale de France. Département des Manuscrits. Latin 9744;1401;15.0
btv1b10720344s;;;1489;0.0;;heb;domaine public;Bibliothèque nationale de France. Département des Manuscrits. Hébreu 420;1489;15.0
btv1b11004896q;;;1201-1300;0.0;;grc;domaine public;Bibliothèque nationale de France. Département des Manuscrits. Supplément grec 497;1201;13.0
btv1b10034607c;;;1101-1200;0.0;;lat;domaine public;Bibliothèque nationale de France. Département des manuscrits. Latin 14402;1101;12.0
btv1b10723213r;;;1101-1200;0.0;;grc;domaine public;Bibliothèque nationale de France. Département des Manuscrits. Grec 1016;1101;12.0
btv1b9080838q;;;1101-1200;0.0;;lat;domaine public;Bibliothèque nationale de France. Département des Manuscrits. Latin 15427;1101;12.0
btv1b8300112c;;;0901-1000;0.0;;;domaine public;Bibliothèque nationale de France. Département des Manuscrits. Pelliot sanscrit Dunhuang 10;0901;10.0
btv1b9058331r;;;1401-1500;0.0;;fre;domaine public;Bibliothèque nationale de France. Département des Manuscrits. Français 1356;1401;15.0
btv1b10037861z;;;1301-1800;0.0;;fre;domaine public;Bibliothèque nationale de France. Département des Manuscrits. Français 28193 (Pièces originales 1709);1301;14.0
btv1b10723691p;;;1475-1500;0.0;;grc;domaine public;Bibliothèque nationale de France. Département des Manuscrits. Grec 2769;1475;15.0
btv1b105006740;;;1301-1700;0.0;;fre;domaine public;Bibliothèque nationale de France. Département des manuscrits. Français 20978;1301;14.0
btv1b105445925;;;1401-1500;0.0;;ger;domaine public;Bibliothèque nationale de France. Département des Manuscrits. Allemand 106;1401;15.0
btv1b10036423b;;;1401-1500;0.0;;ita;domaine public;Bibliothèque nationale de France. Département des Manuscrits. italien 1109;1401;15.0
btv1b10032982w;;;1401-1500;0.0;;lat;domaine public;Bibliothèque nationale de France. Département des Manuscrits. Latin 7781;1401;15.0
btv1b10036356j;;;1201-1300;0.0;;lat;domaine public;Bibliothèque nationale de France. Département des manuscrits. Latin 441;1201;13.0
btv1b9064522h;;;1491;0.0;;heb;domaine public;Bibliothèque nationale de France. Département des Manuscrits. Hébreu 229;1491;15.0
btv1b10723032c;;;1001-1100;0.0;;grc;domaine public;Bibliothèque nationale de France. Département des Manuscrits. Grec 1098;1001;11.0
btv1b52515968v;;;1201-1300;0.0;;lat;domaine public;Bibliothèque nationale de France. Département des Manuscrits. Latin 2474;1201;13.0
btv1b10080788p;;;1301-1800;0.0;;fre;domaine public;Bibliothèque nationale de France. Département des Manuscrits. Français 27157 (Pièces originales 673);1301;14.0
btv1b531646860;;;1449;0.0;;san;domaine public;Bibliothèque nationale de France. Département des Manuscrits. Sanscrit 1687;1449;15.0
btv1b10723159q;;;1401-1500;0.0;;grc;domaine public;Bibliothèque nationale de France. Département des Manuscrits. Grec 746;1401;15.0
btv1b52522561g;;;0701-1000;0.0;;ine;domaine public;Bibliothèque nationale de France. Département des Manuscrits. Pelliot Koutchéen Nouvelle Série 766;0701;8.0
btv1b10866940v;;;0801-0850;0.0;;lat;domaine public;Bibliothèque nationale de France. Département des Manuscrits. Latin 190;0801;9.0
btv1b100351800;;;1101-1200;0.0;;lat;domaine public;Bibliothèque nationale de France. Département des manuscrits. NAL 348;1101;12.0
btv1b52517116j;;;1301-1400;0.0;;pro;domaine public;Bibliothèque nationale de France. Département des Manuscrits. Français 25415;1301;14.0
btv1b10557164n;;;1201-1300;0.0;;fre;domaine public;Bibliothèque municipale de Metz. Ms. 1197;1201;13.0
btv1b53110247b;;;1493;0.0;;syr;domaine public;Bibliothèque nationale de France. Département des Manuscrits. Syriaque 239;1493;15.0
btv1b90809938;;;1101-1200;0.0;;lat;domaine public;Bibliothèque nationale de France. Département des Manuscrits. Latin 494;1101;12.0
btv1b10525474k;;;0801-0900;0.0;;lat;domaine public;Bibliothèque nationale de France. Département des Manuscrits. Latin 258;0801;9.0
btv1b10033259g;;;1201-1300;0.0;;lat;domaine public;Bibliothèque nationale de France. Département des Manuscrits. NAL 1001;1201;13.0
btv1b10036929x;;;1401-1500;0.0;;lat;domaine public;Bibliothèque nationale de France. Département des manuscrits. Latin 14007;1401;15.0
btv1b107209336;;;1301-1700;0.0;;fre;domaine public;Bibliothèque nationale de France. Département des Manuscrits. Français 20423;1301;14.0
btv1b52516808b;;;1301-1400;0.0;;lat;domaine public;Bibliothèque nationale de France. Département des Manuscrits. Latin 6293;1301;14.0
btv1b100765820;;;1250-1275;0.0;;lat;domaine public;Bibliothèque nationale de France. Département des Manuscrits. Latin 7595;1250;13.0
btv1b100386425;;;1201-1300;0.0;;lat;domaine public;Bibliothèque nationale de France. Département des manuscrits. Latin 15918;1201;13.0
btv1b9059950g;;;1470-1480;0.0;;fre;domaine public;Bibliothèque nationale de France. Département des Manuscrits. Français 296;1470;15.0
btv1b52527495v;;;1273-1274;0.0;;ara;domaine public;Bibliothèque nationale de France. Département des Manuscrits. Arabe 4731;1273;13.0
btv1b10096920r;;;0901-1000;0.0;;chi;domaine public;Bibliothèque nationale de France. Département des Manuscrits. Pelliot chinois 4648;0901;10.0
btv1b90614546;;;1401-1700;0.0;;fre;domaine public;Bibliothèque nationale de France. Département des Manuscrits. Français 15544;1401;15.0
btv1b10038237g;;;1201-1225;0.0;;lat;domaine public;Bibliothèque nationale de France. Département des Manuscrits. Latin 1908;1201;13.0
btv1b9066941v;;;1301-1400;0.0;;lat;domaine public;Bibliothèque nationale de France. Département des Manuscrits. Latin 4458A;1301;14.0
btv1b8470110q;;;1401-1500;0.0;;heb;domaine public;Bibliothèque nationale de France. Département des Manuscrits. Hébreu 642;1401;15.0
btv1b9080808k;;;1401-1500;0.0;;lat;domaine public;Bibliothèque nationale de France. Département des manuscrits. Latin 14729;1401;15.0
btv1b107228646;;;1001-1100;0.0;;grc;domaine public;Bibliothèque nationale de France. Département des Manuscrits. Grec 178;1001;11.0
btv1b9058866p;;;1401-1500;0.0;;fre;domaine public;Bibliothèque nationale de France. Département des Manuscrits. Français 2626;1401;15.0
btv1b10020337s;;;0501-0600;0.0;;lat;domaine public;Bibliothèque nationale de France. Département des Manuscrits. NAL 1585;0501;6.0
btv1b9059051s;;;1401-1500;0.0;;fre;domaine public;Bibliothèque nationale de France. Département des manuscrits. Français 2266;1401;15.0
btv1b90671363;;;1401-1500;0.0;;lat;domaine public;Bibliothèque nationale de France. Département des Manuscrits. Latin 6400;1401;15.0
btv1b100271182;;;1281-1400;0.0;;lat;domaine public;Bibliothèque nationale de France. Département des Manuscrits. Latin 7258;1281;13.0
btv1b90615519;;;1401-1500;0.0;;fre;domaine public;Bibliothèque nationale de France. Département des Manuscrits. Français 11501;1401;15.0
btv1b10722921k;;;1450-1550;0.0;;grc;domaine public;Bibliothèque nationale de France. Département des Manuscrits. Grec 2873;1450;15.0
btv1b9058881c;;;1459;0.0;;fre;domaine public;Bibliothèque nationale de France. Département des Manuscrits. Français 1093;1459;15.0
btv1b105569756;;;1301-1325;0.0;;lat;domaine public;Bibliothèque municipale de Metz. Ms. 276;1301;14.0
btv1b9076848p;;;0801-0900;0.0;;lat;domaine public;Bibliothèque nationale de France. Département des Manuscrits. Latin 16668;0801;9.0
btv1b10515438d;;;1201-1300;0.0;;lat;domaine public;Bibliothèque nationale de France. Bibliothèque de l'Arsenal. Ms-97;1201;13.0
btv1b10722692s;;;1401-1500;0.0;;heb;domaine public;Bibliothèque nationale de France. Département des Manuscrits. Hébreu 848;1401;15.0
btv1b8304990k;;;0801-1000;0.0;;;domaine public;Bibliothèque nationale de France. Département des Manuscrits. Pelliot chinois 4072 (3) Pièce 2;0801;9.0
btv1b9058214w;;;1401-1500;0.0;;fre;domaine public;Bibliothèque nationale de France. Département des Manuscrits. Français 1937;1401;15.0
btv1b10884180d;;;1401-1800;0.0;;ara;domaine public;Bibliothèque nationale de France. Département des Manuscrits. Arabe 1427;1401;15.0
btv1b53283943p;;;1401-1500;0.0;;lat;domaine public;Bibliothèque nationale de France. Département des Manuscrits. Latin 6950;1401;15.0
btv1b100917388;;;1178-1180;0.0;;cop;domaine public;Bibliothèque nationale de France. Département des Manuscrits. Copte 13;1178;12.0
btv1b52522647q;;;0701-1000;0.0;;ine;domaine public;Bibliothèque nationale de France. Département des Manuscrits. Pelliot Koutchéen Nouvelle Série 852;0701;8.0
btv1b52509325n;;;1401-1500;0.0;;lat;domaine public;Bibliothèque nationale de France. Bibliothèque de l'Arsenal. Ms-738;1401;15.0
btv1b83003493;;;0701-0800;0.0;;;domaine public;Bibliothèque nationale de France. Département des Manuscrits. Pelliot chinois 5029 D 5;0701;8.0
btv1b8301195z;;;0801-1000;0.0;;chi;domaine public;Bibliothèque nationale de France. Département des Manuscrits. Pelliot chinois 4886;0801;9.0
btv1b107218909;;;1001-1100;0.0;;grc;domaine public;Bibliothèque nationale de France. Département des Manuscrits. Grec 1516;1001;11.0
btv1b110028247;;;1301-1400;0.0;;ara;domaine public;Bibliothèque nationale de France. Département des manuscrits. Arabe 3341;1301;14.0
btv1b10033489g;;;1401-1500;0.0;;fre;domaine public;Bibliothèque nationale de France. Département des manuscrits. Français 2264;1401;15.0
btv1b110041337;;;1101-1200;0.0;;grc;domaine public;Bibliothèque nationale de France. Département des Manuscrits. Supplément grec 1275;1101;12.0
btv1b83048492;;;0901-1000;0.0;;chi;domaine public;Bibliothèque nationale de France. Département des Manuscrits. Pelliot chinois 3758 Pièce;0901;10.0
btv1b8300311n;;;0701-0900;0.0;;chi;domaine public;Bibliothèque nationale de France. Département des Manuscrits. Pelliot chinois 4845;0701;8.0
btv1b90783475;;;1201-1300;0.0;;lat;domaine public;Bibliothèque nationale de France. Département des Manuscrits. Latin 14880;1201;13.0
btv1b108664992;;;0850-0900;0.0;;lat;domaine public;Bibliothèque nationale de France. Département des Manuscrits. Latin 10307;0850;9.0
btv1b11000216r;;;1101-1200;0.0;;grc;domaine public;Bibliothèque nationale de France. Département des Manuscrits. Supplément grec 1355;1101;12.0
btv1b100509408;;;1325;0.0;;;domaine public;Bibliothèque municipale de Rouen, Ms O 4 fdeg 215v detail;1325;14.0
btv1b8300200h;;;0901-1000;0.0;;chi;domaine public;Bibliothèque nationale de France. Département des Manuscrits. Pelliot chinois 4715 1;0901;10.0
btv1b100323046;;;0801-1000;0.0;;lat;domaine public;Bibliothèque nationale de France. Département des Manuscrits. NAL 450;0801;9.0
btv1b100762962;;;1290-1310;0.0;;lat;domaine public;Bibliothèque nationale de France. Département des Manuscrits. Latin 15181;1290;13.0
btv1b100871752;;;1101-1200;0.0;;syr;domaine public;Bibliothèque nationale de France. Département des Manuscrits. Syriaque 30;1101;12.0
btv1b10557083n;;;1401-1500;0.0;;lat;domaine public;Bibliothèque municipale de Metz. Ms. 520;1401;15.0
btv1b10031613z;;;1384;0.0;;ara;domaine public;Bibliothèque nationale de France. Département des manuscrits. Arabe 6562;1384;14.0
btv1b10081203k;;;1301-1800;0.0;;fre;domaine public;Bibliothèque nationale de France. Département des Manuscrits. Français 27315 (Pièces originales 831);1301;14.0
btv1b10024642g;;;1401-1500;0.0;;lat;domaine public;Bibliothèque nationale de France. Département des Manuscrits. Latin 11289;1401;15.0
btv1b52514179b;;;1401-1500;0.0;;lat;domaine public;Bibliothèque nationale de France. Département des Manuscrits. Latin 10263;1401;15.0
btv1b10866423g;;;1401-1500;0.0;;lat;domaine public;Bibliothèque nationale de France. Département des Manuscrits. Latin 7309;1401;15.0
btv1b10038663f;;;1201-1300;0.0;;lat;domaine public;Bibliothèque nationale de France. Département des Manuscrits. Latin 15755;1201;13.0
btv1b11004472k;;;0501-0600;0.0;;grc;domaine public;Bibliothèque nationale de France. Département des Manuscrits. Supplément grec 1120;0501;6.0
btv1b10547732g;;;1001-1050;0.0;;lat;domaine public;Bibliothèque nationale de France. Département des Manuscrits. Latin 2799;1001;11.0
btv1b10868447s;;;1201-1300;0.0;;lat;domaine public;Bibliothèque nationale de France. Département des Manuscrits. Latin 5718;1201;13.0
btv1b8302506n;;;0801-0900;0.0;;chi;domaine public;Bibliothèque nationale de France. Département des Manuscrits. Pelliot chinois 3547;0801;9.0
btv1b100912747;;;14690315;0.0;;per;domaine public;Bibliothèque nationale de France. Département des Manuscrits. Persan 47;1469;15.0
btv1b100964399;;;0901-1000;0.0;;chi;domaine public;Bibliothèque nationale de France. Département des Manuscrits. Pelliot chinois 3688;0901;10.0
btv1b10033099c;;;1001-1100;0.0;;lat;domaine public;Bibliothèque nationale de France. Département des Manuscrits. NAL 1621;1001;11.0
btv1b10096446c;;;0901-1000;0.0;;chi;domaine public;Bibliothèque nationale de France. Département des Manuscrits. Pelliot chinois 3906;0901;10.0
btv1b9072583v;;;1201-1300;0.0;;lat;domaine public;Bibliothèque nationale de France. Département des manuscrits. Latin 10843;1201;13.0
btv1b11002219s;;;1349;0.0;;ara;domaine public;Bibliothèque nationale de France. Département des manuscrits. Arabe 2810;1349;14.0
btv1b52510692j;;;1201-1300;0.0;;fre;domaine public;Bibliothèque nationale de France. Département des Manuscrits. Français 1443;1201;13.0
btv1b9058877g;;;1301-1400;0.0;;fre;domaine public;Bibliothèque nationale de France. Département des Manuscrits. Français 1201;1301;14.0
btv1b107224080;;;1500-1510;0.0;;grc;domaine public;Bibliothèque nationale de France. Département des Manuscrits. Grec 2779;1500;15.0
btv1b525209708;;;1301-1800;0.0;;fre;domaine public;Bibliothèque nationale de France. Département des Manuscrits. PO 2745, dossier 61362;1301;14.0
btv1b10720952k;;;1201-1300;0.0;;lat;domaine public;Bibliothèque nationale de France. Département des manuscrits. Latin 6274;1201;13.0
btv1b10030889z;;;1452;0.0;;ara;domaine public;Bibliothèque nationale de France. Département des Manuscrits. Arabe 5864;1452;15.0
btv1b105395575;;;0801-0850;0.0;;lat;domaine public;Bibliothèque nationale de France. Département des Manuscrits. Latin 1771;0801;9.0
btv1b10039006c;;;0801-0900;0.0;;lat;domaine public;Bibliothèque nationale de France. Département des Manuscrits. Latin 1913A;0801;9.0
btv1b85775286;;;1301-1400;0.0;;lat;domaine public;Bibliothèque nationale de France. Département des Manuscrits. Latin 8044;1301;14.0
btv1b9067774v;;;1201-1400;0.0;;lat;domaine public;Bibliothèque nationale de France. Département des Manuscrits. Latin 8675;1201;13.0
btv1b10090893j;;;1420;0.0;;lat;domaine public;Bibliothèque nationale de France. Département des Manuscrits. Chappée 2;1420;15.0
btv1b10554837c;;;1401-1500;0.0;;;domaine public;Montpellier Méditerranée Métropole - Médiathèque centrale Emile Zola. MS0024-01;1401;15.0
btv1b90002712;;;1101-1700;0.0;;fre;domaine public;Bibliothèque nationale de France. Département des Manuscrits. Clairambault 66;1101;12.0
btv1b52501149r;;;1401-1500;0.0;;fre;domaine public;Bibliothèque nationale de France. Bibliothèque de l'Arsenal. Ms-3080;1401;15.0
btv1b10051987d;;;1325;0.0;;;domaine public;Bibliothèque municipale de Rouen, Ms O 4 fdeg 110v detail;1325;14.0
btv1b10721445z;;;1301-1400;0.0;;lat;domaine public;Bibliothèque nationale de France. Département des Manuscrits. Latin 7195;1301;14.0
btv1b10033530r;;;1301-1400;0.0;;spa;domaine public;Bibliothèque nationale de France. Département des Manuscrits. Espagnol 547;1301;14.0
btv1b10097040h;;;0901-1000;0.0;;chi;domaine public;Bibliothèque nationale de France. Département des Manuscrits. Pelliot chinois 4093;0901;10.0
btv1b83000744;;;0901-1000;0.0;;;domaine public;Bibliothèque nationale de France. Département des Manuscrits. Pelliot chinois 4514 (2) 28;0901;10.0
btv1b107228233;;;1201-1300;0.0;;grc;domaine public;Bibliothèque nationale de France. Département des Manuscrits. Grec 39;1201;13.0
btv1b9009527g;;;1401-1500;0.0;;fre;domaine public;Bibliothèque nationale de France. Département des Manuscrits. Français 2081;1401;15.0
btv1b525227189;;;0701-1000;0.0;;ine;domaine public;Bibliothèque nationale de France. Département des Manuscrits. Pelliot Koutchéen Nouvelle Série 933;0701;8.0
btv1b8305008p;;;0901-1000;0.0;;chi;domaine public;Bibliothèque nationale de France. Département des Manuscrits. Pelliot chinois 3555 B Pièce 5;0901;10.0
btv1b10532633h;;;1301-1400;0.0;;lat;domaine public;Bibliothèque nationale de France. Département des Manuscrits. Latin 7127;1301;14.0
btv1b83015337;;;0801-1000;0.0;;chi;domaine public;Bibliothèque nationale de France. Département des Manuscrits. Pelliot chinois 3563;0801;9.0
btv1b105096029;;;1401-1500;0.0;;grc;domaine public;Bibliothèque nationale de France. Département des Manuscrits. Grec 1693;1401;15.0
btv1b90592198;;;1401-1500;0.0;;fre;domaine public;Bibliothèque nationale de France. Département des manuscrits. Français 697;1401;15.0
btv1b10028453z;;;1201-1300;0.0;;lat;domaine public;Bibliothèque nationale de France. Département des Manuscrits. Latin 414;1201;13.0
btv1b105572787;;;1401-1500;0.0;;lat;domaine public;Bibliothèque multimédia intercommunale Épinal. Ms. 223;1401;15.0
btv1b8300108g;;;0901-1000;0.0;;;domaine public;Bibliothèque nationale de France. Département des Manuscrits. Pelliot sanscrit Dunhuang 5;0901;10.0
btv1b90778821;;;1375-1400;0.0;;lat;domaine public;Bibliothèque nationale de France. Département des Manuscrits. Latin 1463;1375;14.0
btv1b52512229z;;;1101-1200;0.0;;lat;domaine public;Bibliothèque nationale de France. Bibliothèque de l'Arsenal. Ms-586 réserve;1101;12.0
btv1b90767208;;;1401-1500;0.0;;lat;domaine public;Bibliothèque nationale de France. Département des Manuscrits. Latin 8163;1401;15.0
btv1b9080822v;;;1201-1300;0.0;;lat;domaine public;Bibliothèque nationale de France. Département des manuscrits. Latin 12413;1201;13.0
btv1b10052851f;;;1325;0.0;;;domaine public;Bibliothèque municipale de Rouen, Ms O 4 fdeg 377v detail;1325;14.0
btv1b10557162r;;;1101-1200;0.0;;lat;domaine public;Bibliothèque municipale de Metz. Ms. 1193;1101;12.0
btv1b10035039k;;;0675-1718;0.0;;fre;domaine public;Bibliothèque nationale de France. Département des Manuscrits. Moreau 112;0675;7.0
btv1b108443192;;;1301-1400;0.0;;fre;domaine public;Bibliothèque nationale de France. Département des Manuscrits. Français 17270;1301;14.0
btv1b55007805c;;;1401-1500;0.0;;fre;domaine public;Bibliothèque nationale de France. Bibliothèque de l'Arsenal. Ms-3079;1401;15.0
btv1b525152506;;;1301-1400;0.0;;lat;domaine public;Bibliothèque nationale de France. Département des Manuscrits. Latin 7907;1301;14.0
btv1b8302527t;;;0601-0700;0.0;;chi;domaine public;Bibliothèque nationale de France. Département des Manuscrits. Pelliot chinois 3562;0601;7.0
btv1b10034577w;;;1401-1500;0.0;;spa;domaine public;Bibliothèque nationale de France. Département des Manuscrits. Espagnol 214;1401;15.0
btv1b10038941v;;;1175-1300;0.0;;lat;domaine public;Bibliothèque nationale de France. Département des Manuscrits. Latin 308;1175;12.0
btv1b90683934;;;1376;0.0;;lat;domaine public;Bibliothèque nationale de France. Département des Manuscrits. Latin 6468;1376;14.0
btv1b8572192f;;;0801-0900;0.0;;lat;domaine public;Bibliothèque nationale de France. Département des manuscrits. Latin 1546;0801;9.0
btv1b102293667;;;1484;0.0;;per;domaine public;Bibliothèque nationale et universitaire de Strasbourg. Ms.4.715;1484;15.0
btv1b10036039x;;;1100-1125;0.0;;lat;domaine public;Bibliothèque nationale de France. Département des Manuscrits. Latin 18419;1100;11.0
btv1b11000964k;;;1465-1466;0.0;;ara;domaine public;Bibliothèque nationale de France. Département des manuscrits. Arabe 1711;1465;15.0
btv1b541005783;;;1301-1800;0.0;;fre;domaine public;Bibliothèque nationale de France. Département des Manuscrits. Français 27536 (Pièces originales 1052);1301;14.0
btv1b525158995;;;13160101-18021231;0.0;;lat;domaine public;Bibliothèque nationale de France. Département des Manuscrits. Chappée 13, 55;1316;14.0
btv1b10548454d;;;1401-1500;0.0;;heb;domaine public;Bibliothèque nationale de France. Département des Manuscrits. Hébreu 904;1401;15.0
btv1b105388268;;;0599;0.0;;grc;domaine public;Bibliothèque nationale de France. Département des Manuscrits. Supplément grec 909;0599;6.0
btv1b10721845g;;;1201-1300;0.0;;grc;domaine public;Bibliothèque nationale de France. Département des Manuscrits. Grec 302;1201;13.0
btv1b10545065q;;;1380;0.0;;ara;domaine public;Bibliothèque nationale de France. Département des Manuscrits. Hébreu 1100;1380;14.0
btv1b11004540t;;;1304;0.0;;;domaine public;Bibliothèque nationale de France. Département des Manuscrits. Supplément grec 150;1304;14.0
btv1b52514103r;;;1174-1286;0.0;;lat;domaine public;Bibliothèque nationale de France. Département des Manuscrits. Latin 5464 (7), pièce 236, sceau détaché;1174;12.0
btv1b8302563p;;;0901-1000;0.0;;chi;domaine public;Bibliothèque nationale de France. Département des Manuscrits. Pelliot chinois 3683;0901;10.0
btv1b10037657g;;;1301-1400;0.0;;grc;domaine public;Bibliothèque nationale de France. Département des Manuscrits. Coislin 264;1301;14.0
btv1b53289605v;;;1301-1400;0.0;;lat;domaine public;Bibliothèque nationale de France. Département des Manuscrits. Latin 8549;1301;14.0
btv1b90666264;;;1201-1300;0.0;;lat;domaine public;Bibliothèque nationale de France. Département des Manuscrits. Latin 16481;1201;13.0
btv1b100840852;;;1101-1200;0.0;;lat;domaine public;Bibliothèque nationale de France. Département des Manuscrits. Latin 13874;1101;12.0
btv1b11001074x;;;1401-1500;0.0;;ara;domaine public;Bibliothèque nationale de France. Département des manuscrits. Arabe 1728;1401;15.0
btv1b9068329z;;;1417;0.0;;lat;domaine public;Bibliothèque nationale de France. Département des manuscrits. Latin 8065;1417;15.0
btv1b8530185k;;;1101-1200;0.0;;lat;domaine public;Bibliothèque nationale de France. Département des Manuscrits. Latin 1643;1101;12.0
btv1b110026896;;;1301-1400;0.0;;ara;domaine public;Bibliothèque nationale de France. Département des manuscrits. Arabe 3096;1301;14.0
btv1b52522681p;;;0701-1000;0.0;;ine;domaine public;Bibliothèque nationale de France. Département des Manuscrits. Pelliot Koutchéen Nouvelle Série 628;0701;8.0
btv1b8490071m;;;0901-1100;0.0;;lat;domaine public;Bibliothèque nationale de France. Bibliothèque de l'Arsenal. Ms-612 réserve;0901;10.0
btv1b84497130;;;1409-1415;0.0;;fre;domaine public;Bibliothèque nationale de France. Département des Manuscrits. NAF 4792;1409;15.0
btv1b10546354b;;;1401-1600;0.0;;heb;domaine public;Bibliothèque nationale de France. Département des Manuscrits. Hébreu 967;1401;15.0
btv1b10091204b;;;12860131;0.0;;per;domaine public;Bibliothèque nationale de France. Département des Manuscrits. Persan 121;1286;13.0
btv1b8426001w;;;1405-1425;0.0;;;domaine public;Bibliothèque nationale de France. Département des Manuscrits. Français 243;1405;15.0
btv1b10034502r;;;1201-1300;0.0;;lat;domaine public;Bibliothèque nationale de France. Département des manuscrits. Latin 15997;1201;13.0
btv1b10515856v;;;1301-1500;0.0;;heb;domaine public;Bibliothèque nationale de France. Département des manuscrits. Hébreu 785Heb. 118;1301;14.0
btv1b10033731z;;;1301-1400;0.0;;lat;domaine public;Bibliothèque nationale de France. Département des manuscrits. Latin 808;1301;14.0
btv1b9061978b;;;1201-1300;0.0;;fre;domaine public;Bibliothèque nationale de France. Département des Manuscrits. Français 20047;1201;13.0
btv1b110009295;;;1476;0.0;;ara;domaine public;Bibliothèque nationale de France. Département des manuscrits. Arabe 1771;1476;15.0
btv1b10723952m;;;1401-1500;0.0;;grc;domaine public;Bibliothèque nationale de France. Département des Manuscrits. Grec 775;1401;15.0
btv1b105452713;;;1301-1400;0.0;;heb;domaine public;Bibliothèque nationale de France. Département des Manuscrits. Hébreu 1195;1301;14.0
btv1b9061358h;;;1401-1500;0.0;;fre;domaine public;Bibliothèque nationale de France. Département des Manuscrits. Français 15455;1401;15.0
btv1b107229026;;;1201-1300;0.0;;grc;domaine public;Bibliothèque nationale de France. Département des Manuscrits. Grec 2916;1201;13.0
btv1b9059374t;;;1451-1500;0.0;;fre;domaine public;Bibliothèque nationale de France. Département des Manuscrits. Français 2258;1451;15.0
btv1b9064407g;;;1401-1500;0.0;;heb;domaine public;Bibliothèque nationale de France. Département des Manuscrits. Hébreu 1058;1401;15.0
btv1b105154424;;;1440-1475;0.0;;fre;domaine public;Bibliothèque nationale de France. Département des Manuscrits. Français 1303;1440;15.0
btv1b525148059;;;14840101-14841231;0.0;;lat;domaine public;Bibliothèque nationale de France. Département des Manuscrits. Chappée 12, 62,2;1484;15.0
btv1b52512652k;;;1466;0.0;;lat;domaine public;Bibliothèque nationale de France. Département des Manuscrits. Latin 6020;1466;15.0
btv1b10076362d;;;1301-1400;0.0;;lat;domaine public;Bibliothèque nationale de France. Département des Manuscrits. Latin 8161;1301;14.0
btv1b10224706j;;;1460-1461;0.0;;lat;domaine public;Bibliothèque nationale et universitaire de Strasbourg. Ms.0.027;1460;15.0
btv1b52522552h;;;0701-1000;0.0;;ine;domaine public;Bibliothèque nationale de France. Département des Manuscrits. Pelliot Koutchéen Nouvelle Série 757;0701;8.0
btv1b52518445t;;;1049;0.0;;grc;domaine public;Bibliothèque nationale de France. Département des Manuscrits. Grec 990;1049;11.0
btv1b100316883;;;1371-1372;0.0;;ara;domaine public;Bibliothèque nationale de France. Département des manuscrits. Arabe 4680;1371;14.0
btv1b11002866s;;;1399-1400;0.0;;ara;domaine public;Bibliothèque nationale de France. Département des manuscrits. Arabe 3366;1399;14.0
btv1b10052205w;;;1325;0.0;;;domaine public;Bibliothèque municipale de Rouen, Ms O 4 fdeg 388v detail;1325;14.0
btv1b10545252q;;;1401-1500;0.0;;heb;domaine public;Bibliothèque nationale de France. Département des Manuscrits. Hébreu 1162;1401;15.0
btv1b8302647x;;;0701-0800;0.0;;chi;domaine public;Bibliothèque nationale de France. Département des Manuscrits. Pelliot chinois 3877;0701;8.0
btv1b10073319f;;;1101-1200;0.0;;lat;domaine public;Bibliothèque nationale de France. Département des Manuscrits. Latin 2390;1101;12.0
btv1b9007286p;;;1401-1500;0.0;;fre;domaine public;Bibliothèque nationale de France. Département des manuscrits. Français 5914;1401;15.0
btv1b84267909;;;0825-0875;0.0;;lat;domaine public;Bibliothèque nationale de France. Département des Manuscrits. Latin 47;0825;9.0
btv1b10546807h;;;1472;0.0;;heb;domaine public;Bibliothèque nationale de France. Département des Manuscrits. Hébreu 1280;1472;15.0
btv1b52527260m;;;1219-1420;0.0;;fre;domaine public;Bibliothèque nationale de France. Département des Manuscrits. Lorraine 348;1219;13.0
btv1b9066154q;;;1125-1175;0.0;;lat;domaine public;Bibliothèque nationale de France. Département des Manuscrits. Latin 4889;1125;12.0
btv1b110040633;;;1475-1500;0.0;;;domaine public;Bibliothèque nationale de France. Département des Manuscrits. Supplément grec 115;1475;15.0
btv1b100357664;;;1462;0.0;;lat;domaine public;Bibliothèque nationale de France. Département des Manuscrits. Latin 4929;1462;15.0
btv1b9066084h;;;1375-1400;0.0;;lat;domaine public;Bibliothèque nationale de France. Département des Manuscrits. Latin 14276;1375;14.0
btv1b52522205n;;;0701-1000;0.0;;ine;domaine public;Bibliothèque nationale de France. Département des Manuscrits. Pelliot Koutchéen Nouvelle Série 1062;0701;8.0
btv1b84582597;;;0925-1000;0.0;;grc;domaine public;Bibliothèque nationale de France. Département des Manuscrits. Grec 2771;0925;10.0
btv1b10038186q;;;1201-1300;0.0;;lat;domaine public;Bibliothèque nationale de France. Département des Manuscrits. Latin 14594;1201;13.0
btv1b10889282d;;;1396;0.0;;;domaine public;Bibliothèque nationale de France. Département des Manuscrits. Hébreu 1467;1396;14.0
btv1b100961628;;;0901-1000;0.0;;chi;domaine public;Bibliothèque nationale de France. Département des Manuscrits. Pelliot chinois 5014;0901;10.0
btv1b10088942v;;;1301-1400;0.0;;fre;domaine public;Bibliothèque nationale de France. Département des Manuscrits. NAF 7514;1301;14.0
btv1b83011029;;;0601-0700;0.0;;chi;domaine public;Bibliothèque nationale de France. Département des Manuscrits. Pelliot chinois 4846;0601;7.0
btv1b100905474;;;1301-1800;0.0;;fre;domaine public;Bibliothèque nationale de France. Département des Manuscrits. Français 28326 (Pièces originales 1842);1301;14.0
btv1b100914132;;;1301-1800;0.0;;fre;domaine public;Bibliothèque nationale de France. Département des Manuscrits. Français 26695 (Pièces originales 211);1301;14.0
btv1b10096792s;;;0901-1000;0.0;;chi;domaine public;Bibliothèque nationale de France. Département des Manuscrits. Pelliot chinois 3501;0901;10.0
btv1b52501705k;;;1401-1500;0.0;;grc;domaine public;Bibliothèque nationale de France. Département des Manuscrits. Grec 2129;1401;15.0
btv1b10021507n;;;1341-1370;0.0;;lat;domaine public;Bibliothèque nationale de France. Département des Manuscrits. NAL 482;1341;14.0
btv1b10038848m;;;1490;0.0;;lat;domaine public;Bibliothèque nationale de France. Département des manuscrits. Latin 15159;1490;15.0
btv1b11000903n;;;1465;0.0;;ara;domaine public;Bibliothèque nationale de France. Département des manuscrits. Arabe 1710;1465;15.0
btv1b10529629w;;;1101-1501;0.0;;;domaine public;. Pelliot xixia 24;1101;12.0
btv1b11000027v;;;1101-1200;0.0;;grc;domaine public;Bibliothèque nationale de France. Département des Manuscrits. Grec 357;1101;12.0
btv1b8301162k;;;0801-0900;0.0;;chi;domaine public;Bibliothèque nationale de France. Département des Manuscrits. Pelliot chinois 4784;0801;9.0
btv1b11004892x;;;1301-1400;0.0;;grc;domaine public;Bibliothèque nationale de France. Département des Manuscrits. Supplément grec 1186;1301;14.0
btv1b90668633;;;1401-1500;0.0;;lat;domaine public;Bibliothèque nationale de France. Département des Manuscrits. Latin 6069O;1401;15.0
btv1b8490148q;;;1150-1175;0.0;;lat;domaine public;Bibliothèque nationale de France. Département des Manuscrits. NAL 1792;1150;12.0
btv1b52515895c;;;13160101-18021231;0.0;;lat;domaine public;Bibliothèque nationale de France. Département des Manuscrits. Chappée 13, 51;1316;14.0
btv1b10543206r;;;1401-1600;0.0;;heb;domaine public;Bibliothèque nationale de France. Département des Manuscrits. Hébreu 405;1401;15.0
btv1b9076792r;;;1316;0.0;;lat;domaine public;Bibliothèque nationale de France. Département des Manuscrits. Latin 12590;1316;14.0
btv1b11000159c;;;0901-1000;0.0;;grc;domaine public;Bibliothèque nationale de France. Département des Manuscrits. Coislin 83;0901;10.0
btv1b100390696;;;1259;0.0;;lat;domaine public;Bibliothèque nationale de France. Département des manuscrits. Latin 11076;1259;13.0
btv1b9066556x;;;1201-1300;0.0;;lat;domaine public;Bibliothèque nationale de France. Département des Manuscrits. Latin 5132;1201;13.0
btv1b10033619b;;;1301-1400;0.0;;lat;domaine public;Bibliothèque nationale de France. Département des Manuscrits. NAL 903;1301;14.0
btv1b10088937p;;;1401-1500;0.0;;fre;domaine public;Bibliothèque nationale de France. Département des Manuscrits. NAF 1287;1401;15.0
btv1b105463421;;;1401-1600;0.0;;heb;domaine public;Bibliothèque nationale de France. Département des Manuscrits. Hébreu 845;1401;15.0
btv1b10560033g;;;1301-1325;0.0;;lat;domaine public;Bibliothèque municipale de Toulouse. Ms. 48;1301;14.0
btv1b52510872g;;;1230-1250;0.0;;lat;domaine public;Bibliothèque nationale de France. Département des Manuscrits. Latin 17234;1230;13.0
btv1b110040527;;;1376-1425;0.0;;grc;domaine public;Bibliothèque nationale de France. Département des Manuscrits. Coislin 392;1376;14.0
btv1b9059983v;;;1500-1510;0.0;;fre;domaine public;Bibliothèque nationale de France. Département des Manuscrits. Français 995;1500;15.0
btv1b100521527;;;1325;0.0;;;domaine public;Bibliothèque municipale de Rouen, Ms O 4 fdeg 192 detail;1325;14.0
btv1b10554657f;;;1301-1400;0.0;;;domaine public;Montpellier Méditerranée Métropole - Médiathèque centrale Emile Zola. MS0020-07;1301;14.0
btv1b9066896g;;;1401-1500;0.0;;lat;domaine public;Bibliothèque nationale de France. Département des Manuscrits. Latin 4840;1401;15.0
btv1b9009640p;;;1401-1415;0.0;;frm;domaine public;Bibliothèque nationale de France. Département des Manuscrits. Français 45;1401;15.0
btv1b52520518v;;;1401-1500;0.0;;fre;domaine public;Bibliothèque nationale de France. Département des Manuscrits. Français 1172;1401;15.0
btv1b52521809c;;;1301-1800;0.0;;fre;domaine public;Bibliothèque nationale de France. Département des Manuscrits. Français 27959 (Pièces originales 1475);1301;14.0
btv1b10782947z;;;1301-1700;0.0;;fre;domaine public;Bibliothèque nationale de France. Département des Manuscrits. Français 20369;1301;14.0
btv1b100362493;;;1401-1500;0.0;;lat;domaine public;Bibliothèque nationale de France. Département des manuscrits. Latin 17631;1401;15.0
btv1b9066792g;;;0801-1000;0.0;;lat;domaine public;Bibliothèque nationale de France. Département des Manuscrits. Latin 11748;0801;9.0
btv1b108506120;;;1301-1400;0.0;;lat;domaine public;Bibliothèque nationale de France. Département des Manuscrits. Latin 2187;1301;14.0
btv1b100961662;;;0701-0800;0.0;;chi;domaine public;Bibliothèque nationale de France. Département des Manuscrits. Pelliot chinois 3628;0701;8.0
btv1b55013308r;;;1401-1500;0.0;;fre;domaine public;Bibliothèque nationale de France. Bibliothèque de l'Arsenal. Ms-2329;1401;15.0
btv1b52516218g;;;1301-1400;0.0;;lat;domaine public;Bibliothèque nationale de France. Département des Manuscrits. Latin 7255;1301;14.0
btv1b9059545s;;;1401-1500;0.0;;fre;domaine public;Bibliothèque nationale de France. Département des Manuscrits. Français 4367;1401;15.0
btv1b100763342;;;1467;0.0;;lat;domaine public;Bibliothèque nationale de France. Département des Manuscrits. Latin 2030;1467;15.0
btv1b8301453n;;;0701-0800;0.0;;chi;domaine public;Bibliothèque nationale de France. Département des Manuscrits. Pelliot chinois 3854;0701;8.0
btv1b100310841;;;1201-1300;0.0;;ara;domaine public;Bibliothèque nationale de France. Département des Manuscrits. Arabe 6860;1201;13.0
btv1b100816518;;;1001-1100;0.0;;grc;domaine public;Bibliothèque nationale de France. Département des Manuscrits. Coislin 70;1001;11.0
btv1b10076631v;;;1400-1500;0.0;;lat;domaine public;Bibliothèque nationale de France. Département des Manuscrits. Latin 6310;1400;14.0
btv1b10033210s;;;1301-1400;0.0;;lat;domaine public;Bibliothèque nationale de France. Département des Manuscrits. Latin 4456;1301;14.0
btv1b10073924w;;;1201-1400;0.0;;lat;domaine public;Bibliothèque nationale de France. Département des Manuscrits. Latin 1794;1201;13.0
btv1b52522566q;;;0701-1000;0.0;;ine;domaine public;Bibliothèque nationale de France. Département des Manuscrits. Pelliot Koutchéen Nouvelle Série 771;0701;8.0
btv1b8447770d;;;1379;0.0;;lat;domaine public;Bibliothèque nationale de France. Département des Manuscrits. Latin 6069F;1379;14.0
btv1b10032949c;;;0801-0900;0.0;;lat;domaine public;Bibliothèque nationale de France. Département des manuscrits. Latin 13189;0801;9.0
btv1b84559070;;;1400-1420;0.0;;fre;domaine public;Bibliothèque nationale de France. Département des Manuscrits. NAF 21013;1400;14.0
btv1b107237232;;;1389;0.0;;grc;domaine public;Bibliothèque nationale de France. Département des Manuscrits. Grec 1308;1389;14.0
btv1b6000427q;;;1301-1400;0.0;;fre;domaine public;Bibliothèque nationale de France. Département des Manuscrits. Français 12474;1301;14.0
btv1b9006787h;;;1201-1300;0.0;;fre;domaine public;Bibliothèque nationale de France. Département des Manuscrits. Français 492;1201;13.0
btv1b90581290;;;1401-1500;0.0;;fre;domaine public;Bibliothèque nationale de France. Département des Manuscrits. Français 1727;1401;15.0
btv1b10663416t;;;1190-1210;0.0;;lat;domaine public;Bibliothèque municipale de Grenoble. Ms. 471 Rés.;1190;12.0
btv1b10720012h;;;1485;0.0;;heb;domaine public;Bibliothèque nationale de France. Département des Manuscrits. Hébreu 1001;1485;15.0
btv1b10867468q;;;1010-1070;0.0;;grc;domaine public;Bibliothèque nationale de France. Département des Manuscrits. Grec 2442;1010;11.0
btv1b100805075;;;1301-1800;0.0;;fre;domaine public;Bibliothèque nationale de France. Département des Manuscrits. Français 27856 (Pièces originales 1372);1301;14.0
btv1b90781195;;;1301-1400;0.0;;lat;domaine public;Bibliothèque nationale de France. Département des manuscrits. Latin 15878;1301;14.0
btv1b83011044;;;0601-0800;0.0;;chi;domaine public;Bibliothèque nationale de France. Département des Manuscrits. Pelliot chinois 4850;0601;7.0
btv1b90809849;;;1470-1473;0.0;;lat;domaine public;Bibliothèque nationale de France. Département des Manuscrits. Latin 43;1470;15.0
btv1b104658062;;;1001-1200;0.0;;lat;domaine public;Bibliothèque nationale de France. Département des Manuscrits. Latin 2612;1001;11.0
btv1b10722978s;;;0901-1000;0.0;;grc;domaine public;Bibliothèque nationale de France. Département des Manuscrits. Grec 105;0901;10.0
btv1b10893771p;;;0901-1000;0.0;;chi;domaine public;Bibliothèque nationale de France. Département des Manuscrits. Pelliot chinois 4525 (11);0901;10.0
btv1b10551124x;;;1001-1050;0.0;;lat;domaine public;Bibliothèque nationale de France. Département des Manuscrits. Latin 9391;1001;11.0
btv1b10866416d;;;1401-1500;0.0;;grc;domaine public;Bibliothèque nationale de France. Département des Manuscrits. Grec 1386;1401;15.0
btv1b9078323r;;;1201-1300;0.0;;lat;domaine public;Bibliothèque nationale de France. Département des Manuscrits. Latin 14342;1201;13.0
btv1b11001244f;;;13050503;0.0;;ara;domaine public;Bibliothèque nationale de France. Département des Manuscrits. Arabe 1004;1305;14.0
btv1b10038931f;;;1301-1400;0.0;;lat;domaine public;Bibliothèque nationale de France. Département des Manuscrits. NAL 1768;1301;14.0
btv1b9077676m;;;1101-1200;0.0;;lat;domaine public;Bibliothèque nationale de France. Département des Manuscrits. Latin 11531;1101;12.0
btv1b525224865;;;0701-1000;0.0;;ine;domaine public;Bibliothèque nationale de France. Département des Manuscrits. Pelliot Koutchéen Nouvelle Série 687;0701;8.0
btv1b102246154;;;14730717;0.0;;ger;domaine public;Bibliothèque nationale et universitaire de Strasbourg. Ms.2.137;1473;15.0
btv1b550134999;;;1401-1500;0.0;;lat;domaine public;Bibliothèque nationale de France. Département des Manuscrits. Latin 6947;1401;15.0
btv1b52503312t;;;1301-1400;0.0;;heb;domaine public;Bibliothèque nationale de France. Département des Manuscrits. Hébreu 1489 (7);1301;14.0
btv1b52525408s;;;1201-1225;0.0;;lat;domaine public;Bibliothèque nationale de France. Département des Manuscrits. Latin 2160;1201;13.0
btv1b10033536f;;;1401-1500;0.0;;spa;domaine public;Bibliothèque nationale de France Bibliothèque n0ationale de France. Département des Manuscrits. Espagnol 474;1401;15.0
btv1b9068099k;;;1245-1300;0.0;;lat;domaine public;Bibliothèque nationale de France. Département des Manuscrits. Latin 15362;1245;13.0
btv1b52516652z;;;14090101-18001231;0.0;;lat;domaine public;Bibliothèque nationale de France. Département des Manuscrits. Chappée 17.3, 26;1409;15.0
btv1b10866660j;;;1456-1458;0.0;;lat;domaine public;Bibliothèque nationale de France. Département des Manuscrits. Latin 17013;1456;15.0
btv1b100889367;;;1401-1500;0.0;;fre;domaine public;Bibliothèque nationale de France. Département des Manuscrits. NAF 1286;1401;15.0
btv1b90661539;;;0801-0900;0.0;;lat;domaine public;Bibliothèque nationale de France. Département des Manuscrits. Latin 13369;0801;9.0
btv1b10840136d;;;1280-1320;0.0;;lat;domaine public;Bibliothèque nationale de France. Département des Manuscrits. Latin 18294;1280;13.0
btv1b100814754;;;1301-1800;0.0;;fre;domaine public;Bibliothèque nationale de France. Département des Manuscrits. Français 26598 (Pièces originales 114);1301;14.0
btv1b10080060m;;;1301-1800;0.0;;fre;domaine public;Bibliothèque nationale de France. Département des Manuscrits. Français 29047 (Pièces originales 2563);1301;14.0
btv1b6000797d;;;1401-1500;0.0;;fre;domaine public;Bibliothèque nationale de France. Département des Manuscrits. Français 9223;1401;15.0
btv1b52512213v;;;1101-1200;0.0;;lat;domaine public;Bibliothèque nationale de France. Bibliothèque de l'Arsenal. Ms-327;1101;12.0
btv1b11004641n;;;1478;0.0;;grc;domaine public;Bibliothèque nationale de France. Département des Manuscrits. Coislin 84;1478;15.0
btv1b100364541;;;0901-1000;0.0;;lat;domaine public;Bibliothèque nationale de France. Département des manuscrits. Latin 10866;0901;10.0
btv1b9059472b;;;1401-1500;0.0;;fre;domaine public;Bibliothèque nationale de France. Département des Manuscrits. Français 219;1401;15.0
btv1b8300588w;;;0801-1000;0.0;;chi;domaine public;Bibliothèque nationale de France. Département des Manuscrits. Pelliot chinois 4788;0801;9.0
btv1b108663591;;;1059;0.0;;grc;domaine public;Bibliothèque nationale de France. Département des Manuscrits. Grec 40;1059;11.0
btv1b9064545h;;;1301-1400;0.0;;heb;domaine public;Bibliothèque nationale de France. Département des Manuscrits. Hébreu 1120;1301;14.0
btv1b11002863f;;;1401-1500;0.0;;ara;domaine public;Bibliothèque nationale de France. Département des manuscrits. Arabe 3393;1401;15.0
btv1b10030871z;;;1368-1369;0.0;;ara;domaine public;Bibliothèque nationale de France. Département des manuscrits. Arabe 5894;1368;14.0
btv1b9061515f;;;1497;0.0;;fre;domaine public;Bibliothèque nationale de France. Département des Manuscrits. Français 8815;1497;15.0
btv1b10543398r;;;1301-1400;0.0;;heb;domaine public;Bibliothèque nationale de France. Département des Manuscrits. Hébreu 716;1301;14.0
btv1b90780296;;;1401-1500;0.0;;lat;domaine public;Bibliothèque nationale de France. Département des Manuscrits. Latin 7852;1401;15.0
btv1b110048189;;;0901-1000;0.0;;grc;domaine public;Bibliothèque nationale de France. Département des Manuscrits. Supplément grec 1297;0901;10.0
btv1b10037939p;;;1001-1100;0.0;;grc;domaine public;Bibliothèque nationale de France. Département des Manuscrits. Coislin 82;1001;11.0
btv1b90671756;;;1301-1400;0.0;;lat;domaine public;Bibliothèque nationale de France. Département des Manuscrits. Latin 16097;1301;14.0
btv1b10034243q;;;1401-1500;0.0;;lat;domaine public;Bibliothèque nationale de France. Département des manuscrits. Latin 6698A;1401;15.0
btv1b10885168h;;;1151-1200;0.0;;lat;domaine public;Bibliothèque nationale de France. Département des Manuscrits. Latin 14624;1151;12.0
btv1b10544750c;;;1441;0.0;;heb;domaine public;Bibliothèque nationale de France. Département des Manuscrits. Hébreu 773;1441;15.0
btv1b10033674k;;;1301-1600;0.0;;lat;domaine public;Bibliothèque nationale de France. Département des Manuscrits. NAL 1846;1301;14.0
btv1b11004833w;;;1201-1300;0.0;;ara;domaine public;Bibliothèque nationale de France. Département des Manuscrits. Arabe 136;1201;13.0
btv1b10036811j;;;1401-1500;0.0;;lat;domaine public;Bibliothèque nationale de France. Département des Manuscrits. NAL 896;1401;15.0
btv1b100300246;;;1185;0.0;;ara;domaine public;Bibliothèque nationale de France. Département des manuscrits. Arabe 6690;1185;12.0
btv1b55009273s;;;1427-1447;0.0;;lat;domaine public;Bibliothèque nationale de France. Bibliothèque de l'Arsenal. Ms-621 réserve;1427;15.0
btv1b10560151s;;;1301-1400;0.0;;fra;domaine public;Bibliothèque municipale de Toulouse. Ms. 452;1301;14.0
btv1b90680666;;;1101-1200;0.0;;lat;domaine public;Bibliothèque nationale de France. Département des manuscrits. Latin 485;1101;12.0
btv1b100509425;;;1325;0.0;;;domaine public;Bibliothèque municipale de Rouen, Ms O 4 fdeg 261v detail;1325;14.0
btv1b11000083j;;;1301-1400;0.0;;grc;domaine public;Bibliothèque nationale de France. Département des Manuscrits. Supplément grec 483;1301;14.0
btv1b10035310v;;;1401-1500;0.0;;lat;domaine public;Bibliothèque nationale de France. Département des manuscrits. Latin 7660;1401;15.0
btv1b10547063h;;;1481;0.0;;heb;domaine public;Bibliothèque nationale de France. Département des Manuscrits. Hébreu 919;1481;15.0
btv1b525110341;;;1357;0.0;;ita;domaine public;Bibliothèque nationale de France. Département des Manuscrits. Smith-Lesouëf 52;1357;14.0
btv1b10097653j;;;0901-1000;0.0;;chi;domaine public;Bibliothèque nationale de France. Département des Manuscrits. Pelliot chinois 3555 B;0901;10.0
btv1b10052142t;;;1325;0.0;;;domaine public;Bibliothèque municipale de Rouen, Ms O 4 fdeg 159 detail;1325;14.0
btv1b532435557;;;1175-1225;0.0;;lat;domaine public;Bibliothèque nationale de France. Département des Manuscrits. Latin 3389;1175;12.0
btv1b10073921j;;;1075-1100;0.0;;lat;domaine public;Bibliothèque nationale de France. Département des Manuscrits. Latin 2827;1075;11.0
btv1b100390533;;;1201-1300;0.0;;lat;domaine public;Bibliothèque nationale de France. Département des manuscrits. Latin 141;1201;13.0
btv1b83045157;;;-1096--0945;0.0;;;domaine public;Bibliothèque nationale de France. Département des Manuscrits. Egyptien 77;1096;11.0
btv1b100323476;;;1301-1500;0.0;;lat;domaine public;Bibliothèque nationale de France. Département des Manuscrits. Latin 12722;1301;14.0
btv1b9059105w;;;1201-1300;0.0;;fre;domaine public;Bibliothèque nationale de France. Département des Manuscrits. Français 854;1201;13.0
btv1b9077842h;;;1201-1300;0.0;;lat;domaine public;Bibliothèque nationale de France. Département des manuscrits. Latin 3406;1201;13.0
btv1b8452596p;;;0801-0900;0.0;;lat;domaine public;Bibliothèque municipale de Valenciennes. Ms.337 (325);0801;9.0
btv1b9067003c;;;0901-1000;0.0;;lat;domaine public;Bibliothèque nationale de France. Département des Manuscrits. Latin 8087;0901;10.0
btv1b10033104s;;;1401-1500;0.0;;lat;domaine public;Bibliothèque nationale de France. Département des Manuscrits. Espagnol 524;1401;15.0
btv1b10098015v;;;0901-1000;0.0;;chi;domaine public;Bibliothèque nationale de France. Département des Manuscrits. Pelliot chinois 4896;0901;10.0
btv1b10035015z;;;1301-1800;0.0;;fre;domaine public;Bibliothèque nationale de France. Département des Manuscrits. Périgord 88;1301;14.0
btv1b10866437p;;;1280-1320;0.0;;fre;domaine public;Bibliothèque nationale de France. Département des Manuscrits. Français 1386;1280;13.0
btv1b107238114;;;1301-1400;0.0;;grc;domaine public;Bibliothèque nationale de France. Département des Manuscrits. Grec 1138;1301;14.0
btv1b52524175v;;;1470-1480;0.0;;fre;domaine public;Bibliothèque nationale de France. Département des Manuscrits. Français 47;1470;15.0
btv1b107238188;;;1250-1350;0.0;;grc;domaine public;Bibliothèque nationale de France. Département des Manuscrits. Grec 412;1250;13.0
btv1b10556910g;;;1301-1400;0.0;;lat;domaine public;Bibliothèque municipale de Metz. Ms. 60;1301;14.0
btv1b52516325x;;;14750101-18001231;0.0;;lat;domaine public;Bibliothèque nationale de France. Département des Manuscrits. Chappée 16, 94;1475;15.0
btv1b10030383c;;;1440-1441;0.0;;ara;domaine public;Bibliothèque nationale de France. Département des manuscrits. Arabe 6437;1440;15.0
btv1b525161846;;;14820101-17871231;0.0;;lat;domaine public;Bibliothèque nationale de France. Département des Manuscrits. Chappée 17.1, 71;1482;15.0
btv1b8419230z;;;1382-1399;0.0;;ara;domaine public;Bibliothèque nationale de France. Département des Manuscrits. Arabe 5845;1382;14.0
btv1b100357558;;;1275-1400;0.0;;lat;domaine public;Bibliothèque nationale de France. Département des manuscrits. Latin 14;1275;13.0
btv1b110010543;;;1436;0.0;;ara;domaine public;Bibliothèque nationale de France. Département des Manuscrits. Arabe 1599;1436;15.0
btv1b9067097f;;;1101-1300;0.0;;lat;domaine public;Bibliothèque nationale de France. Département des Manuscrits. Latin 15009;1101;12.0
btv1b10030880x;;;1291;0.0;;ara;domaine public;Bibliothèque nationale de France. Département des Manuscrits. Arabe 5855;1291;13.0
btv1b90631252;;;1401-1500;0.0;;fre;domaine public;Bibliothèque nationale de France. Département des Manuscrits. Français 24381;1401;15.0
btv1b83048796;;;0901-1000;0.0;;chi;domaine public;Bibliothèque nationale de France. Département des Manuscrits. Pelliot chinois 4958 Pièce 1;0901;10.0
btv1b107204712;;;1424;0.0;;heb;domaine public;Bibliothèque nationale de France. Département des Manuscrits. Hébreu 677;1424;15.0
btv1b9072526t;;;1401-1500;0.0;;lat;domaine public;Bibliothèque nationale de France. Département des manuscrits. Latin 6022A;1401;15.0
btv1b10723774k;;;1101-1200;0.0;;grc;domaine public;Bibliothèque nationale de France. Département des Manuscrits. Grec 1546;1101;12.0
btv1b10543778f;;;1051-1100;0.0;;lat;domaine public;Bibliothèque nationale de France. Département des Manuscrits. Latin 2027;1051;11.0
btv1b9066002n;;;1401-1500;0.0;;lat;domaine public;Bibliothèque nationale de France. Département des Manuscrits. Latin 18528;1401;15.0
btv1b100372859;;;1001-1100;0.0;;lat;domaine public;Bibliothèque nationale de France. Département des Manuscrits. NAL 453;1001;11.0
btv1b525226038;;;0701-1000;0.0;;ine;domaine public;Bibliothèque nationale de France. Département des Manuscrits. Pelliot Koutchéen Nouvelle Série 808;0701;8.0
btv1b9066537k;;;1001-1050;0.0;;lat;domaine public;Bibliothèque nationale de France. Département des Manuscrits. Latin 6371;1001;11.0
btv1b11003351k;;;1215;0.0;;ara;domaine public;Bibliothèque nationale de France. Département des manuscrits. Arabe 3927;1215;13.0
btv1b10543242m;;;1051-1075;0.0;;lat;domaine public;Bibliothèque nationale de France. Département des Manuscrits. Latin 13170;1051;11.0
btv1b90810173;;;1201-1300;0.0;;lat;domaine public;Bibliothèque nationale de France. Département des Manuscrits. Latin 846;1201;13.0
btv1b10548432p;;;1401-1600;0.0;;heb;domaine public;Bibliothèque nationale de France. Département des Manuscrits. Hébreu 1365;1401;15.0
btv1b108681572;;;1301-1400;0.0;;lat;domaine public;Bibliothèque nationale de France. Département des Manuscrits. Latin 11392;1301;14.0
btv1b9076828x;;;1201-1300;0.0;;lat;domaine public;Bibliothèque nationale de France. Département des Manuscrits. Latin 15279;1201;13.0
btv1b8301110v;;;0801-1000;0.0;;chi;domaine public;Bibliothèque nationale de France. Département des Manuscrits. Pelliot chinois 4861;0801;9.0
btv1b11000369j;;;1413;0.0;;ara;domaine public;Bibliothèque nationale de France. Département des Manuscrits. Arabe 51;1413;15.0
btv1b90068940;;;1201-1600;0.0;;fre;domaine public;Bibliothèque nationale de France. Département des Manuscrits. Français 11571;1201;13.0
btv1b52503991z;;;1444;0.0;;ara;domaine public;Bibliothèque nationale de France. Département des Manuscrits. Arabe 2831;1444;15.0
btv1b100386531;;;1201-1300;0.0;;lat;domaine public;Bibliothèque nationale de France. Département des manuscrits. Latin 6640;1201;13.0
btv1b10720146x;;;1401-1500;0.0;;heb;domaine public;Bibliothèque nationale de France. Département des Manuscrits. Hébreu 819;1401;15.0
btv1b9059122d;;;1301-1400;0.0;;fre;domaine public;Bibliothèque nationale de France. Département des Manuscrits. Français 100;1301;14.0
btv1b107201068;;;1301-1500;0.0;;heb;domaine public;Bibliothèque nationale de France. Département des Manuscrits. Hébreu 1174;1301;14.0
btv1b9080965z;;;1201-1225;0.0;;lat;domaine public;Bibliothèque nationale de France. Département des manuscrits. Latin 8961;1201;13.0
btv1b52507647t;;;1101-1200;0.0;;lat;domaine public;Bibliothèque nationale de France. Département des Manuscrits. Latin 5017;1101;12.0
btv1b10076180k;;;1275-1325;0.0;;fre;domaine public;Bibliothèque nationale de France. Département des Manuscrits. Français 1569;1275;13.0
btv1b52517741t;;;1301-1400;0.0;;lat;domaine public;Bibliothèque nationale de France. Département des Manuscrits. Latin 5952;1301;14.0
btv1b9076546t;;;1171-1180;0.0;;lat;domaine public;Bibliothèque nationale de France. Département des Manuscrits. Latin 3888;1171;12.0
btv1b10722763c;;;1101-1200;0.0;;grc;domaine public;Bibliothèque nationale de France. Département des Manuscrits. Grec 1619;1101;12.0
btv1b10080082b;;;1301-1800;0.0;;fre;domaine public;Bibliothèque nationale de France. Département des Manuscrits. Français 28376 (Pièces originales 1892);1301;14.0
btv1b10034518v;;;1301-1400;0.0;;lat;domaine public;Bibliothèque nationale de France. Département des Manuscrits. Latin 7255;1301;14.0
btv1b105296147;;;1032-1227;0.0;;;domaine public;. Pelliot xixia 12;1032;11.0
btv1b107225536;;;1365;0.0;;grc;domaine public;Bibliothèque nationale de France. Département des Manuscrits. Grec 2661;1365;14.0
btv1b52511750q;;;1401-1500;0.0;;fre;domaine public;Bibliothèque nationale de France. Département des Manuscrits. Français 989;1401;15.0
btv1b8302687f;;;0501-0600;0.0;;chi;domaine public;Bibliothèque nationale de France. Département des Manuscrits. Pelliot chinois 4570;0501;6.0
btv1b9067724z;;;1401-1500;0.0;;lat;domaine public;Bibliothèque nationale de France. Département des Manuscrits. Latin 5853;1401;15.0
btv1b9067236f;;;1301-1400;0.0;;lat;domaine public;Bibliothèque nationale de France. Département des Manuscrits. Latin 15619;1301;14.0
btv1b90659189;;;1201-1300;0.0;;lat;domaine public;Bibliothèque nationale de France. Département des manuscrits. Latin 15556;1201;13.0
btv1b100346689;;;1201-1300;0.0;;lat;domaine public;Bibliothèque nationale de France. Département des manuscrits. Latin 6630;1201;13.0
btv1b11002618v;;;1201-1300;0.0;;ara;domaine public;Bibliothèque nationale de France. Département des Manuscrits. Arabe 2863;1201;13.0
btv1b11004623q;;;1101-1200;0.0;;;domaine public;Bibliothèque nationale de France. Département des Manuscrits. Supplément grec 8;1101;12.0
btv1b10032833w;;;1201-1300;0.0;;lat;domaine public;Bibliothèque nationale de France. Département des Manuscrits. Latin 14265;1201;13.0
btv1b10074022x;;;0801-0900;0.0;;lat;domaine public;Bibliothèque nationale de France. Département des Manuscrits. Latin 565;0801;9.0
btv1b100384394;;;1301-1400;0.0;;lat;domaine public;Bibliothèque nationale de France. Département des Manuscrits. Latin 4482;1301;14.0
btv1b105101712;;;0601-0800;0.0;;lat;domaine public;Bibliothèque nationale de France. Département des Manuscrits. Latin 2739;0601;7.0
btv1b9066797j;;;1001-1100;0.0;;lat;domaine public;Bibliothèque nationale de France. Département des Manuscrits. Latin 8242;1001;11.0
btv1b52519214q;;;1490-1510;0.0;;ara;domaine public;Bibliothèque nationale de France. Département des Manuscrits. Arabe 437;1490;15.0
btv1b10721848t;;;1201-1300;0.0;;grc;domaine public;Bibliothèque nationale de France. Département des Manuscrits. Grec 1202;1201;13.0
btv1b90809619;;;1301-1400;0.0;;lat;domaine public;Bibliothèque nationale de France. Département des Manuscrits. Latin 3595;1301;14.0
btv1b52518735j;;;0850-0900;0.0;;grc;domaine public;Bibliothèque nationale de France. Département des Manuscrits. Grec 20;0850;9.0
btv1b10868086g;;;1001-1100;0.0;;lat;domaine public;Bibliothèque nationale de France. Département des Manuscrits. Latin 14782;1001;11.0
btv1b105296219;;;1101-1500;0.0;;;domaine public;. Pelliot xixia 19;1101;12.0
btv1b8452593f;;;0801-0900;0.0;;lat;domaine public;Bibliothèque municipale de Valenciennes. Ms.166 (158);0801;9.0
btv1b10866856k;;;1086-1100;0.0;;lat;domaine public;Bibliothèque nationale de France. Département des Manuscrits. Latin 1986;1086;11.0
btv1b105395128;;;1401-1500;0.0;;heb;domaine public;Bibliothèque nationale de France. Département des Manuscrits. Hébreu 1123;1401;15.0
btv1b108506177;;;1201-1250;0.0;;lat;domaine public;Bibliothèque nationale de France. Département des Manuscrits. Latin 8110;1201;13.0
btv1b9009684v;;;1201-1300;0.0;;fre;domaine public;Bibliothèque nationale de France. Département des Manuscrits. Français 1526;1201;13.0
btv1b52514402f;;;1301-1400;0.0;;fre;domaine public;Bibliothèque nationale de France. Département des Manuscrits. Français 25380;1301;14.0
btv1b10039145z;;;1201-1300;0.0;;lat;domaine public;Bibliothèque nationale de France. Département des manuscrits. Latin 6779;1201;13.0
btv1b10030122p;;;1458;0.0;;ara;domaine public;Bibliothèque nationale de France. Département des Manuscrits. Arabe 6795;1458;15.0
btv1b10084068k;;;1301-1500;0.0;;lat;domaine public;Bibliothèque nationale de France. Département des Manuscrits. Latin 4670A;1301;14.0
btv1b100345911;;;1201-1300;0.0;;lat;domaine public;Bibliothèque nationale de France. Département des Manuscrits. Latin 5766;1201;13.0
btv1b10036823v;;;1401-1500;0.0;;lat;domaine public;Bibliothèque nationale de France. Département des Manuscrits. Latin 5803;1401;15.0
btv1b9006789b;;;1201-1300;0.0;;fre;domaine public;Bibliothèque nationale de France. Département des Manuscrits. Français 1173;1201;13.0
btv1b10050391h;;;1325;0.0;;;domaine public;Bibliothèque municipale de Rouen, Ms O 4 fdeg 313v detail;1325;14.0
btv1b100840835;;;1410;0.0;;lat;domaine public;Bibliothèque nationale de France. Département des Manuscrits. Latin 5211D;1410;15.0
btv1b100346526;;;1201-1500;0.0;;lat;domaine public;Bibliothèque nationale de France. Département des manuscrits. Latin 14863;1201;13.0
btv1b83031856;;;0401-0500;0.0;;chi;domaine public;Bibliothèque nationale de France. Département des Manuscrits. Pelliot chinois 4504;0401;5.0
btv1b90661628;;;1275-1500;0.0;;lat;domaine public;Bibliothèque nationale de France. Département des Manuscrits. Latin 478;1275;13.0
btv1b10030440r;;;14191119-14191218;0.0;;ara;domaine public;Bibliothèque nationale de France. Département des Manuscrits. Arabe 6496;1419;15.0
btv1b6001334t;;;1401-1500;0.0;;lat;domaine public;Bibliothèque nationale de France. Département des manuscrits. Latin 1484;1401;15.0
btv1b8426000g;;;1320-1330;0.0;;fre;domaine public;Bibliothèque nationale de France. Département des Manuscrits. Français 183;1320;14.0
btv1b90777907;;;1301-1400;0.0;;lat;domaine public;Bibliothèque nationale de France. Département des Manuscrits. Latin 3260;1301;14.0
btv1b54100608k;;;0675-1718;0.0;;fre;domaine public;Bibliothèque nationale de France. Département des Manuscrits. Moreau 105;0675;7.0
btv1b104667491;;;0901-1000;0.0;;grc;domaine public;Bibliothèque nationale de France. Département des Manuscrits. Grec 1983;0901;10.0
btv1b90590207;;;1401-1500;0.0;;fre;domaine public;Bibliothèque nationale de France. Département des Manuscrits. Français 2700;1401;15.0
btv1b525197582;;;1101-1300;0.0;;lat;domaine public;Bibliothèque nationale de France. Département des Manuscrits. Latin 10136;1101;12.0
btv1b105511278;;;1041-1060;0.0;;lat;domaine public;Bibliothèque nationale de France. Département des Manuscrits. Latin 9436;1041;11.0
btv1b10036665n;;;1201-1300;0.0;;lat;domaine public;Bibliothèque nationale de France. Département des Manuscrits. Latin 457;1201;13.0
btv1b90767616;;;1101-1300;0.0;;lat;domaine public;Bibliothèque nationale de France. Département des manuscrits. Latin 14364;1101;12.0
btv1b10074046j;;;1201-1300;0.0;;fre;domaine public;Bibliothèque nationale de France. Département des Manuscrits. Français 686;1201;13.0
btv1b83010946;;;0801-0900;0.0;;chi;domaine public;Bibliothèque nationale de France. Département des Manuscrits. Pelliot chinois 4738;0801;9.0
btv1b100252713;;;1401-1500;0.0;;fre;domaine public;Bibliothèque nationale de France. Département des Manuscrits. Français 24060;1401;15.0
btv1b10035249r;;;1301-1400;0.0;;lat;domaine public;Bibliothèque nationale de France. Département des manuscrits. Latin 8012;1301;14.0
btv1b52522350v;;;0701-1000;0.0;;ine;domaine public;Bibliothèque nationale de France. Département des Manuscrits. Pelliot Koutchéen Nouvelle Série 549;0701;8.0
btv1b10032522w;;;1301-1400;0.0;;lat;domaine public;Bibliothèque nationale de France. Département des Manuscrits. Latin 4446;1301;14.0
btv1b60004625;;;1301-1350;0.0;;fre;domaine public;Bibliothèque nationale de France. Département des Manuscrits. Français 12584;1301;14.0
btv1b90643823;;;1201-1400;0.0;;heb;domaine public;Bibliothèque nationale de France. Département des Manuscrits. Hébreu 75;1201;13.0
btv1b52506007j;;;1101-1200;0.0;;lat;domaine public;Bibliothèque nationale de France. Département des Manuscrits. Latin 7419;1101;12.0
btv1b104686460;;;1401-1500;0.0;;lat;domaine public;Bibliothèque nationale de France. Département des Manuscrits. Latin 16425;1401;15.0
btv1b52516169m;;;14820101-17871231;0.0;;lat;domaine public;Bibliothèque nationale de France. Département des Manuscrits. Chappée 17.1, 31;1482;15.0
btv1b10036235w;;;1401-1500;0.0;;ita;domaine public;Bibliothèque nationale de France. Département des Manuscrits. italien 262;1401;15.0
btv1b90680132;;;0901-1000;0.0;;lat;domaine public;Bibliothèque nationale de France. Département des Manuscrits. Latin 7927;0901;10.0
btv1b10866833d;;;1101-1200;0.0;;lat;domaine public;Bibliothèque nationale de France. Département des Manuscrits. Latin 186;1101;12.0
btv1b10557187t;;;1401-1500;0.0;;lat;domaine public;Bibliothèque municipale de Metz. Ms. 1240;1401;15.0
btv1b10036679v;;;1401-1500;0.0;;lat;domaine public;Bibliothèque nationale de France. Département des manuscrits. Latin 7668;1401;15.0
btv1b8301180h;;;0601-0800;0.0;;chi;domaine public;Bibliothèque nationale de France. Département des Manuscrits. Pelliot chinois 4832;0601;7.0
btv1b11004913f;;;1235-1258;0.0;;grc;domaine public;Bibliothèque nationale de France. Département des Manuscrits. Supplément grec 460;1235;13.0
btv1b100363553;;;1401-1500;0.0;;lat;domaine public;Bibliothèque nationale de France. Département des manuscrits. Latin 18405;1401;15.0
btv1b52516070m;;;14760101-17721231;0.0;;lat;domaine public;Bibliothèque nationale de France. Département des Manuscrits. Chappée 15, 62;1476;15.0
btv1b10509039d;;;1051-1100;0.0;;lat;domaine public;Bibliothèque nationale de France. Département des Manuscrits. Latin 819;1051;11.0
btv1b11001245w;;;1450;0.0;;ara;domaine public;Bibliothèque nationale de France. Département des Manuscrits. Arabe 1169;1450;15.0
btv1b84584328;;;1475-1500;0.0;;fre;domaine public;Bibliothèque nationale de France. Département des Manuscrits. Français 4970;1475;15.0
btv1b100382255;;;1275-1300;0.0;;lat;domaine public;Bibliothèque nationale de France. Département des manuscrits. Latin 3038;1275;13.0
btv1b10893543k;;;0801-1000;0.0;;chi;domaine public;Bibliothèque nationale de France. Département des Manuscrits. Pelliot chinois 5590 (4);0801;9.0
btv1b11001654c;;;1253-1254;0.0;;ara;domaine public;Bibliothèque nationale de France. Département des Manuscrits. Arabe 3126;1253;13.0
btv1b108927648;;;0801-1000;0.0;;chi;domaine public;Bibliothèque nationale de France. Département des Manuscrits. Pelliot chinois 5020 (1);0801;9.0
btv1b10500002x;;;1401-1500;0.0;;fre;domaine public;Bibliothèque nationale de France. Département des Manuscrits. Français 1687;1401;15.0
btv1b9066678v;;;0801-0900;0.0;;lat;domaine public;Bibliothèque nationale de France. Département des Manuscrits. Latin 9347;0801;9.0
btv1b10029486w;;;1201-1300;0.0;;grc;domaine public;Bibliothèque nationale de France. Département des Manuscrits. Grec 1813;1201;13.0
btv1b10052171m;;;1325;0.0;;;domaine public;Bibliothèque municipale de Rouen, Ms O 4 fdeg 257 detail;1325;14.0
btv1b9065104h;;;1401-1500;0.0;;fre;domaine public;Bibliothèque nationale de France. Département des Manuscrits. Français 6479;1401;15.0
btv1b90602939;;;1475-1500;0.0;;fre;domaine public;Bibliothèque nationale de France. Département des Manuscrits. Français 5030;1475;15.0
btv1b10033571v;;;1401-1500;0.0;;ita;domaine public;Bibliothèque nationale de France. Département des Manuscrits. italien 1038;1401;15.0
btv1b55013723v;;;1401-1500;0.0;;lat;domaine public;Bibliothèque nationale de France. Bibliothèque de l'Arsenal. Ms-646 réserve;1401;15.0
btv1b10720567q;;;1301-1900;0.0;;fre;domaine public;Bibliothèque nationale de France. Département des Manuscrits. Français 12762;1301;14.0
btv1b10032391k;;;1301-1400;0.0;;lat;domaine public;Bibliothèque nationale de France. Département des Manuscrits. Latin 13239;1301;14.0
btv1b9061047p;;;1201-1300;0.0;;fre;domaine public;Bibliothèque nationale de France. Département des Manuscrits. Français 12548;1201;13.0
btv1b52522504b;;;0701-1000;0.0;;ine;domaine public;Bibliothèque nationale de France. Département des Manuscrits. Pelliot Koutchéen Nouvelle Série 705;0701;8.0
btv1b525222118;;;0701-1000;0.0;;ine;domaine public;Bibliothèque nationale de France. Département des Manuscrits. Pelliot Koutchéen Nouvelle Série 1068;0701;8.0
btv1b10722107d;;;1001-1100;0.0;;grc;domaine public;Bibliothèque nationale de France. Département des Manuscrits. Grec 1346;1001;11.0
btv1b8427454q;;;1001-1100;0.0;;lat;domaine public;Bibliothèque nationale de France. Département des Manuscrits. Latin 9431;1001;11.0
btv1b52527486w;;;1301-1800;0.0;;fre;domaine public;Bibliothèque nationale de France. Département des Manuscrits. PO 621, dossier 14587;1301;14.0
btv1b100916756;;;1372;0.0;;;domaine public;Bibliothèque nationale de France. Département des Manuscrits. Supplément persan 1630;1372;14.0
btv1b10506563t;;;1240-1270;0.0;;lat;domaine public;Bibliothèque nationale de France. Département des Manuscrits. Latin 1246;1240;13.0
btv1b10089851s;;;1201-1300;0.0;;fre;domaine public;Bibliothèque nationale de France. Département des Manuscrits. NAF 1104;1201;13.0
btv1b11001760c;;;1401-1600;0.0;;ara;domaine public;Bibliothèque nationale de France. Département des manuscrits. Arabe 2306;1401;15.0
btv1b100367617;;;0675-1718;0.0;;fre;domaine public;Bibliothèque nationale de France. Département des Manuscrits. Moreau 60;0675;7.0
btv1b11000725m;;;1401-1500;0.0;;ara;domaine public;Bibliothèque nationale de France. Département des Manuscrits. Arabe 1350;1401;15.0
btv1b10893764m;;;0901-1000;0.0;;chi;domaine public;Bibliothèque nationale de France. Département des Manuscrits. Pelliot chinois 4525 (4);0901;10.0
btv1b10097854r;;;0701-0800;0.0;;chi;domaine public;Bibliothèque nationale de France. Département des Manuscrits. Pelliot chinois 4673;0701;8.0
btv1b11001287f;;;1301-1500;0.0;;ara;domaine public;Bibliothèque nationale de France. Département des manuscrits. Arabe 1396;1301;14.0
btv1b10722520m;;;1401-1500;0.0;;grc;domaine public;Bibliothèque nationale de France. Département des Manuscrits. Grec 2788;1401;15.0
btv1b108845442;;;1486-1500;0.0;;ota;domaine public;Bibliothèque nationale de France. Département des Manuscrits. Turc 208;1486;15.0
btv1b10037128s;;;1125-1150;0.0;;lat;domaine public;Bibliothèque nationale de France. Département des Manuscrits. Latin 16850;1125;12.0
btv1b9058093t;;;1401-1500;0.0;;fre;domaine public;Bibliothèque nationale de France. Département des Manuscrits. Français 1494;1401;15.0
btv1b55014003q;;;1201-1400;0.0;;syr;domaine public;Bibliothèque nationale de France. Département des Manuscrits. Syriaque 367;1201;13.0
btv1b10840648m;;;1450-1475;0.0;;lat;domaine public;Bibliothèque nationale de France. Département des Manuscrits. Latin 18031;1450;15.0
btv1b83009495;;;0801-1000;0.0;;chi;domaine public;Bibliothèque nationale de France. Département des Manuscrits. Pelliot chinois 3889;0801;9.0
btv1b110002248;;;1201-1300;0.0;;grc;domaine public;Bibliothèque nationale de France. Département des Manuscrits. Grec 211;1201;13.0
btv1b10033814v;;;1436-1438;0.0;;lat;domaine public;Bibliothèque nationale de France. Département des Manuscrits. Latin 4237;1436;15.0
btv1b10033741c;;;1401-1500;0.0;;lat;domaine public;Bibliothèque nationale de France. Département des Manuscrits. NAL 1715;1401;15.0
btv1b10031498r;;;1396-1397;0.0;;ara;domaine public;Bibliothèque nationale de France. Département des Manuscrits. Arabe 6160;1396;14.0
btv1b85855973;;;0901-1000;0.0;;lat;domaine public;Bibliothèque nationale de France. Département des Manuscrits. Latin 6601;0901;10.0
btv1b9062000k;;;1401-1500;0.0;;fre;domaine public;Bibliothèque nationale de France. Département des Manuscrits. Français 15217;1401;15.0
btv1b105571888;;;1201-1300;0.0;;lat;domaine public;Bibliothèque municipale de Metz. Ms. 1241;1201;13.0
btv1b10033566p;;;1401-1500;0.0;;ita;domaine public;Bibliothèque nationale de France. Département des Manuscrits. italien 1037;1401;15.0
btv1b10090809h;;;1385-1777;0.0;;fre;domaine public;Bibliothèque nationale de France. Département des Manuscrits. Joly de Fleury 1705;1385;14.0
btv1b8300256w;;;0801-1000;0.0;;chi;domaine public;Bibliothèque nationale de France. Département des Manuscrits. Pelliot chinois 4052;0801;9.0
btv1b11000047p;;;1401-1500;0.0;;grc;domaine public;Bibliothèque nationale de France. Département des Manuscrits. Grec 403;1401;15.0
btv1b10544598v;;;1498-1504;0.0;;fre;domaine public;Bibliothèque nationale de France. Département des Manuscrits. Français 53;1498;15.0
btv1b52509447r;;;1401-1500;0.0;;lat;domaine public;Bibliothèque nationale de France. Département des Manuscrits. Latin 6276;1401;15.0
btv1b525161255;;;12980101-17721231;0.0;;lat;domaine public;Bibliothèque nationale de France. Département des Manuscrits. Chappée 14, 47;1298;13.0
btv1b100362978;;;1301-1600;0.0;;lat;domaine public;Bibliothèque nationale de France. Département des Manuscrits. NAL 1854;1301;14.0
btv1b10720878q;;;1201-1300;0.0;;lat;domaine public;Bibliothèque nationale de France. Département des Manuscrits. Latin 13432;1201;13.0
btv1b10723346q;;;1301-1400;0.0;;grc;domaine public;Bibliothèque nationale de France. Département des Manuscrits. Grec 1553;1301;14.0
btv1b100363642;;;1250-1300;0.0;;lat;domaine public;Bibliothèque nationale de France. Département des Manuscrits. Latin 16607;1250;13.0
btv1b52500093d;;;1401-1500;0.0;;lat;domaine public;Bibliothèque nationale de France. Département des manuscrits. Latin 13436;1401;15.0
btv1b83013717;;;0901-1000;0.0;;chi;domaine public;Bibliothèque nationale de France. Département des Manuscrits. Pelliot chinois 4632;0901;10.0
btv1b90573746;;;1401-1500;0.0;;fre;domaine public;Bibliothèque nationale de France. Département des Manuscrits. Français 20130;1401;15.0
btv1b10081122k;;;1301-1800;0.0;;fre;domaine public;Bibliothèque nationale de France. Département des Manuscrits. Français 26887 (Pièces originales 403);1301;14.0
btv1b525162851;;;14750101-18001231;0.0;;lat;domaine public;Bibliothèque nationale de France. Département des Manuscrits. Chappée 16, 63;1475;15.0
btv1b10086159p;;;1290-1300;0.0;;arm;domaine public;Bibliothèque nationale de France. Département des Manuscrits. Arménien 3;1290;13.0
btv1b100740169;;;1051-1100;0.0;;lat;domaine public;Bibliothèque nationale de France. Département des Manuscrits. Latin 3822;1051;11.0
btv1b10224585n;;;1101-1600;0.0;;grc;domaine public;Bibliothèque nationale et universitaire de Strasbourg. Ms.1.895;1101;12.0
btv1b10050952k;;;1325;0.0;;;domaine public;Bibliothèque municipale de Rouen, Ms O 4 fdeg 316 detail;1325;14.0
btv1b10032429n;;;1181-1220;0.0;;lat;domaine public;Bibliothèque nationale de France. Département des Manuscrits. Latin 2285;1181;12.0
btv1b10073768k;;;1101-1200;0.0;;lat;domaine public;Bibliothèque nationale de France. Département des Manuscrits. Latin 3858;1101;12.0
btv1b10036868r;;;1301-1400;0.0;;lat;domaine public;Bibliothèque nationale de France. Département des Manuscrits. NAL 2071;1301;14.0
btv1b9009495z;;;1401-1700;0.0;;fre;domaine public;Bibliothèque nationale de France. Département des manuscrits. Français 2910;1401;15.0
btv1b8301366x;;;0701-0800;0.0;;chi;domaine public;Bibliothèque nationale de France. Département des Manuscrits. Pelliot chinois 4554;0701;8.0
btv1b8452839p;;;1201-1300;0.0;;lat;domaine public;Bibliothèque nationale de France. Département des Manuscrits. Latin 14790;1201;13.0
btv1b9066648q;;;1190-1210;0.0;;lat;domaine public;Bibliothèque nationale de France. Département des Manuscrits. Latin 14872;1190;12.0
btv1b525012477;;;1301-1400;0.0;;lat;domaine public;Bibliothèque nationale de France. Département des Manuscrits. Latin 4117A;1301;14.0
btv1b11001874z;;;1401-1500;0.0;;ara;domaine public;Bibliothèque nationale de France. Département des Manuscrits. Arabe 2139;1401;15.0
btv1b10080835n;;;1301-1800;0.0;;fre;domaine public;Bibliothèque nationale de France. Département des Manuscrits. Français 28019 (Pièces originales 1535);1301;14.0
btv1b102245668;;;1401-1500;0.0;;lat;domaine public;Bibliothèque nationale et universitaire de Strasbourg. Ms.0.341;1401;15.0
btv1b53164669h;;;1301-1400;0.0;;lat;domaine public;Bibliothèque nationale de France. Département des Manuscrits. Latin 11003;1301;14.0
btv1b525227132;;;0701-1000;0.0;;ine;domaine public;Bibliothèque nationale de France. Département des Manuscrits. Pelliot Koutchéen Nouvelle Série 928;0701;8.0
btv1b9077799z;;;1301-1400;0.0;;lat;domaine public;Bibliothèque nationale de France. Département des Manuscrits. Latin 5465;1301;14.0
btv1b10036332x;;;1401-1500;0.0;;lat;domaine public;Bibliothèque nationale de France. Département des Manuscrits. Latin 10465;1401;15.0
btv1b10034761j;;;1381-1500;0.0;;lat;domaine public;Bibliothèque nationale de France. Département des Manuscrits. NAL 2411;1381;14.0
btv1b90659382;;;1301-1400;0.0;;lat;domaine public;Bibliothèque nationale de France. Département des manuscrits. Latin 15887;1301;14.0
btv1b85410066;;;1175-1200;0.0;;lat;domaine public;Bibliothèque nationale de France. Département des Manuscrits. Latin 14266;1175;12.0
btv1b9062157q;;;1401-1700;0.0;;fre;domaine public;Bibliothèque nationale de France. Département des Manuscrits. Français 22436;1401;15.0
btv1b10032343d;;;1401-1500;0.0;;lat;domaine public;Bibliothèque nationale de France. Département des Manuscrits. Latin 4205;1401;15.0
btv1b90009131;;;1401-1800;0.0;;fre;domaine public;Bibliothèque nationale de France. Département des Manuscrits. Clairambault 1123;1401;15.0
btv1b10035244h;;;1401-1500;0.0;;lat;domaine public;Bibliothèque nationale de France. Département des Manuscrits. Latin 12101;1401;15.0
btv1b84490266;;;0801-0900;0.0;;;domaine public;Bibliothèque Carnegie de Reims. Ms. 99;0801;9.0
btv1b10723607n;;;1001-1100;0.0;;grc;domaine public;Bibliothèque nationale de France. Département des Manuscrits. Grec 698;1001;11.0
btv1b525265055;;;1301-1400;0.0;;lat;domaine public;Bibliothèque nationale de France. Département des Manuscrits. Latin 7486;1301;14.0
btv1b8585603c;;;0901-1000;0.0;;lat;domaine public;Bibliothèque nationale de France. Département des Manuscrits. NAL 1437;0901;10.0
btv1b83027085;;;0501-0600;0.0;;chi;domaine public;Bibliothèque nationale de France. Département des Manuscrits. Pelliot chinois 4636;0501;6.0
btv1b110033489;;;1118;0.0;;ara;domaine public;Bibliothèque nationale de France. Département des manuscrits. Arabe 3924;1118;12.0
btv1b53157000f;;;1001-1100;0.0;;lat;domaine public;Bibliothèque nationale de France. Département des manuscrits. Latin 2183;1001;11.0
btv1b10097142s;;;0701-0800;0.0;;chi;domaine public;Bibliothèque nationale de France. Département des Manuscrits. Pelliot chinois 3766;0701;8.0
btv1b52518818f;;;1500-1520;0.0;;grc;domaine public;Bibliothèque nationale de France. Département des Manuscrits. Grec 2764;1500;15.0
btv1b9000954z;;;1301-1400;0.0;;fre;domaine public;Bibliothèque nationale de France. Département des Manuscrits. Clairambault 943;1301;14.0
btv1b100382003;;;1201-1300;0.0;;lat;domaine public;Bibliothèque nationale de France. Département des manuscrits. Latin 15101;1201;13.0
btv1b90777336;;;1201-1300;0.0;;lat;domaine public;Bibliothèque nationale de France. Département des Manuscrits. Latin 14744;1201;13.0
btv1b84496995;;;1401-1410;0.0;;fre;domaine public;Bibliothèque nationale de France. Département des Manuscrits. Français 5025;1401;15.0
btv1b10053235g;;;1325;0.0;;;domaine public;Bibliothèque municipale de Rouen, Ms O 4 fdeg 308v detail;1325;14.0
btv1b10036104t;;;1401-1500;0.0;;lat;domaine public;Bibliothèque nationale de France. Département des Manuscrits. Latin 7526;1401;15.0
btv1b90072161;;;1401-1500;0.0;;fre;domaine public;Bibliothèque nationale de France. Département des Manuscrits. Français 1262;1401;15.0
btv1b90672106;;;1301-1325;0.0;;lat;domaine public;Bibliothèque nationale de France. Département des Manuscrits. Latin 18595;1301;14.0
btv1b104632476;;;1201-1300;0.0;;lat;domaine public;Bibliothèque nationale de France. Département des Manuscrits. Latin 2565;1201;13.0
btv1b9061474z;;;1401-1500;0.0;;fre;domaine public;Bibliothèque nationale de France. Département des Manuscrits. Français 9617;1401;15.0
btv1b8530343x;;;1101-1200;0.0;;lat;domaine public;Bibliothèque nationale de France. Département des Manuscrits. Latin 15149;1101;12.0
btv1b84901761;;;1101-1200;0.0;;lat;domaine public;Bibliothèque nationale de France. Département des manuscrits. Latin 8309;1101;12.0
btv1b8452591m;;;0801-1000;0.0;;lat;domaine public;Bibliothèque municipale de Valenciennes. Ms.394 (377);0801;9.0
btv1b10723884c;;;1301-1400;0.0;;grc;domaine public;Bibliothèque nationale de France. Département des Manuscrits. Grec 2617;1301;14.0
btv1b8451602n;;;1300-1380;0.0;;fre;domaine public;Bibliothèque nationale de France. Département des Manuscrits. Français 1999;1300;13.0
btv1b10035932v;;;1301-1400;0.0;;lat;domaine public;Bibliothèque nationale de France. Département des manuscrits. Latin 7139;1301;14.0
btv1b10557322v;;;1301-1400;0.0;;lat;domaine public;Bibliothèque municipale de Metz. Ms. 1252;1301;14.0
btv1b10539524k;;;0951-1000;0.0;;lat;domaine public;Bibliothèque nationale de France. Département des Manuscrits. Latin 272;0951;10.0
btv1b10097817f;;;0901-1000;0.0;;chi;domaine public;Bibliothèque nationale de France. Département des Manuscrits. Pelliot chinois 4606;0901;10.0
btv1b525221164;;;0701-1000;0.0;;ine;domaine public;Bibliothèque nationale de France. Département des Manuscrits. Pelliot Koutchéen Nouvelle Série 973;0701;8.0
btv1b8302648b;;;0701-0800;0.0;;chi;domaine public;Bibliothèque nationale de France. Département des Manuscrits. Pelliot chinois 3885;0701;8.0
btv1b525123478;;;0501-0600;0.0;;chi;domaine public;Bibliothèque nationale de France. Département des Manuscrits. Pelliot chinois 3747;0501;6.0
btv1b90679467;;;1301-1400;0.0;;lat;domaine public;Bibliothèque nationale de France. Département des Manuscrits. Latin 6963;1301;14.0
btv1b83016021;;;0701-0800;0.0;;chi;domaine public;Bibliothèque nationale de France. Département des Manuscrits. Pelliot chinois 3675;0701;8.0
btv1b10034508f;;;1401-1800;0.0;;lat;domaine public;Bibliothèque nationale de France. Département des Manuscrits. NAL 714;1401;15.0
btv1b100382272;;;1275-1300;0.0;;lat;domaine public;Bibliothèque nationale de France. Département des manuscrits. Latin 14530;1275;13.0
btv1b10033146b;;;1401-1500;0.0;;lat;domaine public;Bibliothèque nationale de France. Département des Manuscrits. Latin 4355;1401;15.0
btv1b105395162;;;1456;0.0;;heb;domaine public;Bibliothèque nationale de France. Département des Manuscrits. Hébreu 1178;1456;15.0
btv1b108402303;;;1200-1225;0.0;;lat;domaine public;Bibliothèque nationale de France. Département des Manuscrits. Latin 17162;1200;12.0
btv1b9066064r;;;1101-1200;0.0;;lat;domaine public;Bibliothèque nationale de France. Département des Manuscrits. Latin 14421;1101;12.0
btv1b525071970;;;1401-1500;0.0;;lat;domaine public;Bibliothèque nationale de France. Département des manuscrits. Latin 18206;1401;15.0
btv1b9077815m;;;1401-1500;0.0;;lat;domaine public;Bibliothèque nationale de France. Département des Manuscrits. Latin 5713;1401;15.0
btv1b8300332t;;;0701-0800;0.0;;chi;domaine public;Bibliothèque nationale de France. Département des Manuscrits. Pelliot chinois 5028 (7);0701;8.0
btv1b83049784;;;0801-1000;0.0;;chi;domaine public;Bibliothèque nationale de France. Département des Manuscrits. Pelliot chinois 4102 Pièce 7;0801;9.0
btv1b11004064j;;;1301-1400;0.0;;grc;domaine public;Bibliothèque nationale de France. Département des Manuscrits. Supplément grec 800;1301;14.0
btv1b9059019k;;;1476;0.0;;fre;domaine public;Bibliothèque nationale de France. Département des Manuscrits. Français 1919;1476;15.0
btv1b10050590t;;;1325;0.0;;;domaine public;Bibliothèque municipale de Rouen, Ms O 4 fdeg 081v detail;1325;14.0
btv1b10033080x;;;1101-1200;0.0;;lat;domaine public;Bibliothèque nationale de France. Département des Manuscrits. Latin 5294;1101;12.0
btv1b84497115;;;1401-1500;0.0;;fre;domaine public;Bibliothèque nationale de France. Département des Manuscrits. Français 12439;1401;15.0
btv1b10032720r;;;1293;0.0;;lat;domaine public;Bibliothèque nationale de France. Département des Manuscrits. Latin 14382;1293;13.0
btv1b83011452;;;0801-0900;0.0;;chi;domaine public;Bibliothèque nationale de France. Département des Manuscrits. Pelliot chinois 6002 (2);0801;9.0
btv1b52516485s;;;13120101-18121231;0.0;;lat;domaine public;Bibliothèque nationale de France. Département des Manuscrits. Chappée 17.2, 30;1312;14.0
btv1b9058130n;;;1401-1500;0.0;;fre;domaine public;Bibliothèque nationale de France. Département des Manuscrits. Français 1708;1401;15.0
btv1b8452634x;;;0801-0900;0.0;;lat;domaine public;Bibliothèque municipale de Valenciennes. Ms.399 (382);0801;9.0
btv1b107238868;;;1301-1400;0.0;;grc;domaine public;Bibliothèque nationale de France. Département des Manuscrits. Grec 2984;1301;14.0
btv1b10560035c;;;1001-1100;0.0;;lat;domaine public;Bibliothèque municipale de Toulouse. Ms. 50;1001;11.0
btv1b9076861j;;;0826-0847;0.0;;lat;domaine public;Bibliothèque nationale de France. Département des Manuscrits. Latin 11738;0826;9.0
btv1b9068390w;;;1001-1100;0.0;;lat;domaine public;Bibliothèque nationale de France. Département des Manuscrits. Latin 7202;1001;11.0
btv1b83006212;;;0701-0800;0.0;;chi;domaine public;Bibliothèque nationale de France. Département des Manuscrits. Pelliot chinois 5579 (8);0701;8.0
btv1b10720023c;;;1373-1399;0.0;;ara;domaine public;Bibliothèque nationale de France. Département des Manuscrits. Hébreu 284;1373;14.0
btv1b52526015p;;;1301-1800;0.0;;fre;domaine public;Bibliothèque nationale de France. Département des Manuscrits. PO 752, dossier 17173;1301;14.0
btv1b108893246;;;1250-1300;0.0;;lat;domaine public;Bibliothèque nationale de France. Département des Manuscrits. Latin 6977;1250;13.0
btv1b10515456b;;;0501-0600;0.0;;lat;domaine public;Bibliothèque nationale de France. Département des Manuscrits. NAL 1592;0501;6.0
btv1b10549408g;;;1301-1400;0.0;;;domaine public;Bibliothèque nationale de France. Département des Manuscrits. Hébreu 350;1301;14.0
btv1b108768775;;;1201-1250;0.0;;lat;domaine public;Bibliothèque nationale de France. Département des Manuscrits. Latin 3227;1201;13.0
btv1b9076935d;;;0876-0925;0.0;;lat;domaine public;Bibliothèque nationale de France. Département des Manuscrits. Latin 7587;0876;9.0
btv1b9068477c;;;0901-1000;0.0;;lat;domaine public;Bibliothèque nationale de France. Département des Manuscrits. Latin 5604;0901;10.0
btv1b10723995m;;;0955;0.0;;grc;domaine public;Bibliothèque nationale de France. Département des Manuscrits. Grec 668;0955;10.0
btv1b10039243f;;;1201-1300;0.0;;lat;domaine public;Bibliothèque nationale de France. Département des Manuscrits. Latin 128;1201;13.0
btv1b9068418h;;;0901-1000;0.0;;lat;domaine public;Bibliothèque nationale de France. Département des Manuscrits. Latin 7182;0901;10.0
btv1b525135100;;;1275-1400;0.0;;lat;domaine public;Bibliothèque nationale de France. Département des Manuscrits. Latin 1337;1275;13.0
btv1b83012336;;;0701-0800;0.0;;chi;domaine public;Bibliothèque nationale de France. Département des Manuscrits. Pelliot chinois 6021;0701;8.0
btv1b100816535;;;1301-1800;0.0;;fre;domaine public;Bibliothèque nationale de France. Département des Manuscrits. Français 26516 (Pièces originales 32);1301;14.0
btv1b105450665;;;1301-1400;0.0;;heb;domaine public;Bibliothèque nationale de France. Département des Manuscrits. Hébreu 1101;1301;14.0
btv1b9077981z;;;125-1300;0.0;;lat;domaine public;Bibliothèque nationale de France. Département des Manuscrits. Latin 16267;1300;13.0
btv1b525161020;;;12980101-17721231;0.0;;lat;domaine public;Bibliothèque nationale de France. Département des Manuscrits. Chappée 14, 19;1298;13.0
btv1b55013900f;;;1462;0.0;;lat;domaine public;Bibliothèque nationale de France. Département des Manuscrits. Latin 5422;1462;15.0
btv1b100771336;;;1325-1350;0.0;;fre;domaine public;Bibliothèque nationale de France. Département des Manuscrits. Français 761;1325;14.0
btv1b10720286z;;;1371;0.0;;heb;domaine public;Bibliothèque nationale de France. Département des Manuscrits. Hébreu 673;1371;14.0
btv1b108674767;;;1186;0.0;;grc;domaine public;Bibliothèque nationale de France. Département des Manuscrits. Grec 11;1186;12.0
btv1b55000820j;;;1486;0.0;;fre;domaine public;Bibliothèque nationale de France. Bibliothèque de l'Arsenal. Ms-5113 réserve;1486;15.0
btv1b90644240;;;1398;0.0;;heb;domaine public;Bibliothèque nationale de France. Département des Manuscrits. Hébreu 215;1398;14.0
btv1b9077950d;;;1401-1500;0.0;;lat;domaine public;Bibliothèque nationale de France. Département des manuscrits. Latin 5945;1401;15.0
btv1b54100356m;;;1301-1800;0.0;;fre;domaine public;Bibliothèque nationale de France. Département des Manuscrits. Pièces originales 126 (2577);1301;14.0
btv1b10089351w;;;1401-1500;0.0;;fre;domaine public;Bibliothèque nationale de France. Département des Manuscrits. NAF 1122;1401;15.0
btv1b52507496p;;;0601-0700;0.0;;geo;domaine public;Bibliothèque nationale de France. Département des Manuscrits. Géorgien 30;0601;7.0
btv1b84559285;;;1025-1075;0.0;;lat;domaine public;Bibliothèque nationale de France. Département des Manuscrits. Latin 3779;1025;11.0
btv1b10720644x;;;1401-1500;0.0;;fre;domaine public;Bibliothèque nationale de France. Département des Manuscrits. Français 1752;1401;15.0
btv1b10097901q;;;0801-1000;0.0;;chi;domaine public;Bibliothèque nationale de France. Département des Manuscrits. Pelliot chinois 4752;0801;9.0
btv1b10868159z;;;1101-1200;0.0;;lat;domaine public;Bibliothèque nationale de France. Département des Manuscrits. Latin 11279;1101;12.0
btv1b10538852q;;;0501-0600;0.0;;grc;domaine public;Bibliothèque nationale de France. Département des Manuscrits. Supplément grec 1286, folio 3;0501;6.0
btv1b10033537w;;;1401-1500;0.0;;cat;domaine public;Bibliothèque nationale de France. Département des Manuscrits. Espagnol 509;1401;15.0
btv1b9059152j;;;1401-1500;0.0;;fre;domaine public;Bibliothèque nationale de France. Département des Manuscrits. Français 813;1401;15.0
btv1b10097872p;;;0901-1000;0.0;;chi;domaine public;Bibliothèque nationale de France. Département des Manuscrits. Pelliot chinois 4704;0901;10.0
btv1b9067268d;;;1201-1300;0.0;;lat;domaine public;Bibliothèque nationale de France. Département des manuscrits. Latin 15963;1201;13.0
btv1b9076693t;;;1101-1200;0.0;;lat;domaine public;Bibliothèque nationale de France. Département des manuscrits. Latin 6796A;1101;12.0
btv1b10101783k;;;1401-1500;0.0;;ita;domaine public;Bibliothèque municipale de Rouen. Ms Leber 1158;1401;15.0
btv1b100351963;;;1101-1200;0.0;;lat;domaine public;Bibliothèque nationale de France. Département des Manuscrits. Latin 7299A;1101;12.0
btv1b10036494p;;;1175-1200;0.0;;lat;domaine public;Bibliothèque nationale de France. Département des Manuscrits. NAL 3041;1175;12.0
btv1b9065973h;;;1001-1200;0.0;;lat;domaine public;Bibliothèque nationale de France. Département des Manuscrits. Latin 2612;1001;11.0
btv1b10096514m;;;0701-0800;0.0;;chi;domaine public;Bibliothèque nationale de France. Département des Manuscrits. Pelliot chinois 4978;0701;8.0
btv1b10560187q;;;1280-1400;0.0;;lat;domaine public;Bibliothèque municipale de Toulouse. Ms. 485;1280;13.0
btv1b10542011t;;;1151-1175;0.0;;lat;domaine public;Bibliothèque nationale de France. Département des Manuscrits. Latin 5839;1151;12.0
btv1b10030997v;;;0991-0993;0.0;;ara;domaine public;Bibliothèque nationale de France. Département des Manuscrits. Arabe 6017;0991;10.0
btv1b10544196f;;;1401-1500;0.0;;heb;domaine public;Bibliothèque nationale de France. Département des Manuscrits. Hébreu 732;1401;15.0
btv1b108506088;;;1401-1500;0.0;;fre;domaine public;Bibliothèque nationale de France. Département des Manuscrits. Français 1624;1401;15.0
btv1b10544753q;;;1301;0.0;;heb;domaine public;Bibliothèque nationale de France. Département des Manuscrits. Hébreu 20;1301;14.0
btv1b84497078;;;1401-1500;0.0;;fre;domaine public;Bibliothèque nationale de France. Département des Manuscrits. Français 1990;1401;15.0
btv1b90580962;;;1481-1483;0.0;;fre;domaine public;Bibliothèque nationale de France. Département des Manuscrits. Français 930;1481;15.0
btv1b107224671;;;1401-1500;0.0;;grc;domaine public;Bibliothèque nationale de France. Département des Manuscrits. Grec 2789;1401;15.0
btv1b10036284h;;;1201-1300;0.0;;lat;domaine public;Bibliothèque nationale de France. Département des manuscrits. Latin 13235;1201;13.0
btv1b100372787;;;1301-1400;0.0;;ita;domaine public;Bibliothèque nationale de France. Département des Manuscrits. Italien 2085;1301;14.0
btv1b9064496g;;;1461;0.0;;heb;domaine public;Bibliothèque nationale de France. Département des Manuscrits. Hébreu 238;1461;15.0
btv1b8301086n;;;0801-1000;0.0;;chi;domaine public;Bibliothèque nationale de France. Département des Manuscrits. Pelliot chinois 4712;0801;9.0
btv1b100733235;;;1301-1400;0.0;;lat;domaine public;Bibliothèque nationale de France. Département des Manuscrits. Latin 3039;1301;14.0
btv1b107204356;;;1301-1400;0.0;;heb;domaine public;Bibliothèque nationale de France. Département des Manuscrits. Hébreu 650;1301;14.0
btv1b10096634t;;;0701-0800;0.0;;chi;domaine public;Bibliothèque nationale de France. Département des Manuscrits. Pelliot chinois 5029 K;0701;8.0
btv1b10546747s;;;1401-1500;0.0;;heb;domaine public;Bibliothèque nationale de France. Département des Manuscrits. Hébreu 897;1401;15.0
btv1b83016162;;;0901-1000;0.0;;chi;domaine public;Bibliothèque nationale de France. Département des Manuscrits. Pelliot chinois 3851;0901;10.0
btv1b525199079;;;1159;0.0;;ara;domaine public;Bibliothèque nationale de France. Département des Manuscrits. Arabe 6080;1159;12.0
btv1b11001964x;;;1409;0.0;;ara;domaine public;Bibliothèque nationale de France. Département des manuscrits. Arabe 2469;1409;15.0
btv1b100771531;;;1075-1200;0.0;;lat;domaine public;Bibliothèque nationale de France. Département des Manuscrits. Latin 1655;1075;11.0
btv1b8301618w;;;0701-0800;0.0;;chi;domaine public;Bibliothèque nationale de France. Département des Manuscrits. Pelliot chinois 3858;0701;8.0
btv1b100508007;;;1325;0.0;;;domaine public;Bibliothèque municipale de Rouen, Ms O 4 fdeg 056v detail;1325;14.0
btv1b8301750f;;;0901-1000;0.0;;chi;domaine public;Bibliothèque nationale de France. Département des Manuscrits. Pelliot chinois 3758;0901;10.0
btv1b10722761g;;;1401-1500;0.0;;grc;domaine public;Bibliothèque nationale de France. Département des Manuscrits. Grec 1676;1401;15.0
btv1b10037955q;;;1101-1200;0.0;;grc;domaine public;Bibliothèque nationale de France. Département des Manuscrits. Coislin 296;1101;12.0
btv1b10038671z;;;1401-1500;0.0;;lat;domaine public;Bibliothèque nationale de France. Département des manuscrits. Latin 4031;1401;15.0
btv1b100978751;;;0801-1000;0.0;;chi;domaine public;Bibliothèque nationale de France. Département des Manuscrits. Pelliot chinois 4708;0801;9.0
btv1b11000286n;;;1001-1100;0.0;;grc;domaine public;Bibliothèque nationale de France. Département des Manuscrits. Grec 615;1001;11.0
btv1b9066849t;;;1201-1300;0.0;;lat;domaine public;Bibliothèque nationale de France. Département des Manuscrits. Latin 10698;1201;13.0
btv1b525073160;;;1401-1500;0.0;;lat;domaine public;Bibliothèque nationale de France. Bibliothèque de l'Arsenal. Ms-964;1401;15.0
btv1b525171922;;;1201-1300;0.0;;lat;domaine public;Bibliothèque nationale de France. Département des Manuscrits. Latin 15652;1201;13.0
btv1b10551308n;;;1001-1200;0.0;;lat;domaine public;Bibliothèque nationale de France. Département des Manuscrits. NAL 2261;1001;11.0
btv1b10515844j;;;1401-1500;0.0;;lat;domaine public;Bibliothèque nationale de France. Département des Manuscrits. Latin 2973;1401;15.0
btv1b9076462k;;;1201-1300;0.0;;lat;domaine public;Bibliothèque nationale de France. Département des manuscrits. Latin 682;1201;13.0
btv1b52518539k;;;1301-1800;0.0;;fre;domaine public;Bibliothèque nationale de France. Département des Manuscrits. PO 1849, dossier 42691;1301;14.0
btv1b100969161;;;0801-0900;0.0;;chi;domaine public;Bibliothèque nationale de France. Département des Manuscrits. Pelliot chinois 4503;0801;9.0
btv1b10080448w;;;1301-1800;0.0;;fre;domaine public;Bibliothèque nationale de France. Département des Manuscrits. Français 28491 (Pièces originales 2007);1301;14.0
btv1b52522385b;;;0701-1000;0.0;;ine;domaine public;Bibliothèque nationale de France. Département des Manuscrits. Pelliot Koutchéen Nouvelle Série 584;0701;8.0
btv1b9067035b;;;0901-1000;0.0;;lat;domaine public;Bibliothèque nationale de France. Département des Manuscrits. Latin 7200;0901;10.0
btv1b10052461b;;;1325;0.0;;;domaine public;Bibliothèque municipale de Rouen, Ms O 4 fdeg 032v detail;1325;14.0
btv1b9072623x;;;1101-1300;0.0;;lat;domaine public;Bibliothèque nationale de France. Département des Manuscrits. Latin 7377C;1101;12.0
btv1b83049947;;;0901-1000;0.0;;chi;domaine public;Bibliothèque nationale de France. Département des Manuscrits. Pelliot chinois 4958 Pièce 4;0901;10.0
btv1b52522399j;;;0701-1000;0.0;;ine;domaine public;Bibliothèque nationale de France. Département des Manuscrits. Pelliot Koutchéen Nouvelle Série 599;0701;8.0
btv1b84521895;;;0801-0900;0.0;;lat;domaine public;Bibliothèques d'Amiens métropole. Ms. 7;0801;9.0
btv1b52505477m;;;1401-1500;0.0;;fre;domaine public;Bibliothèque nationale de France. Département des Manuscrits. Français 808;1401;15.0
btv1b52515861b;;;13160101-18021231;0.0;;lat;domaine public;Bibliothèque nationale de France. Département des Manuscrits. Chappée 13, 18;1316;14.0
btv1b9072582f;;;1401-1500;0.0;;lat;domaine public;Bibliothèque nationale de France. Département des Manuscrits. Latin 10263;1401;15.0
btv1b11004535n;;;1481;0.0;;ara;domaine public;Bibliothèque nationale de France. Département des Manuscrits. Arabe 408;1481;15.0
btv1b107235434;;;1001-1100;0.0;;grc;domaine public;Bibliothèque nationale de France. Département des Manuscrits. Grec 1475;1001;11.0
btv1b52509576x;;;1201-1300;0.0;;lat;domaine public;Bibliothèque nationale de France. Département des Manuscrits. Latin 16609;1201;13.0
btv1b10097529m;;;0701-0800;0.0;;chi;domaine public;Bibliothèque nationale de France. Département des Manuscrits. Pelliot chinois 3848;0701;8.0
btv1b90591173;;;1482;0.0;;fre;domaine public;Bibliothèque nationale de France. Département des Manuscrits. Français 1186;1482;15.0
btv1b90076543;;;1401-1500;0.0;;fre;domaine public;Bibliothèque nationale de France. Département des Manuscrits. Français 413;1401;15.0
btv1b10722072p;;;1101-1200;0.0;;grc;domaine public;Bibliothèque nationale de France. Département des Manuscrits. Grec 294;1101;12.0
btv1b10033340d;;;1301-1400;0.0;;lat;domaine public;Bibliothèque nationale de France. Département des manuscrits. Latin 14889;1301;14.0
btv1b10097870s;;;0701-0800;0.0;;chi;domaine public;Bibliothèque nationale de France. Département des Manuscrits. Pelliot chinois 4702;0701;8.0
btv1b9067779x;;;1301-1400;0.0;;lat;domaine public;Bibliothèque nationale de France. Département des Manuscrits. Latin 3960;1301;14.0
btv1b8458138q;;;1375-1400;0.0;;fre;domaine public;Bibliothèque nationale de France. Bibliothèque de l'Arsenal. Ms-5107 réserve;1375;14.0
btv1b10035264b;;;1201-1300;0.0;;lat;domaine public;Bibliothèque nationale de France. Département des Manuscrits. Latin 14809;1201;13.0
btv1b105110031;;;0701-0800;0.0;;lat;domaine public;Bibliothèque nationale de France. Département des Manuscrits. Latin 14086;0701;8.0
btv1b52516181v;;;14820101-17871231;0.0;;lat;domaine public;Bibliothèque nationale de France. Département des Manuscrits. Chappée 17.1, 64;1482;15.0
btv1b10097887b;;;0801-0900;0.0;;chi;domaine public;Bibliothèque nationale de France. Département des Manuscrits. Pelliot chinois 4727;0801;9.0
btv1b10884302r;;;1301-1400;0.0;;ara;domaine public;Bibliothèque nationale de France. Département des Manuscrits. Arabe 2488;1301;14.0
btv1b8452773c;;;1201-1300;0.0;;lat;domaine public;Bibliothèque nationale de France. Département des Manuscrits. Latin 7980;1201;13.0
btv1b10036189c;;;1301-1400;0.0;;lat;domaine public;Bibliothèque nationale de France. Département des manuscrits. Latin 10030;1301;14.0
btv1b84528173;;;1401-1500;0.0;;lat;domaine public;Bibliothèque nationale de France. Département des Manuscrits. NAL 3213;1401;15.0
btv1b10015432b;;;13920624;0.0;;lat;domaine public;Bibliothèque Carré d'art / Nîmes. Ms_174_17;1392;14.0
btv1b90778769;;;1401-1500;0.0;;lat;domaine public;Bibliothèque nationale de France. Département des Manuscrits. Latin 2189;1401;15.0
btv1b11004438m;;;1465-1475;0.0;;;domaine public;Bibliothèque nationale de France. Département des Manuscrits. Grec 1878;1465;15.0
btv1b10091640q;;;1301-1400;0.0;;cop;domaine public;Bibliothèque nationale de France. Département des Manuscrits. Copte 39;1301;14.0
btv1b52504712p;;;1201-1300;0.0;;lat;domaine public;Bibliothèque nationale de France. Département des Manuscrits. Latin 16558;1201;13.0
btv1b9000232z;;;1101-1700;0.0;;fre;domaine public;Bibliothèque nationale de France. Département des Manuscrits. Clairambault 35;1101;12.0
btv1b52519430h;;;1350-1400;0.0;;arm;domaine public;Bibliothèque nationale de France. Département des Manuscrits. Arménien 333;1350;14.0
btv1b9068019j;;;1401-1500;0.0;;lat;domaine public;Bibliothèque nationale de France. Département des Manuscrits. Latin 8384;1401;15.0
btv1b10076498q;;;0801-0900;0.0;;grc;domaine public;Bibliothèque nationale de France. Département des Manuscrits. Grec 48;0801;9.0
btv1b9060783n;;;1358-1425;0.0;;fre;domaine public;Bibliothèque nationale de France. Département des Manuscrits. Français 12466;1358;14.0
btv1b90671348;;;1001-1200;0.0;;lat;domaine public;Bibliothèque nationale de France. Département des Manuscrits. Latin 6401;1001;11.0
btv1b52516148b;;;14820101-17871231;0.0;;lat;domaine public;Bibliothèque nationale de France. Département des Manuscrits. Chappée 17.1, 69;1482;15.0
btv1b10091593r;;;0901-1100;0.0;;syr;domaine public;Bibliothèque nationale de France. Département des Manuscrits. Syriaque 28;0901;10.0
btv1b10080860n;;;1301-1800;0.0;;fre;domaine public;Bibliothèque nationale de France. Département des Manuscrits. Français 28664 (Pièces originales 2180);1301;14.0
btv1b10081640d;;;1301-1800;0.0;;fre;domaine public;Bibliothèque nationale de France. Département des Manuscrits. Français 26535 (Pièces originales 51);1301;14.0
btv1b53196531x;;;1301-1400;0.0;;lat;domaine public;Bibliothèque nationale de France. Département des Manuscrits. Latin 2120 (2);1301;14.0
btv1b9068337h;;;1201-1300;0.0;;lat;domaine public;Bibliothèque nationale de France. Département des manuscrits. Latin 11059;1201;13.0
btv1b10866726z;;;1201-1300;0.0;;lat;domaine public;Bibliothèque nationale de France. Département des Manuscrits. Latin 338;1201;13.0
btv1b100376900;;;1001-1100;0.0;;grc;domaine public;Bibliothèque nationale de France. Département des Manuscrits. Coislin 374;1001;11.0
btv1b525184322;;;1401-1500;0.0;;lat;domaine public;Bibliothèque nationale de France. Département des Manuscrits. NAL 500;1401;15.0
btv1b110009651;;;1301-1400;0.0;;ara;domaine public;Bibliothèque nationale de France. Département des manuscrits. Arabe 1712;1301;14.0
btv1b10034430q;;;1201-1300;0.0;;lat;domaine public;Bibliothèque nationale de France. Département des manuscrits. Latin 7094A;1201;13.0
btv1b54100617j;;;1301-1800;0.0;;fre;domaine public;Bibliothèque nationale de France. Département des Manuscrits. Français 28189 (Pièces originales 1705);1301;14.0
btv1b10082552p;;;1486-1500;0.0;;ota;domaine public;Bibliothèque nationale de France. Département des manuscrits. Supplément turc 1293;1486;15.0
btv1b52517109g;;;1001-1100;0.0;;lat;domaine public;Bibliothèque nationale de France. Département des Manuscrits. Latin 7474;1001;11.0
btv1b52518826z;;;1301-1800;0.0;;fre;domaine public;Bibliothèque nationale de France. Département des Manuscrits. Français 28868 (Pièces originales 2384);1301;14.0
btv1b10545058n;;;1401-1500;0.0;;heb;domaine public;Bibliothèque nationale de France. Département des Manuscrits. Hébreu 1054;1401;15.0
btv1b10034308p;;;1401-1500;0.0;;lat;domaine public;Bibliothèque nationale de France. Département des manuscrits. Latin 6989;1401;15.0
btv1b10868384q;;;1201-1300;0.0;;lat;domaine public;Bibliothèque nationale de France. Département des Manuscrits. Latin 321;1201;13.0
btv1b107218229;;;1001-1100;0.0;;grc;domaine public;Bibliothèque nationale de France. Département des Manuscrits. Grec 1463;1001;11.0
btv1b9077732s;;;1401-1500;0.0;;lat;domaine public;Bibliothèque nationale de France. Département des Manuscrits. Latin 14748;1401;15.0
btv1b10721699k;;;1404;0.0;;grc;domaine public;Bibliothèque nationale de France. Département des Manuscrits. Grec 1574;1404;15.0
btv1b100735357;;;1320;0.0;;lat;domaine public;Bibliothèque nationale de France. Département des Manuscrits. Latin 11133;1320;14.0
btv1b84701841;;;1401-1500;0.0;;ara;domaine public;Bibliothèque nationale de France. Département des manuscrits. Arabe 2825;1401;15.0
btv1b9058178g;;;1401-1500;0.0;;fre;domaine public;Bibliothèque nationale de France. Département des Manuscrits. Français 684;1401;15.0
btv1b525223301;;;0701-1000;0.0;;ine;domaine public;Bibliothèque nationale de France. Département des Manuscrits. Pelliot Koutchéen Nouvelle Série 529;0701;8.0
btv1b10546182x;;;1401-1500;0.0;;ara;domaine public;Bibliothèque nationale de France. Département des Manuscrits. Hébreu 1206;1401;15.0
btv1b550094367;;;1401-1425;0.0;;lat;domaine public;Bibliothèque nationale de France. Bibliothèque de l'Arsenal. Ms-565;1401;15.0
btv1b9066775z;;;1201-1300;0.0;;lat;domaine public;Bibliothèque nationale de France. Département des manuscrits. Latin 15277;1201;13.0
btv1b10036561g;;;1463;0.0;;lat;domaine public;Bibliothèque nationale de France. Département des manuscrits. Latin 7856;1463;15.0
btv1b10091591v;;;1192;0.0;;syr;domaine public;Bibliothèque nationale de France. Département des Manuscrits. Syriaque 54;1192;12.0
btv1b10030852k;;;1381-1382;0.0;;ara;domaine public;Bibliothèque nationale de France. Département des Manuscrits. Arabe 5874;1381;14.0
btv1b10543258q;;;1401-1500;0.0;;heb;domaine public;Bibliothèque nationale de France. Département des Manuscrits. Hébreu 693;1401;15.0
btv1b9077915z;;;1201-1300;0.0;;lat;domaine public;Bibliothèque nationale de France. Département des manuscrits. Latin 18356;1201;13.0
btv1b100964520;;;0901-1000;0.0;;chi;domaine public;Bibliothèque nationale de France. Département des Manuscrits. Pelliot chinois 3581;0901;10.0
btv1b9064400k;;;1301-1400;0.0;;fre;domaine public;Bibliothèque nationale de France. Département des Manuscrits. Hébreu 1243;1301;14.0
btv1b525066427;;;1401-1600;0.0;;lat;domaine public;Bibliothèque nationale de France. Département des Manuscrits. NAL 990;1401;15.0
btv1b90011993;;;1401-1800;0.0;;fre;domaine public;Bibliothèque nationale de France. Département des Manuscrits. Lorraine 84;1401;15.0
btv1b100762695;;;1390-1410;0.0;;grc;domaine public;Bibliothèque nationale de France. Département des Manuscrits. Grec 1860;1390;14.0
btv1b10560038q;;;1301-1320;0.0;;lat;domaine public;Bibliothèque municipale de Toulouse. Ms. 68;1301;14.0
btv1b9076575j;;;1301-1400;0.0;;lat;domaine public;Bibliothèque nationale de France. Département des Manuscrits. Latin 4441;1301;14.0
btv1b9077674s;;;0801-0900;0.0;;lat;domaine public;Bibliothèque nationale de France. Département des Manuscrits. Latin 12260;0801;9.0
btv1b9058340q;;;1301-1400;0.0;;fre;domaine public;Bibliothèque nationale de France. Département des Manuscrits. Français 1544;1301;14.0
btv1b8300816f;;;0801-0900;0.0;;chi;domaine public;Bibliothèque nationale de France. Département des Manuscrits. Pelliot chinois 4737 (1);0801;9.0
btv1b83006301;;;0801-1000;0.0;;chi;domaine public;Bibliothèque nationale de France. Département des Manuscrits. Pelliot chinois 5021 B. 1;0801;9.0
btv1b90613966;;;1301-1400;0.0;;fre;domaine public;Bibliothèque nationale de France. Département des Manuscrits. Français 9685;1301;14.0
btv1b525019450;;;1201-1225;0.0;;lat;domaine public;Bibliothèque nationale de France. Département des Manuscrits. Latin 1755;1201;13.0
btv1b10035394z;;;1201-1300;0.0;;lat;domaine public;Bibliothèque nationale de France. Département des manuscrits. Latin 14758;1201;13.0
btv1b10034971q;;;1301-1400;0.0;;fre;domaine public;Bibliothèque nationale de France. Département des Manuscrits. Périgord 112;1301;14.0
btv1b53202165j;;;1001-1200;0.0;;lat;domaine public;Bibliothèque nationale de France. Département des Manuscrits. Latin 2453;1001;11.0
btv1b10097791p;;;0801-0900;0.0;;chi;domaine public;Bibliothèque nationale de France. Département des Manuscrits. Pelliot chinois 4571;0801;9.0
btv1b10020249q;;;1476;0.0;;lat;domaine public;Bibliothèque nationale de France. Département des Manuscrits. Latin 7450;1476;15.0
btv1b53289604d;;;1301-1400;0.0;;lat;domaine public;Bibliothèque nationale de France. Département des Manuscrits. Latin 6367;1301;14.0
btv1b10557061x;;;1401-1500;0.0;;lat;domaine public;Bibliothèque municipale de Metz. Ms. 483;1401;15.0
btv1b52522235w;;;0701-1000;0.0;;ine;domaine public;Bibliothèque nationale de France. Département des Manuscrits. Pelliot Koutchéen Nouvelle Série 1092;0701;8.0
btv1b10037117x;;;1175-1200;0.0;;lat;domaine public;Bibliothèque nationale de France. Département des Manuscrits. Latin 14849;1175;12.0
btv1b10560121j;;;1201-1300;0.0;;fre;domaine public;Bibliothèque municipale de Toulouse. Ms. 239;1201;13.0
btv1b100974742;;;0801-0900;0.0;;chi;domaine public;Bibliothèque nationale de France. Département des Manuscrits. Pelliot chinois 3611 (+ 2489);0801;9.0
btv1b10096165m;;;0901-1000;0.0;;chi;domaine public;Bibliothèque nationale de France. Département des Manuscrits. Pelliot chinois 3616;0901;10.0
btv1b90617013;;;1401-1500;0.0;;fre;domaine public;Bibliothèque nationale de France. Département des Manuscrits. Français 12547;1401;15.0
btv1b10720686g;;;1201-1300;0.0;;fre;domaine public;Bibliothèque nationale de France. Département des Manuscrits. Français 12456;1201;13.0
btv1b52502238m;;;0901-1800;0.0;;fre;domaine public;Bibliothèque nationale de France. Département des Manuscrits. NAF 7644;0901;10.0
btv1b8300684k;;;0901-1000;0.0;;chi;domaine public;Bibliothèque nationale de France. Département des Manuscrits. Pelliot chinois 3550;0901;10.0
btv1b107221366;;;1447;0.0;;grc;domaine public;Bibliothèque nationale de France. Département des Manuscrits. Grec 2005;1447;15.0
btv1b8300606c;;;0801-1000;0.0;;chi;domaine public;Bibliothèque nationale de France. Département des Manuscrits. Pelliot chinois 4890;0801;9.0
btv1b10037001f;;;1201-1225;0.0;;lat;domaine public;Bibliothèque nationale de France. Département des Manuscrits. Latin 11943;1201;13.0
btv1b107210692;;;1001-1100;0.0;;lat;domaine public;Bibliothèque nationale de France. Département des Manuscrits. Latin 8096;1001;11.0
btv1b8438662j;;;0830-0870;0.0;;lat;domaine public;Bibliothèque nationale de France. Département des Manuscrits. Latin 11219;0830;9.0
btv1b90726354;;;1301-1400;0.0;;lat;domaine public;Bibliothèque nationale de France. Département des manuscrits. Latin 10034;1301;14.0
btv1b90638546;;;1401-1700;0.0;;fre;domaine public;Bibliothèque nationale de France. Département des Manuscrits. Français 15547;1401;15.0
btv1b108934631;;;0701-0800;0.0;;chi;domaine public;Bibliothèque nationale de France. Département des Manuscrits. Pelliot chinois 5579 (9);0701;8.0
btv1b10039235x;;;1201-1300;0.0;;lat;domaine public;Bibliothèque nationale de France. Département des Manuscrits. Latin 107;1201;13.0
btv1b90660818;;;1101-1200;0.0;;lat;domaine public;Bibliothèque nationale de France. Département des Manuscrits. Latin 4450;1101;12.0
btv1b53164663t;;;1275-1300;0.0;;lat;domaine public;Bibliothèque nationale de France. Département des manuscrits. Latin 14899;1275;13.0
btv1b8529508p;;;1401-1425;0.0;;lat;domaine public;Bibliothèque nationale de France. Département des Manuscrits. Latin 3352;1401;15.0
btv1b90596276;;;1401-1500;0.0;;fre;domaine public;Bibliothèque nationale de France. Département des Manuscrits. Français 377;1401;15.0
btv1b52516317d;;;14750101-18001231;0.0;;lat;domaine public;Bibliothèque nationale de France. Département des Manuscrits. Chappée 16, 30;1475;15.0
btv1b9066082p;;;1101-1200;0.0;;lat;domaine public;Bibliothèque nationale de France. Département des Manuscrits. Latin 14285;1101;12.0
btv1b10542175g;;;1335;0.0;;heb;domaine public;Bibliothèque nationale de France. Département des Manuscrits. Hébreu 349;1335;14.0
btv1b100978395;;;0801-1000;0.0;;chi;domaine public;Bibliothèque nationale de France. Département des Manuscrits. Pelliot chinois 4644;0801;9.0
btv1b10030716b;;;1427-1428;0.0;;ara;domaine public;Bibliothèque nationale de France. Département des Manuscrits. Arabe 4817;1427;15.0
btv1b100367886;;;1101-1200;0.0;;lat;domaine public;Bibliothèque nationale de France. Département des Manuscrits. Latin 15680;1101;12.0
btv1b52516742x;;;1101-1200;0.0;;lat;domaine public;Bibliothèque nationale de France. Département des Manuscrits. Latin 2914;1101;12.0
btv1b10887798q;;;1101-1200;0.0;;lat;domaine public;Bibliothèque nationale de France. Département des Manuscrits. Latin 1826;1101;12.0
btv1b9080998b;;;1201-1300;0.0;;lat;domaine public;Bibliothèque nationale de France. Département des Manuscrits. Latin 448;1201;13.0
btv1b10036895n;;;1101-1400;0.0;;lat;domaine public;Bibliothèque nationale de France. Département des Manuscrits. Latin 5873;1101;12.0
btv1b100262774;;;1461;0.0;;lat;domaine public;Bibliothèque nationale de France. Département des Manuscrits. Latin 6966;1461;15.0
btv1b52516165t;;;14820101-17871231;0.0;;lat;domaine public;Bibliothèque nationale de France. Département des Manuscrits. Chappée 17.1, 63;1482;15.0
btv1b90661962;;;1401-1500;0.0;;lat;domaine public;Bibliothèque nationale de France. Département des Manuscrits. Latin 6128;1401;15.0
btv1b8301133v;;;0801-0900;0.0;;chi;domaine public;Bibliothèque nationale de France. Département des Manuscrits. Pelliot chinois 5017;0801;9.0
btv1b10723016b;;;1301-1400;0.0;;grc;domaine public;Bibliothèque nationale de France. Département des Manuscrits. Grec 2683;1301;14.0
btv1b10545024m;;;1086-1100;0.0;;lat;domaine public;Bibliothèque nationale de France. Département des Manuscrits. Latin 10879;1086;11.0
btv1b110034922;;;0901-1000;0.0;;ara;domaine public;Bibliothèque nationale de France. Département des manuscrits. Arabe 4235;0901;10.0
btv1b52516236d;;;1401-1500;0.0;;lat;domaine public;Bibliothèque nationale de France. Département des Manuscrits. Latin 3592;1401;15.0
btv1b10050627f;;;1325;0.0;;;domaine public;Bibliothèque municipale de Rouen, Ms O 4 fdeg 141 detail;1325;14.0
btv1b53247204z;;;1201-1300;0.0;;lat;domaine public;Bibliothèque nationale de France. Département des Manuscrits. Latin 1566;1201;13.0
btv1b10723479p;;;1001-1100;0.0;;grc;domaine public;Bibliothèque nationale de France. Département des Manuscrits. Grec 752;1001;11.0
btv1b9068032d;;;1401-1500;0.0;;lat;domaine public;Bibliothèque nationale de France. Département des Manuscrits. Latin 1803;1401;15.0
btv1b8470438t;;;1301-1400;0.0;;grc;domaine public;Bibliothèque nationale de France. Département des Manuscrits. Grec 1122;1301;14.0
btv1b10532635d;;;0901-1100;0.0;;syr;domaine public;Bibliothèque nationale de France. Département des Manuscrits. Syriaque 366;0901;10.0
btv1b52526935x;;;1301-1400;0.0;;spa;domaine public;Bibliothèque nationale de France. Département des Manuscrits. Espagnol 43;1301;14.0
btv1b53209761f;;;1301-1400;0.0;;lat;domaine public;Bibliothèque nationale de France. Département des Manuscrits. Latin 4683;1301;14.0
btv1b100974206;;;0801-1000;0.0;;chi;domaine public;Bibliothèque nationale de France. Département des Manuscrits. Pelliot chinois 3589;0801;9.0
btv1b10033137c;;;1270;0.0;;lat;domaine public;Bibliothèque nationale de France. Département des Manuscrits. Latin 15133;1270;13.0
btv1b100391951;;;1201-1300;0.0;;lat;domaine public;Bibliothèque nationale de France. Département des manuscrits. Latin 498;1201;13.0
btv1b10892886c;;;0901-1000;0.0;;chi;domaine public;Bibliothèque nationale de France. Département des Manuscrits. Pelliot chinois 3691 Pièce 6;0901;10.0
btv1b8301084t;;;0801-1000;0.0;;chi;domaine public;Bibliothèque nationale de France. Département des Manuscrits. Pelliot chinois 4708;0801;9.0
btv1b9061755n;;;1301-1400;0.0;;fre;domaine public;Bibliothèque nationale de France. Département des manuscrits. Français 8552;1301;14.0
btv1b10224702r;;;1201-1300;0.0;;fre;domaine public;Bibliothèque nationale et universitaire de Strasbourg. Ms.0.012;1201;13.0
btv1b8307853w;;;0701-0800;0.0;;;domaine public;Bibliothèque nationale de France. Département des Manuscrits. Pelliot chinois 5588 Pièce 15;0701;8.0
btv1b105392804;;;Antérieur à 1462;0.0;;heb;domaine public;Bibliothèque nationale de France. Département des Manuscrits. Hébreu 843;1462;15.0
btv1b100772252;;;1400-1410;0.0;;fre;domaine public;Bibliothèque nationale de France. Département des Manuscrits. Français 836;1400;14.0
btv1b11000759n;;;147902-147903;0.0;;ara;domaine public;Bibliothèque nationale de France. Département des Manuscrits. Arabe 1258;1479;15.0
btv1b10720770r;;;1201-1500;0.0;;lat;domaine public;Bibliothèque nationale de France. Département des manuscrits. Latin 9917;1201;13.0
btv1b525201061;;;1201-1300;0.0;;lat;domaine public;Bibliothèque nationale de France. Département des Manuscrits. Latin 7291;1201;13.0
btv1b100345199;;;1301-1400;0.0;;lat;domaine public;Bibliothèque nationale de France. Département des Manuscrits. Latin 7256;1301;14.0
btv1b9077644n;;;1201-1300;0.0;;lat;domaine public;Bibliothèque nationale de France. Département des manuscrits. Latin 8664;1201;13.0
btv1b10556939b;;;1401-1500;0.0;;lat;domaine public;Bibliothèque municipale de Metz. Ms. 155;1401;15.0
btv1b9059017r;;;1401-1500;0.0;;fre;domaine public;Bibliothèque nationale de France. Département des manuscrits. Français 2146;1401;15.0
btv1b83003159;;;0801-1000;0.0;;chi;domaine public;Bibliothèque nationale de France. Département des Manuscrits. Pelliot chinois 4873;0801;9.0
btv1b100386620;;;1301-1400;0.0;;lat;domaine public;Bibliothèque nationale de France. Département des Manuscrits. Latin 14310;1301;14.0
btv1b550137249;;;1401-1500;0.0;;lat;domaine public;Bibliothèque nationale de France. Bibliothèque de l'Arsenal. Ms-1176 réserve;1401;15.0
btv1b100321515;;;1201-1300;0.0;;lat;domaine public;Bibliothèque nationale de France. Département des Manuscrits. NAL 1784;1201;13.0
btv1b104647767;;;1401-1500;0.0;;fre;domaine public;Bibliothèque nationale de France. Département des Manuscrits. Français 4943;1401;15.0
btv1b100312679;;;1322-1323;0.0;;ara;domaine public;Bibliothèque nationale de France. Département des Manuscrits. Arabe 5974;1322;14.0
btv1b10080484r;;;1301-1800;0.0;;fre;domaine public;Bibliothèque nationale de France. Département des Manuscrits. Français 26937 (Pièces originales 453);1301;14.0
btv1b8529515t;;;1401-1500;0.0;;lat;domaine public;Bibliothèque nationale de France. Département des Manuscrits. Latin 5335;1401;15.0
btv1b10052194s;;;1325;0.0;;;domaine public;Bibliothèque municipale de Rouen, Ms O 4 fdeg 355v detail;1325;14.0
btv1b9066614x;;;1201-1300;0.0;;lat;domaine public;Bibliothèque nationale de France. Département des Manuscrits. Latin 8624;1201;13.0
btv1b10097477d;;;0701-0800;0.0;;chi;domaine public;Bibliothèque nationale de France. Département des Manuscrits. Pelliot chinois 3617;0701;8.0
btv1b9066972d;;;1101-1200;0.0;;lat;domaine public;Bibliothèque nationale de France. Département des Manuscrits. Latin 13656;1101;12.0
btv1b11000121j;;;1101-1200;0.0;;grc;domaine public;Bibliothèque nationale de France. Département des Manuscrits. Supplément grec 914;1101;12.0
btv1b105103154;;;1201-1300;0.0;;fre;domaine public;Bibliothèque nationale de France. Département des Manuscrits. Français 758;1201;13.0
btv1b90679163;;;1001-1100;0.0;;lat;domaine public;Bibliothèque nationale de France. Département des manuscrits. Latin 12309;1001;11.0
btv1b10720103x;;;1401-1500;0.0;;heb;domaine public;Bibliothèque nationale de France. Département des Manuscrits. Hébreu 990;1401;15.0
btv1b10034606x;;;1151-1200;0.0;;lat;domaine public;Bibliothèque nationale de France. Département des manuscrits. Latin 11948;1151;12.0
btv1b10088236k;;;1356;0.0;;arm;domaine public;Bibliothèque nationale de France. Département des Manuscrits. Arménien 17;1356;14.0
btv1b100387091;;;1401-1800;0.0;;ita;domaine public;Bibliothèque nationale de France. Département des Manuscrits. italien 2216;1401;15.0
btv1b10723492c;;;1001-1100;0.0;;grc;domaine public;Bibliothèque nationale de France. Département des Manuscrits. Grec 1495;1001;11.0
btv1b104680458;;;1116;0.0;;grc;domaine public;Bibliothèque nationale de France. Département des Manuscrits. Grec 2659;1116;12.0
btv1b10866637f;;;1301-1400;0.0;;lat;domaine public;Bibliothèque nationale de France. Département des Manuscrits. Latin 14704;1301;14.0
btv1b100911363;;;1497-1509;0.0;;per;domaine public;Bibliothèque nationale de France. Département des Manuscrits. Persan 357;1497;15.0
btv1b9076931r;;;1401-1500;0.0;;lat;domaine public;Bibliothèque nationale de France. Département des Manuscrits. Latin 8284;1401;15.0
btv1b9007073c;;;1301-1600;0.0;;fre;domaine public;Bibliothèque nationale de France. Département des Manuscrits. Français 23906;1301;14.0
btv1b52516556c;;;14820101-17871231;0.0;;lat;domaine public;Bibliothèque nationale de France. Département des Manuscrits. Chappée 17.1, 11;1482;15.0
btv1b10081278q;;;1301-1800;0.0;;fre;domaine public;Bibliothèque nationale de France. Département des Manuscrits. Français 27759 (Pièces originales 1275);1301;14.0
btv1b84260348;;;0801-0825;0.0;;lat;domaine public;Bibliothèque nationale de France. Département des Manuscrits. Latin 2326;0801;9.0
btv1b52516663t;;;14090101-18001231;0.0;;lat;domaine public;Bibliothèque nationale de France. Département des Manuscrits. Chappée 17.3, 35;1409;15.0
btv1b52522426p;;;0701-1000;0.0;;ine;domaine public;Bibliothèque nationale de France. Département des Manuscrits. Pelliot Koutchéen Nouvelle Série 626;0701;8.0
btv1b9067956m;;;1401-1500;0.0;;lat;domaine public;Bibliothèque nationale de France. Département des Manuscrits. Latin 6355;1401;15.0
btv1b10035682s;;;1001-1050;0.0;;lat;domaine public;Bibliothèque nationale de France. Département des Manuscrits. Latin 9394;1001;11.0
btv1b9067081k;;;1401-1500;0.0;;lat;domaine public;Bibliothèque nationale de France. Département des Manuscrits. Latin 6910A;1401;15.0
btv1b10721902v;;;1401-1500;0.0;;grc;domaine public;Bibliothèque nationale de France. Département des Manuscrits. Grec 1310;1401;15.0
btv1b10548450m;;;1463;0.0;;heb;domaine public;Bibliothèque nationale de France. Département des Manuscrits. Hébreu 817;1463;15.0
btv1b105477311;;;1051-1100;0.0;;lat;domaine public;Bibliothèque nationale de France. Département des Manuscrits. Latin 2251;1051;11.0
btv1b8427438m;;;1051-1100;0.0;;lat;domaine public;Bibliothèque nationale de France. Département des Manuscrits. Latin 11590;1051;11.0
btv1b10892876z;;;0901-1000;0.0;;chi;domaine public;Bibliothèque nationale de France. Département des Manuscrits. Pelliot chinois 3691 Pièce 19;0901;10.0
btv1b52505070z;;;1001-1100;0.0;;lat;domaine public;Bibliothèque nationale de France. Bibliothèque de l'Arsenal. Ms-912;1001;11.0
btv1b10029942b;;;950-1100;0.0;;lat;domaine public;Bibliothèque nationale de France. Département des Manuscrits. Latin 8996;1100;11.0
btv1b55014373r;;;0901-1000;0.0;;lat;domaine public;Bibliothèque nationale de France. Département des Manuscrits. Latin 7230A;0901;10.0
btv1b52516045m;;;14760101-17721231;0.0;;lat;domaine public;Bibliothèque nationale de France. Département des Manuscrits. Chappée 15, 45;1476;15.0
btv1b105452300;;;1401-1500;0.0;;ger;domaine public;Bibliothèque nationale de France. Département des Manuscrits. Allemand 124;1401;15.0
btv1b107240085;;;1301-1400;0.0;;grc;domaine public;Bibliothèque nationale de France. Département des Manuscrits. Grec 1119;1301;14.0
btv1b9065870x;;;1101-1200;0.0;;lat;domaine public;Bibliothèque nationale de France. Département des Manuscrits. Latin 12004;1101;12.0
btv1b10032307j;;;1001-1100;0.0;;lat;domaine public;Bibliothèque nationale de France. Département des Manuscrits. Latin 10438;1001;11.0
btv1b107231069;;;1400-1500;0.0;;grc;domaine public;Bibliothèque nationale de France. Département des Manuscrits. Grec 2710;1400;14.0
btv1b9066089k;;;1301-1400;0.0;;lat;domaine public;Bibliothèque nationale de France. Département des Manuscrits. Latin 15690;1301;14.0
btv1b9058124x;;;1201-1300;0.0;;fre;domaine public;Bibliothèque nationale de France. Département des Manuscrits. Français 781;1201;13.0
btv1b105421798;;;1301-1500;0.0;;heb;domaine public;Bibliothèque nationale de France. Département des Manuscrits. Hébreu 357;1301;14.0
btv1b52519901m;;;1201-1300;0.0;;lat;domaine public;Bibliothèque nationale de France. Département des Manuscrits. Latin 14524;1201;13.0
btv1b100808185;;;1301-1800;0.0;;fre;domaine public;Bibliothèque nationale de France. Département des Manuscrits. Français 28100 (Pièces originales 1616);1301;14.0
btv1b10557117x;;;1401-1500;0.0;;lat;domaine public;Bibliothèque municipale de Metz. Ms. 611;1401;15.0
btv1b10543030j;;;1301-1500;0.0;;heb;domaine public;Bibliothèque nationale de France. Département des Manuscrits. Hébreu 602;1301;14.0
btv1b8452652v;;;1175-1200;0.0;;lat;domaine public;Bibliothèque nationale de France. Département des Manuscrits. Latin 4894;1175;12.0
btv1b110021558;;;1297-1298;0.0;;ara;domaine public;Bibliothèque nationale de France. Département des manuscrits. Arabe 3264;1297;13.0
btv1b83009280;;;0801-1000;0.0;;chi;domaine public;Bibliothèque nationale de France. Département des Manuscrits. Pelliot chinois 4908;0801;9.0
btv1b10038851w;;;0801-0850;0.0;;lat;domaine public;Bibliothèque nationale de France. Département des Manuscrits. Latin 2710;0801;9.0
btv1b84328980;;;13920810;0.0;;per;domaine public;Bibliothèque nationale de France. Département des Manuscrits. Supplément Persan 913;1392;14.0
btv1b105373600;;;1201-1300;0.0;;lat;domaine public;Bibliothèque nationale de France. Département des manuscrits. Latin 15546;1201;13.0
btv1b9007026q;;;1401-1500;0.0;;fre;domaine public;Bibliothèque nationale de France. Département des Manuscrits. Français 1149;1401;15.0
btv1b10035886b;;;1201-1300;0.0;;lat;domaine public;Bibliothèque nationale de France. Département des manuscrits. Latin 8002;1201;13.0
btv1b11004931c;;;1358;0.0;;ara;domaine public;Bibliothèque nationale de France. Département des Manuscrits. Arabe 72;1358;14.0
btv1b10723931b;;;1001-1100;0.0;;grc;domaine public;Bibliothèque nationale de France. Département des Manuscrits. Grec 1606;1001;11.0
btv1b10050603t;;;1325;0.0;;;domaine public;Bibliothèque municipale de Rouen, Ms O 4 fdeg 173v detail;1325;14.0
btv1b10086099z;;;1101-1300;0.0;;lat;domaine public;Bibliothèque nationale de France. Département des Manuscrits. Latin 711;1101;12.0
btv1b52510370p;;;1401-1500;0.0;;lat;domaine public;Bibliothèque nationale de France. Département des Manuscrits. Latin 5691;1401;15.0
btv1b10557141g;;;1301-1400;0.0;;fre;domaine public;Bibliothèque municipale de Metz. Ms. 1144;1301;14.0
btv1b9063634r;;;1401-1500;0.0;;fre;domaine public;Bibliothèque nationale de France. Département des manuscrits. Français 24333;1401;15.0
btv1b8442913h;;;1101-1200;0.0;;lat;domaine public;Bibliothèque nationale de France. Département des Manuscrits. Latin 654;1101;12.0
btv1b90661910;;;1001-1100;0.0;;lat;domaine public;Bibliothèque nationale de France. Département des Manuscrits. Latin 17884;1001;11.0
btv1b10032240p;;;1401-1500;0.0;;lat;domaine public;Bibliothèque nationale de France. Département des Manuscrits. NAL 314;1401;15.0
btv1b8300068d;;;0901-1000;0.0;;;domaine public;Bibliothèque nationale de France. Département des Manuscrits. Pelliot chinois 4514 (1) 5;0901;10.0
btv1b52503788x;;;1301-1400;0.0;;grc;domaine public;Bibliothèque nationale de France. Département des Manuscrits. Supplément grec 464;1301;14.0
btv1b100344510;;;1461;0.0;;lat;domaine public;Bibliothèque nationale de France. Département des Manuscrits. Latin 7948;1461;15.0
btv1b10560128p;;;1201-1400;0.0;;lat;domaine public;Bibliothèque municipale de Toulouse. Ms. 320;1201;13.0
btv1b84229841;;;1101-1200;0.0;;lat;domaine public;Bibliothèque nationale de France. Département des Manuscrits. Latin 14819;1101;12.0
btv1b110049283;;;1101-1215;0.0;;ara;domaine public;Bibliothèque nationale de France. Département des Manuscrits. Arabe 384;1101;12.0
btv1b100762856;;;1401-1500;0.0;;lat;domaine public;Bibliothèque nationale de France. Département des Manuscrits. Latin 1146;1401;15.0
btv1b10548489w;;;1101-1150;0.0;;lat;domaine public;Bibliothèque nationale de France. Département des Manuscrits. Latin 4955;1101;12.0
btv1b10033221n;;;0701-0900;0.0;;lat;domaine public;Bibliothèque nationale de France. Département des Manuscrits. Latin 1718;0701;8.0
btv1b107208098;;;1101-1200;0.0;;lat;domaine public;Bibliothèque nationale de France. Département des Manuscrits. Latin 7904;1101;12.0
btv1b10036294x;;;1301-1600;0.0;;lat;domaine public;Bibliothèque nationale de France. Département des Manuscrits. NAL 1850;1301;14.0
btv1b107210747;;;1201-1300;0.0;;lat;domaine public;Bibliothèque nationale de France. Département des manuscrits. Latin 477;1201;13.0
btv1b107221203;;;1401-1500;0.0;;grc;domaine public;Bibliothèque nationale de France. Département des Manuscrits. Grec 968;1401;15.0
btv1b10721264k;;;1201-1300;0.0;;lat;domaine public;Bibliothèque nationale de France. Département des Manuscrits. Latin 13255;1201;13.0
btv1b52512645h;;;0901-1000;0.0;;chi;domaine public;Bibliothèque nationale de France. Département des Manuscrits. Pelliot chinois 3808;0901;10.0
btv1b8492079j;;;1405;0.0;;fre;domaine public;Bibliothèque nationale de France. Département des Manuscrits. Français 117;1405;15.0
btv1b10540981f;;;1201-1300;0.0;;fre;domaine public;Bibliothèque nationale de France. Département des Manuscrits. NAF 4380;1201;13.0
btv1b8300594m;;;0801-1000;0.0;;chi;domaine public;Bibliothèque nationale de France. Département des Manuscrits. Pelliot chinois 4806;0801;9.0
btv1b10095323g;;;0801-0900;0.0;;chi;domaine public;Bibliothèque nationale de France. Département des Manuscrits. Pelliot chinois 4954;0801;9.0
btv1b107201335;;;1492;0.0;;heb;domaine public;Bibliothèque nationale de France. Département des Manuscrits. Hébreu 855;1492;15.0
btv1b10720754q;;;1401-1500;0.0;;fre;domaine public;Bibliothèque nationale de France. Département des manuscrits. Français 5228;1401;15.0
btv1b52503851x;;;1401-1500;0.0;;grc;domaine public;Bibliothèque nationale de France. Département des Manuscrits. Supplément grec 652;1401;15.0
btv1b85935666;;;0740-0760;0.0;;lat;domaine public;Bibliothèque nationale de France. Département des Manuscrits. Latin 18315;0740;8.0
btv1b10023801s;;;1401-1500;0.0;;lat;domaine public;Bibliothèque nationale de France. Département des Manuscrits. Latin 239;1401;15.0
btv1b10894722d;;;0801-0900;0.0;;chi;domaine public;Bibliothèque nationale de France. Département des Manuscrits. Pelliot chinois 5557 bis (1);0801;9.0
btv1b10723274p;;;1400-1450;0.0;;grc;domaine public;Bibliothèque nationale de France. Département des Manuscrits. Grec 2687;1400;14.0
btv1b11000485z;;;13590819;0.0;;ara;domaine public;Bibliothèque nationale de France. Département des Manuscrits. Arabe 704;1359;14.0
btv1b10077171z;;;1101-1200;0.0;;lat;domaine public;Bibliothèque nationale de France. Département des Manuscrits. Latin 14832;1101;12.0
btv1b8300393h;;;0701-0800;0.0;;chi;domaine public;Bibliothèque nationale de France. Département des Manuscrits. Pelliot chinois 5030 3;0701;8.0
btv1b10866564z;;;1401-1500;0.0;;spa;domaine public;Bibliothèque nationale de France. Département des Manuscrits. Espagnol 224;1401;15.0
btv1b100904842;;;1443-1444;0.0;;per;domaine public;Bibliothèque nationale de France. Département des Manuscrits. Persan 41;1443;15.0
btv1b90667660;;;1101-1200;0.0;;lat;domaine public;Bibliothèque nationale de France. Département des manuscrits. Latin 14302;1101;12.0
btv1b100979294;;;0801-1000;0.0;;chi;domaine public;Bibliothèque nationale de France. Département des Manuscrits. Pelliot chinois 4787;0801;9.0
btv1b10545837d;;;1101-1200;0.0;;lat;domaine public;Bibliothèque nationale de France. Département des Manuscrits. Latin 6398;1101;12.0
btv1b107213283;;;1201-1400;0.0;;lat;domaine public;Bibliothèque nationale de France. Département des manuscrits. Latin 1551;1201;13.0
btv1b90632759;;;1401-1500;0.0;;fre;domaine public;Bibliothèque nationale de France. Département des Manuscrits. Français 24314;1401;15.0
btv1b90589698;;;1401-1500;0.0;;fre;domaine public;Bibliothèque nationale de France. Département des manuscrits. Français 2019;1401;15.0
btv1b9058814z;;;1405;0.0;;fre;domaine public;Bibliothèque nationale de France. Département des Manuscrits. Français 118;1405;15.0
btv1b10557087f;;;1401-1500;0.0;;fre;domaine public;Bibliothèque municipale de Metz. Ms. 534;1401;15.0
btv1b83008381;;;0701-0800;0.0;;;domaine public;Bibliothèque nationale de France. Département des Manuscrits. Pelliot chinois 5029 D 15;0701;8.0
btv1b10500676w;;;1301-1400;0.0;;fre;domaine public;Bibliothèque nationale de France. Département des Manuscrits. Français 24306;1301;14.0
btv1b10031250r;;;1421-1500;0.0;;ara;domaine public;Bibliothèque nationale de France. Département des manuscrits. Arabe 7234;1421;15.0
btv1b10038203f;;;1301-1400;0.0;;lat;domaine public;Bibliothèque nationale de France. Département des Manuscrits. Latin 1936;1301;14.0
btv1b10076728z;;;1466-1500;0.0;;grc;domaine public;Bibliothèque nationale de France. Département des Manuscrits. Grec 2715;1466;15.0
btv1b10037445d;;;1401-1500;0.0;;ita;domaine public;Bibliothèque nationale de France. Département des Manuscrits. italien 567;1401;15.0
btv1b55013495h;;;1401-1500;0.0;;fre;domaine public;Bibliothèque nationale de France. Département des Manuscrits. Français 274;1401;15.0
btv1b9078089g;;;1201-1300;0.0;;lat;domaine public;Bibliothèque nationale de France. Département des manuscrits. Latin 14426;1201;13.0
btv1b105253083;;;1201-1300;0.0;;fre;domaine public;Bibliothèque nationale de France. Département des Manuscrits. Français 1635;1201;13.0
btv1b10032184r;;;1301-1400;0.0;;lat;domaine public;Bibliothèque nationale de France. Département des Manuscrits. Latin 14572;1301;14.0
btv1b52522716d;;;0701-1000;0.0;;ine;domaine public;Bibliothèque nationale de France. Département des Manuscrits. Pelliot Koutchéen Nouvelle Série 931;0701;8.0
btv1b52526759s;;;1301-1800;0.0;;fre;domaine public;Bibliothèque nationale de France. Département des Manuscrits. PO 2555, dossier 57096;1301;14.0
btv1b84364004;;;1450-1500;0.0;;spa;domaine public;Bibliothèque nationale de France. Département des Manuscrits. Espagnol 227;1450;15.0
btv1b8304516n;;;-1096--0945;0.0;;;domaine public;Bibliothèque nationale de France. Département des Manuscrits. Egyptien 78;1096;11.0
btv1b60010534;;;1401-1500;0.0;;fre;domaine public;Bibliothèque nationale de France. Département des Manuscrits. Français 17121;1401;15.0
btv1b110006363;;;1491;0.0;;ara;domaine public;Bibliothèque nationale de France. Département des Manuscrits. Arabe 887;1491;15.0
btv1b10097531f;;;0901-1000;0.0;;chi;domaine public;Bibliothèque nationale de France. Département des Manuscrits. Pelliot chinois 3857;0901;10.0
btv1b10097590g;;;0801-1000;0.0;;chi;domaine public;Bibliothèque nationale de France. Département des Manuscrits. Pelliot chinois 3990;0801;9.0
btv1b9066075j;;;1201-1300;0.0;;lat;domaine public;Bibliothèque nationale de France. Département des manuscrits. Latin 15754;1201;13.0
btv1b10525821p;;;1401-1500;0.0;;fre;domaine public;Bibliothèque nationale de France. Département des Manuscrits. Français 813;1401;15.0
btv1b10097466j;;;0901-1000;0.0;;chi;domaine public;Bibliothèque nationale de France. Département des Manuscrits. Pelliot chinois 3916;0901;10.0
btv1b52520191h;;;1401-1500;0.0;;lat;domaine public;Bibliothèque nationale de France. Département des Manuscrits. NAL 648;1401;15.0
btv1b52526169x;;;1130-1140;0.0;;lat;domaine public;Bibliothèque nationale de France. Département des Manuscrits. Latin 9396;1130;12.0
btv1b110020587;;;1280;0.0;;ara;domaine public;Bibliothèque nationale de France. Département des manuscrits. Arabe 2841;1280;13.0
btv1b90660796;;;1401-1500;0.0;;lat;domaine public;Bibliothèque nationale de France. Département des manuscrits. Latin 13596;1401;15.0
btv1b8426822t;;;1401-1500;0.0;;ita;domaine public;Bibliothèque nationale de France. Département des Manuscrits. Italien 535;1401;15.0
btv1b10892264c;;;1440-1441;0.0;;ara;domaine public;Bibliothèque nationale de France. Département des Manuscrits. Arabe 395;1440;15.0
btv1b10889359p;;;1424;0.0;;heb;domaine public;Bibliothèque nationale de France. Département des Manuscrits. Hébreu 160;1424;15.0
btv1b11000800x;;;1301-1500;0.0;;ara;domaine public;Bibliothèque nationale de France. Département des Manuscrits. Arabe 1500;1301;14.0
btv1b52514276c;;;1101-1200;0.0;;lat;domaine public;Bibliothèque nationale de France. Département des Manuscrits. Latin 5923;1101;12.0
btv1b105395056;;;1323-1324;0.0;;heb;domaine public;Bibliothèque nationale de France. Département des Manuscrits. Hébreu 345;1323;14.0
btv1b10033527g;;;1401-1500;0.0;;spa;domaine public;Bibliothèque nationale de France. Département des Manuscrits. Espagnol 255;1401;15.0
btv1b100345985;;;1179-1179;0.0;;lat;domaine public;Bibliothèque nationale de France. Département des Manuscrits. Latin 11700;1179;12.0
btv1b105569934;;;1401-1500;0.0;;lat;domaine public;Bibliothèque municipale de Metz. Ms. 324;1401;15.0
btv1b90666887;;;1000-1637;0.0;;lat;domaine public;Bibliothèque nationale de France. Département des Manuscrits. Latin 14192;1000;10.0
btv1b10036350v;;;1401-1500;0.0;;lat;domaine public;Bibliothèque nationale de France. Département des manuscrits. Latin 6777;1401;15.0
btv1b9000234s;;;1101-1700;0.0;;fre;domaine public;Bibliothèque nationale de France. Département des Manuscrits. Clairambault 33;1101;12.0
btv1b11000436b;;;1201-1500;0.0;;ara;domaine public;Bibliothèque nationale de France. Département des Manuscrits. Arabe 637;1201;13.0
btv1b10038580j;;;0801-0900;0.0;;lat;domaine public;Bibliothèque nationale de France. Département des manuscrits. Latin 12163;0801;9.0
btv1b11004611d;;;1376-1400;0.0;;grc;domaine public;Bibliothèque nationale de France. Département des Manuscrits. Supplément grec 1255;1376;14.0
btv1b525044956;;;1101-1200;0.0;;lat;domaine public;Bibliothèque nationale de France. Bibliothèque de l'Arsenal. Ms-48;1101;12.0
btv1b10883008z;;;1401-1500;0.0;;lat;domaine public;Bibliothèque nationale de France. Bibliothèque de l'Arsenal. Ms-838;1401;15.0
btv1b52514180q;;;1401-1800;0.0;;fre;domaine public;Bibliothèque nationale de France. Département des Manuscrits. Français 20437;1401;15.0
btv1b9076492q;;;1101-1200;0.0;;lat;domaine public;Bibliothèque nationale de France. Département des Manuscrits. Latin 4616;1101;12.0
btv1b9060587m;;;1401-1500;0.0;;fre;domaine public;Bibliothèque nationale de France. Département des Manuscrits. Français 969;1401;15.0
btv1b8490092s;;;1401-1425;0.0;;lat;domaine public;Bibliothèque nationale de France. Département des Manuscrits. Latin 3319;1401;15.0
btv1b107240280;;;0901-1000;0.0;;grc;domaine public;Bibliothèque nationale de France. Département des Manuscrits. Grec 607;0901;10.0
btv1b10076176v;;;1380-1405;0.0;;fre;domaine public;Bibliothèque nationale de France. Département des Manuscrits. Français 568;1380;14.0
btv1b11004402p;;;1278;0.0;;ara;domaine public;Bibliothèque nationale de France. Département des Manuscrits. Arabe 197;1278;13.0
btv1b10723415d;;;1425-1426;0.0;;grc;domaine public;Bibliothèque nationale de France. Département des Manuscrits. Grec 456;1425;15.0
btv1b525222046;;;0701-1000;0.0;;ine;domaine public;Bibliothèque nationale de France. Département des Manuscrits. Pelliot Koutchéen Nouvelle Série 1061;0701;8.0
btv1b100521472;;;1325;0.0;;;domaine public;Bibliothèque municipale de Rouen, Ms O 4 fdeg 168 detail;1325;14.0
btv1b11000002s;;;1401-1500;0.0;;grc;domaine public;Bibliothèque nationale de France. Département des Manuscrits. Grec 32;1401;15.0
btv1b10036510z;;;1301-1800;0.0;;fre;domaine public;Bibliothèque nationale de France. Département des Manuscrits. Champagne 6;1301;14.0
btv1b100368800;;;1301-1400;0.0;;lat;domaine public;Bibliothèque nationale de France. Département des Manuscrits. Latin 5333;1301;14.0
btv1b10720161h;;;1401-1500;0.0;;heb;domaine public;Bibliothèque nationale de France. Département des Manuscrits. Hébreu 631;1401;15.0
btv1b8301142t;;;0801-1000;0.0;;chi;domaine public;Bibliothèque nationale de France. Département des Manuscrits. Pelliot chinois 6007;0801;9.0
btv1b100391845;;;1101-1200;0.0;;lat;domaine public;Bibliothèque nationale de France. Département des Manuscrits. Latin 536;1101;12.0
btv1b9001156b;;;1401-1800;0.0;;fre;domaine public;Bibliothèque nationale de France. Département des Manuscrits. Clairambault 1197;1401;15.0
btv1b100977479;;;0801-1000;0.0;;chi;domaine public;Bibliothèque nationale de France. Département des Manuscrits. Pelliot chinois 4503 bis;0801;9.0
btv1b52522137d;;;0701-1000;0.0;;ine;domaine public;Bibliothèque nationale de France. Département des Manuscrits. Pelliot Koutchéen Nouvelle Série 994;0701;8.0
btv1b10081760m;;;1301-1800;0.0;;fre;domaine public;Bibliothèque nationale de France. Département des Manuscrits. Français 26739 (Pièces originales 255);1301;14.0
btv1b10723706k;;;1001-1100;0.0;;grc;domaine public;Bibliothèque nationale de France. Département des Manuscrits. Grec 530;1001;11.0
btv1b9080930r;;;1301-1400;0.0;;lat;domaine public;Bibliothèque nationale de France. Département des Manuscrits. Latin 5399;1301;14.0
btv1b10722230w;;;1001-1100;0.0;;grc;domaine public;Bibliothèque nationale de France. Département des Manuscrits. Grec 581;1001;11.0
btv1b52527493z;;;0801-1000;0.0;;lat;domaine public;Bibliothèque nationale de France. Département des Manuscrits. Latin 1327;0801;9.0
btv1b8300597v;;;0901-1000;0.0;;chi;domaine public;Bibliothèque nationale de France. Département des Manuscrits. Pelliot chinois 4820;0901;10.0
btv1b10867955v;;;1301-1400;0.0;;ita;domaine public;Bibliothèque nationale de France. Département des Manuscrits. italien 463;1301;14.0
btv1b105400811;;;1399;0.0;;ara;domaine public;Bibliothèque nationale de France. Département des Manuscrits. Hébreu 580;1399;14.0
btv1b9059185x;;;1301-1400;0.0;;fre;domaine public;Bibliothèque nationale de France. Département des Manuscrits. Français 1747;1301;14.0
btv1b10097041z;;;0601-0700;0.0;;chi;domaine public;Bibliothèque nationale de France. Département des Manuscrits. Pelliot chinois 5527;0601;7.0
btv1b90069520;;;1401-1500;0.0;;fre;domaine public;Bibliothèque nationale de France. Département des Manuscrits. Français 14386;1401;15.0
btv1b100975982;;;0701-0900;0.0;;chi;domaine public;Bibliothèque nationale de France. Département des Manuscrits. Pelliot chinois 5597;0701;8.0
btv1b60003474;;;1401-1500;0.0;;fre;domaine public;Bibliothèque nationale de France. Département des Manuscrits. Français 12592;1401;15.0
btv1b10036634z;;;1401-1500;0.0;;lat;domaine public;Bibliothèque nationale de France. Département des Manuscrits. Latin 5811;1401;15.0
btv1b11004398q;;;1201-1400;0.0;;ara;domaine public;Bibliothèque nationale de France. Département des Manuscrits. Arabe 590;1201;13.0
btv1b9063781r;;;1401-1700;0.0;;fre;domaine public;Bibliothèque nationale de France. Département des Manuscrits. Français 15569;1401;15.0
btv1b9007182p;;;1201-1300;0.0;;fre;domaine public;Bibliothèque nationale de France. Département des Manuscrits. Français 1353;1201;13.0
btv1b108902726;;;1372;0.0;;heb;domaine public;Bibliothèque nationale de France. Département des Manuscrits. Hébreu 400;1372;14.0
btv1b10721499t;;;1401-1500;0.0;;lat;domaine public;Bibliothèque nationale de France. Département des Manuscrits. Latin 7226A;1401;15.0
btv1b100771499;;;1101-1200;0.0;;lat;domaine public;Bibliothèque nationale de France. Département des Manuscrits. Latin 11549;1101;12.0
btv1b9059589z;;;1401-1405;0.0;;fre;domaine public;Bibliothèque nationale de France. Département des Manuscrits. Français 1740;1401;15.0
btv1b105419950;;;0951-1000;0.0;;lat;domaine public;Bibliothèque nationale de France. Département des Manuscrits. Latin 5301;0951;10.0
btv1b108678865;;;1275-1400;0.0;;lat;domaine public;Bibliothèque nationale de France. Département des Manuscrits. Latin 976;1275;13.0
btv1b8301375w;;;0701-0800;0.0;;chi;domaine public;Bibliothèque nationale de France. Département des Manuscrits. Pelliot chinois 4676;0701;8.0
btv1b525227295;;;0701-1000;0.0;;ine;domaine public;Bibliothèque nationale de France. Département des Manuscrits. Pelliot Koutchéen Nouvelle Série 944;0701;8.0
btv1b55006070n;;;1045;0.0;;grc;domaine public;Bibliothèque nationale de France. Département des Manuscrits. Grec 223;1045;11.0
btv1b90072020;;;1400-1500;0.0;;lat;domaine public;Bibliothèque nationale de France. Département des Manuscrits. Français 1610;1400;14.0
btv1b10034757t;;;1301-1400;0.0;;lat;domaine public;Bibliothèque nationale de France. Département des manuscrits. Latin 9934;1301;14.0
btv1b10722732p;;;1001-1100;0.0;;grc;domaine public;Bibliothèque nationale de France. Département des Manuscrits. Grec 813;1001;11.0
btv1b10073289z;;;1301-1400;0.0;;lat;domaine public;Bibliothèque nationale de France. Département des Manuscrits. Latin 1710;1301;14.0
btv1b90590986;;;1481;0.0;;fre;domaine public;Bibliothèque nationale de France. Département des Manuscrits. Français 1280;1481;15.0
btv1b10224551m;;;1492-1501;0.0;;lat;domaine public;Bibliothèque nationale et universitaire de Strasbourg. Ms.0.173;1492;15.0
btv1b11001855k;;;1496;0.0;;ara;domaine public;Bibliothèque nationale de France. Département des manuscrits. Arabe 1793;1496;15.0
btv1b9059233j;;;1301-1400;0.0;;fre;domaine public;Bibliothèque nationale de France. Département des Manuscrits. Français 9687;1301;14.0
btv1b10097953p;;;0701-0800;0.0;;chi;domaine public;Bibliothèque nationale de France. Département des Manuscrits. Pelliot chinois 4818;0701;8.0
btv1b9076869v;;;1201-1300;0.0;;lat;domaine public;Bibliothèque nationale de France. Département des manuscrits. Latin 16538;1201;13.0
btv1b10036391z;;;1301-1400;0.0;;lat;domaine public;Bibliothèque nationale de France. Département des Manuscrits. Latin 7354;1301;14.0
btv1b10080929d;;;1301-1800;0.0;;fre;domaine public;Bibliothèque nationale de France. Département des Manuscrits. Français 26931 (Pièces originales 447);1301;14.0
btv1b10096550g;;;0701-0800;0.0;;chi;domaine public;Bibliothèque nationale de France. Département des Manuscrits. Pelliot chinois 4088;0701;8.0
btv1b9058123h;;;1340-1350;0.0;;fre;domaine public;Bibliothèque nationale de France. Département des Manuscrits. Français 782;1340;14.0
btv1b10076284r;;;1401-1500;0.0;;ger;domaine public;Bibliothèque nationale de France. Département des Manuscrits. Allemand 33;1401;15.0
btv1b10723201f;;;1301-1400;0.0;;lat;domaine public;Bibliothèque nationale de France. Département des Manuscrits. Latin 7156;1301;14.0
btv1b84472995;;;1375-1380;0.0;;fre;domaine public;Bibliothèque nationale de France. Département des Manuscrits. Français 2813;1375;14.0
btv1b10893489j;;;0701-0800;0.0;;chi;domaine public;Bibliothèque nationale de France. Département des Manuscrits. Pelliot chinois 5587 (2);0701;8.0
btv1b90809864;;;1401-1500;0.0;;lat;domaine public;Bibliothèque nationale de France. Département des Manuscrits. Latin 239;1401;15.0
btv1b10463342b;;;1401-1500;0.0;;fre;domaine public;Bibliothèque nationale de France. Département des Manuscrits. Français 17001;1401;15.0
btv1b10546505g;;;1375-1500;0.0;;lat;domaine public;Bibliothèque nationale de France. Département des Manuscrits. Latin 140;1375;14.0
btv1b8302728x;;;0801-1000;0.0;;chi;domaine public;Bibliothèque nationale de France. Département des Manuscrits. Pelliot chinois 4995;0801;9.0
btv1b11000067h;;;1401-1500;0.0;;grc;domaine public;Bibliothèque nationale de France. Département des Manuscrits. Supplément grec 769;1401;15.0
btv1b10034162q;;;1201-1800;0.0;;fre;domaine public;Bibliothèque nationale de France. Département des Manuscrits. Périgord 173;1201;13.0
btv1b525225334;;;0701-1000;0.0;;ine;domaine public;Bibliothèque nationale de France. Département des Manuscrits. Pelliot Koutchéen Nouvelle Série 738;0701;8.0
btv1b90768745;;;1384;0.0;;lat;domaine public;Bibliothèque nationale de France. D partement des Manuscrits. Latin 17913;1384;14.0
btv1b107227781;;;1301-1400;0.0;;grc;domaine public;Bibliothèque nationale de France. Département des Manuscrits. Grec 2619;1301;14.0
btv1b85945972;;;0501-0600;0.0;;lat;domaine public;Bibliothèque nationale de France. Département des Manuscrits. NAL 446;0501;6.0
btv1b10547047g;;;1401-1500;0.0;;lat;domaine public;Bibliothèque nationale de France. Département des Manuscrits. Latin 17817;1401;15.0
btv1b10035823h;;;1301-1400;0.0;;lat;domaine public;Bibliothèque nationale de France. Département des manuscrits. Latin 13896;1301;14.0
btv1b10720224k;;;1401-1500;0.0;;heb;domaine public;Bibliothèque nationale de France. Département des Manuscrits. Hébreu 1176;1401;15.0
btv1b100329800;;;1301-1400;0.0;;lat;domaine public;Bibliothèque nationale de France. Département des manuscrits. Latin 7778;1301;14.0
btv1b100362135;;;1051-1100;0.0;;lat;domaine public;Bibliothèque nationale de France. Département des Manuscrits. Latin 5795;1051;11.0
btv1b52500248b;;;1301-1400;0.0;;lat;domaine public;Bibliothèque nationale de France. Département des manuscrits. Latin 6516;1301;14.0
btv1b10557193f;;;1401-1500;0.0;;fre;domaine public;Bibliothèque municipale de Metz. Ms. 678;1401;15.0
btv1b525056724;;;1400-1500;0.0;;grc;domaine public;Bibliothèque nationale de France. Département des Manuscrits. Grec 2723;1400;14.0
btv1b9066738p;;;1201-1300;0.0;;lat;domaine public;Bibliothèque nationale de France. Département des Manuscrits. Latin 16371;1201;13.0
btv1b107222371;;;1400-1500;0.0;;grc;domaine public;Bibliothèque nationale de France. Département des Manuscrits. Grec 2708;1400;14.0
btv1b10889281z;;;1301-1500;0.0;;heb;domaine public;Bibliothèque nationale de France. Département des Manuscrits. Hébreu 1117;1301;14.0
btv1b10077118m;;;1301-1400;0.0;;lat;domaine public;Bibliothèque nationale de France. Département des Manuscrits. Latin 7929;1301;14.0
btv1b52518798c;;;1175-1200;0.0;;lat;domaine public;Bibliothèque nationale de France. Département des Manuscrits. Latin 15045;1175;12.0
btv1b10038972j;;;1201-1300;0.0;;lat;domaine public;Bibliothèque nationale de France. Département des Manuscrits. Latin 10124;1201;13.0
btv1b90668900;;;0801-0850;0.0;;lat;domaine public;Bibliothèque nationale de France. Département des Manuscrits. Latin 1771;0801;9.0
btv1b100372965;;;1301-1400;0.0;;lat;domaine public;Bibliothèque nationale de France. Département des manuscrits. Latin 8676;1301;14.0
btv1b525012494;;;1375-1400;0.0;;lat;domaine public;Bibliothèque nationale de France. Département des Manuscrits. Latin 17531;1375;14.0
btv1b55013455v;;;1401-1500;0.0;;lat;domaine public;Bibliothèque nationale de France. Bibliothèque de l'Arsenal. Ms-628 réserve;1401;15.0
btv1b8415230q;;;1405;0.0;;ara;domaine public;Bibliothèque nationale de France. Département des Manuscrits. Arabe 389;1405;15.0
btv1b9064951m;;;1467;0.0;;arc;domaine public;Bibliothèque nationale de France. Département des Manuscrits. Hébreu 308;1467;15.0
btv1b105432610;;;1400;0.0;;heb;domaine public;Bibliothèque nationale de France. Département des Manuscrits. Hébreu 698;1400;14.0
btv1b9059014h;;;1250-1300;0.0;;fre;domaine public;Bibliothèque nationale de France. Département des Manuscrits. Français 2188;1250;13.0
btv1b10541994j;;;1399;0.0;;heb;domaine public;Bibliothèque nationale de France. Département des Manuscrits. Hébreu 328;1399;14.0
btv1b9078200d;;;1201-1300;0.0;;lat;domaine public;Bibliothèque nationale de France. Département des Manuscrits. Latin 16007;1201;13.0
btv1b52507638v;;;1401-1500;0.0;;lat;domaine public;Bibliothèque nationale de France. Département des Manuscrits. Latin 1227;1401;15.0
btv1b9067864t;;;1201-1300;0.0;;lat;domaine public;Bibliothèque nationale de France. Département des manuscrits. Latin 14428;1201;13.0
btv1b10560192w;;;1300-1349;0.0;;lat;domaine public;Bibliothèque municipale de Toulouse. Ms. 741;1300;13.0
btv1b11001254v;;;1301-1400;0.0;;ara;domaine public;Bibliothèque nationale de France. Département des Manuscrits. Arabe 1573;1301;14.0
btv1b85529984;;;1201-1300;0.0;;lat;domaine public;Bibliothèque nationale de France. Département des manuscrits. Latin 15800;1201;13.0
btv1b10893480h;;;0501-0600;0.0;;;domaine public;Bibliothèque nationale de France. Département des Manuscrits. Pelliot chinois 5582 (2) Pièce;0501;6.0
btv1b90607434;;;1475-1500;0.0;;fre;domaine public;Bibliothèque nationale de France. Département des manuscrits. Français 5942;1475;15.0
btv1b100820895;;;1301-1400;0.0;;lat;domaine public;Bibliothèque nationale de France. Département des Manuscrits. Latin 4624A;1301;14.0
btv1b10081185d;;;1301-1400;0.0;;grc;domaine public;Bibliothèque nationale de France. Département des Manuscrits. Coislin 333;1301;14.0
btv1b10032357m;;;1301-1600;0.0;;lat;domaine public;Bibliothèque nationale de France. Département des Manuscrits. Latin 7445;1301;14.0
btv1b10096465r;;;0701-0800;0.0;;chi;domaine public;Bibliothèque nationale de France. Département des Manuscrits. Pelliot chinois 3725;0701;8.0
btv1b9000255z;;;1101-1700;0.0;;fre;domaine public;Bibliothèque nationale de France. Département des Manuscrits. Clairambault 91;1101;12.0
btv1b10465544p;;;1301-1400;0.0;;fre;Conditions spécifiques d'utilisation (sous convention Europeana ARMA - CC BY-SA 2.0).;Bibliothèque nationale de France. Bibliothèque de l'Arsenal. Ms-3219;1301;14.0
btv1b10036446h;;;0801-0900;0.0;;lat;domaine public;Bibliothèque nationale de France. Département des Manuscrits. Latin 10601;0801;9.0
btv1b9067811p;;;1301-1400;0.0;;lat;domaine public;Bibliothèque nationale de France. Département des Manuscrits. Latin 3302;1301;14.0
btv1b100338159;;;1301-1400;0.0;;lat;domaine public;Bibliothèque nationale de France. Département des Manuscrits. Latin 5003;1301;14.0
btv1b83067589;;;0901-1000;0.0;;chi;domaine public;Bibliothèque nationale de France. Département des Manuscrits. Pelliot chinois 3883;0901;10.0
btv1b10039197x;;;1101-1200;0.0;;lat;domaine public;Bibliothèque nationale de France. Département des manuscrits. Latin 535;1101;12.0
btv1b10033275h;;;1301-1400;0.0;;ita;domaine public;Bibliothèque nationale de France. Département des Manuscrits. italien 92;1301;14.0
btv1b10885653r;;;1301-1600;0.0;;fre;domaine public;Bibliothèque nationale de France. Département des Manuscrits. Français 23906;1301;14.0
btv1b6000793r;;;1301-1400;0.0;;fre;domaine public;Bibliothèque nationale de France. Département des Manuscrits. Français 22546;1301;14.0
btv1b8304522c;;;-1096--0945;0.0;;;domaine public;Bibliothèque nationale de France. Département des Manuscrits. Egyptien 84;1096;11.0
btv1b100912084;;;1301-1800;0.0;;fre;domaine public;Bibliothèque nationale de France. Département des Manuscrits. Français 26685 (Pièces originales 201);1301;14.0
btv1b8454018c;;;1301-1400;0.0;;lat;domaine public;Bibliothèque municipale de Bourges. Mss. 34;1301;14.0
btv1b100362743;;;1301-1600;0.0;;lat;domaine public;Bibliothèque nationale de France. Département des Manuscrits. NAL 1861;1301;14.0
btv1b52515873n;;;13160101-18021231;0.0;;lat;domaine public;Bibliothèque nationale de France. Département des Manuscrits. Chappée 13, 30;1316;14.0
btv1b85287742;;;1301-1400;0.0;;lat;domaine public;Bibliothèque nationale de France. Département des Manuscrits. Latin 6868;1301;14.0
btv1b110000897;;;1201-1300;0.0;;grc;domaine public;Bibliothèque nationale de France. Département des Manuscrits. Supplément grec 1128;1201;13.0
btv1b52504905c;;;1201-1300;0.0;;lat;domaine public;Bibliothèque nationale de France. Département des Manuscrits. Latin 16204;1201;13.0
btv1b525074705;;;1351;0.0;;ita;domaine public;Bibliothèque nationale de France. Département des Manuscrits. Italien 538;1351;14.0
btv1b100324034;;;1320-1330;0.0;;lat;domaine public;Bibliothèque nationale de France. Département des Manuscrits. Latin 17320;1320;14.0
btv1b100337383;;;0671-0730;0.0;;lat;domaine public;Bibliothèque nationale de France. Département des Manuscrits. Latin 2206;0671;7.0
btv1b108686357;;;1301-1400;0.0;;fre;domaine public;Bibliothèque nationale de France. Département des Manuscrits. Français 24388;1301;14.0
btv1b110043904;;;0876-0925;0.0;;grc;domaine public;Bibliothèque nationale de France. Département des Manuscrits. Coislin 347;0876;9.0
btv1b90588940;;;1470-1480;0.0;;fre;domaine public;Bibliothèque nationale de France. Département des Manuscrits. Français 137;1470;15.0
btv1b90660566;;;1401-1500;0.0;;lat;domaine public;Bibliothèque nationale de France. Département des Manuscrits. Latin 14728;1401;15.0
btv1b108856707;;;1001-1100;0.0;;lat;domaine public;Bibliothèque municipale de Vesoul. Ms 73;1001;11.0
btv1b83016785;;;0801-0900;0.0;;chi;domaine public;Bibliothèque nationale de France. Département des Manuscrits. Pelliot chinois 4954;0801;9.0
btv1b52514382c;;;1301-1400;0.0;;lat;domaine public;Bibliothèque nationale de France. Département des Manuscrits. Latin 7333;1301;14.0
btv1b110003058;;;1201-1300;0.0;;grc;domaine public;Bibliothèque nationale de France. Département des Manuscrits. Grec 218;1201;13.0
btv1b11000804q;;;1301-1400;0.0;;ara;domaine public;Bibliothèque nationale de France. Département des Manuscrits. Arabe 1504;1301;14.0
btv1b84489883;;;0801-0900;0.0;;lat;domaine public;Bibliothèque Carnegie de Reims. Ms. 213;0801;9.0
btv1b11001031x;;;146506-146507;0.0;;ara;domaine public;Bibliothèque nationale de France. Département des Manuscrits. Arabe 1385;1465;15.0
btv1b107243623;;;1401-1500;0.0;;grc;domaine public;Bibliothèque nationale de France. Département des Manuscrits. Grec 1236;1401;15.0
btv1b11000141c;;;1301-1600;0.0;;;domaine public;Bibliothèque nationale de France. Département des Manuscrits. Supplément grec 64;1301;14.0
btv1b10084131k;;;0901-1100;0.0;;lat;domaine public;Bibliothèque nationale de France. Département des Manuscrits. NAL 2248;0901;10.0
btv1b100392299;;;1175-1300;0.0;;lat;domaine public;Bibliothèque nationale de France. Département des manuscrits. Latin 84;1175;12.0
btv1b525220890;;;0701-1000;0.0;;ine;domaine public;Bibliothèque nationale de France. Département des Manuscrits. Pelliot Koutchéen Nouvelle Série 946;0701;8.0
btv1b52510697s;;;1401-1500;0.0;;fre;domaine public;Bibliothèque nationale de France. Département des manuscrits. Français 6012;1401;15.0
btv1b10551086x;;;0886-0900;0.0;;lat;domaine public;Bibliothèque nationale de France. Département des Manuscrits. Latin 13408;0886;9.0
btv1b90002994;;;1101-1700;0.0;;fre;domaine public;Bibliothèque nationale de France. Département des Manuscrits. Clairambault 50;1101;12.0
btv1b90009932;;;1301-1800;0.0;;fre;domaine public;Bibliothèque nationale de France. Département des Manuscrits. Clairambault 825;1301;14.0
btv1b10096701m;;;0901-1000;0.0;;chi;domaine public;Bibliothèque nationale de France. Département des Manuscrits. Pelliot chinois 3918;0901;10.0
btv1b52516041t;;;14760101-17721231;0.0;;lat;domaine public;Bibliothèque nationale de France. Département des Manuscrits. Chappée 15, 41;1476;15.0
btv1b52522361q;;;0701-1000;0.0;;ine;domaine public;Bibliothèque nationale de France. Département des Manuscrits. Pelliot Koutchéen Nouvelle Série 560;0701;8.0
btv1b108853631;;;1301-1400;0.0;;heb;domaine public;Bibliothèque nationale de France. Département des Manuscrits. Hébreu 640;1301;14.0
btv1b9080824p;;;1201-1300;0.0;;lat;domaine public;Bibliothèque nationale de France. Département des manuscrits. Latin 14928;1201;13.0
btv1b9076959t;;;1001-1100;0.0;;lat;domaine public;Bibliothèque nationale de France. Département des Manuscrits. Latin 8040;1001;11.0
btv1b11002052j;;;1222;0.0;;ara;domaine public;Bibliothèque nationale de France. Département des manuscrits. Arabe 2913;1222;13.0
btv1b8426804w;;;1370-1400;0.0;;ita;domaine public;Bibliothèque nationale de France. Département des Manuscrits. italien 71;1370;14.0
btv1b52505734r;;;1301-1700;0.0;;lat;domaine public;Bibliothèque nationale de France. Département des Manuscrits. NAL 2019;1301;14.0
btv1b10032483f;;;1201-1300;0.0;;lat;domaine public;Bibliothèque nationale de France. Département des manuscrits. Latin 16285;1201;13.0
btv1b84469390;;;1401-1500;0.0;;lat;domaine public;Bibliothèque nationale de France. Département des Manuscrits. Latin 5784;1401;15.0
btv1b9067961x;;;1425-1450;0.0;;lat;domaine public;Bibliothèque nationale de France. Département des Manuscrits. Latin 18025;1425;15.0
btv1b10080846h;;;1301-1800;0.0;;fre;domaine public;Bibliothèque nationale de France. Département des Manuscrits. Français 28362 (Pièces originales 1878);1301;14.0
btv1b10721915m;;;1001-1100;0.0;;grc;domaine public;Bibliothèque nationale de France. Département des Manuscrits. Supplément grec 1273;1001;11.0
btv1b84328965;;;1500-1505;0.0;;lat;domaine public;Bibliothèque nationale de France. Département des Manuscrits. NAL 3027;1500;15.0
btv1b90684106;;;1301-1400;0.0;;lat;domaine public;Bibliothèque nationale de France. Département des Manuscrits. Latin 6543;1301;14.0
btv1b9066144b;;;1086-1100;0.0;;lat;domaine public;Bibliothèque nationale de France. Département des Manuscrits. Latin 12268;1086;11.0
btv1b10892772s;;;0801-1000;0.0;;chi;domaine public;Bibliothèque nationale de France. Département des Manuscrits. Pelliot chinois 5021 G;0801;9.0
btv1b90777032;;;1301-1400;0.0;;lat;domaine public;Bibliothèque nationale de France. Département des manuscrits. Latin 9787;1301;14.0
btv1b100816300;;;1076-1125;0.0;;grc;domaine public;Bibliothèque nationale de France. Département des Manuscrits. Coislin 78;1076;11.0
btv1b10032319v;;;1301-1400;0.0;;lat;domaine public;Bibliothèque nationale de France. Département des manuscrits. Latin 15066;1301;14.0
btv1b9078391k;;;1458;0.0;;lat;domaine public;Bibliothèque nationale de France. Département des manuscrits. Latin 6447;1458;15.0
btv1b10036340f;;;1401-1500;0.0;;lat;domaine public;Bibliothèque nationale de France. Département des Manuscrits. Latin 8372;1401;15.0
btv1b52522242z;;;0701-1000;0.0;;ine;domaine public;Bibliothèque nationale de France. Département des Manuscrits. Pelliot Koutchéen Nouvelle Série 1099;0701;8.0
btv1b108931578;;;0801-0900;0.0;;chi;domaine public;Bibliothèque nationale de France. Département des Manuscrits. Pelliot chinois 3705 Pièce 5;0801;9.0
btv1b10887838m;;;1401-1500;0.0;;fre;domaine public;Bibliothèque nationale de France. Bibliothèque de l'Arsenal. Ms-2886;1401;15.0
btv1b9077987f;;;1401-1500;0.0;;lat;domaine public;Bibliothèque nationale de France. Département des Manuscrits. Latin 1477;1401;15.0
btv1b10224553h;;;1301-1400;0.0;;lat;domaine public;Bibliothèque nationale et universitaire de Strasbourg. Ms.0.285;1301;14.0
btv1b10034058m;;;1401-1700;0.0;;fre;domaine public;Bibliothèque nationale de France. Département des Manuscrits. Dupuy 760;1401;15.0
btv1b100965654;;;0901-1000;0.0;;chi;domaine public;Bibliothèque nationale de France. Département des Manuscrits. Pelliot chinois 4520;0901;10.0
btv1b8451641r;;;0801-0900;0.0;;lat;domaine public;Bibliothèque municipale de Valenciennes. Ms. 81 (74);0801;9.0
btv1b10033525k;;;0901-1100;0.0;;lat;domaine public;Bibliothèque nationale de France. Département des Manuscrits. NAL 1620;0901;10.0
btv1b10096891q;;;0901-1000;0.0;;chi;domaine public;Bibliothèque nationale de France. Département des Manuscrits. Pelliot chinois 3707;0901;10.0
btv1b107219592;;;1439;0.0;;grc;domaine public;Bibliothèque nationale de France. Département des Manuscrits. Grec 17 A;1439;15.0
btv1b9058234n;;;1470-1480;0.0;;fre;domaine public;Bibliothèque nationale de France. Département des Manuscrits. Français 1048;1470;15.0
btv1b100835360;;;1301-1800;0.0;;fre;domaine public;Bibliothèque nationale de France. Département des Manuscrits. Français 27253 (Pièces originales 769);1301;14.0
btv1b108678954;;;1001-1100;0.0;;grc;domaine public;Bibliothèque nationale de France. Département des Manuscrits. Grec 2983;1001;11.0
btv1b8438673b;;;1400;0.0;;cat;domaine public;Bibliothèque nationale de France. Département des Manuscrits. Espagnol 205;1400;14.0
btv1b9060068j;;;1401-1500;0.0;;fre;domaine public;Bibliothèque nationale de France. Département des Manuscrits. Français 2896;1401;15.0
btv1b10039207k;;;1201-1300;0.0;;lat;domaine public;Bibliothèque nationale de France. Département des manuscrits. Latin 15247;1201;13.0
btv1b10720042r;;;1418;0.0;;heb;domaine public;Bibliothèque nationale de France. Département des Manuscrits. Hébreu 407;1418;15.0
btv1b10033129v;;;1301-1400;0.0;;lat;domaine public;Bibliothèque nationale de France. Département des manuscrits. Latin 8008;1301;14.0
btv1b10035436r;;;1250-1300;0.0;;lat;domaine public;Bibliothèque nationale de France. Département des Manuscrits. Latin 18044;1250;13.0
btv1b100360354;;;0801-0900;0.0;;lat;domaine public;Bibliothèque nationale de France. Département des Manuscrits. Latin 13440;0801;9.0
btv1b9078408d;;;1001-1100;0.0;;lat;domaine public;Bibliothèque nationale de France. Département des Manuscrits. Latin 5563;1001;11.0
btv1b8422977w;;;1301-1400;0.0;;lat;domaine public;Bibliothèque nationale de France. Département des Manuscrits. Latin 12584;1301;14.0
btv1b10034396h;;;1275-1300;0.0;;lat;domaine public;Bibliothèque nationale de France. Département des manuscrits. NAL 284;1275;13.0
btv1b52526951z;;;1301-1400;0.0;;lat;domaine public;Bibliothèque nationale de France. Département des Manuscrits. Latin 3194;1301;14.0
btv1b10097320t;;;0901-1000;0.0;;chi;domaine public;Bibliothèque nationale de France. Département des Manuscrits. Pelliot chinois 3549;0901;10.0
btv1b525128564;;;1401-1500;0.0;;lat;domaine public;Bibliothèque nationale de France. Département des Manuscrits. Latin 1010;1401;15.0
btv1b8455790t;;;1365-1370;0.0;;lat;domaine public;Bibliothèque nationale de France. Département des Manuscrits. NAF 1409;1365;14.0
btv1b10866847m;;;1101-1200;0.0;;lat;domaine public;Bibliothèque nationale de France. Département des Manuscrits. Latin 2201;1101;12.0
btv1b100969055;;;0901-1000;0.0;;chi;domaine public;Bibliothèque nationale de France. Département des Manuscrits. Pelliot chinois 4003;0901;10.0
btv1b52515869x;;;13160101-18021231;0.0;;lat;domaine public;Bibliothèque nationale de France. Département des Manuscrits. Chappée 13, 24;1316;14.0
btv1b10037558j;;;1301-1400;0.0;;ara;domaine public;Bibliothèque nationale de France. Département des manuscrits. Arabe 2581;1301;14.0
btv1b525272701;;;0850-0875;0.0;;lat;domaine public;Bibliothèque nationale de France. Département des Manuscrits. Latin 323;0850;9.0
btv1b525268862;;;1101-1200;0.0;;grc;domaine public;Bibliothèque nationale de France. Département des Manuscrits. Supplément grec 914;1101;12.0
btv1b10720645c;;;1401-1500;0.0;;fre;domaine public;Bibliothèque nationale de France. Département des manuscrits. Français 4979;1401;15.0
btv1b10081739d;;;1301-1800;0.0;;fre;domaine public;Bibliothèque nationale de France. Département des Manuscrits. Français 27129 (Pièces originales 645);1301;14.0
btv1b10515892q;;;0801-0900;0.0;;lat;domaine public;Bibliothèque nationale de France. Département des Manuscrits. NAL 1615;0801;9.0
btv1b10866982d;;;1460-1461;0.0;;fre;domaine public;Bibliothèque nationale de France. Département des Manuscrits. Français 147;1460;15.0
btv1b10545865r;;;1470;0.0;;heb;domaine public;Bibliothèque nationale de France. Département des Manuscrits. Hébreu 940;1470;15.0
btv1b8451609j;;;1400-1410;0.0;;lat;domaine public;Bibliothèque nationale de France. Département des Manuscrits. Latin 7917;1400;14.0
btv1b10092497h;;;1275-1325;0.0;;per;domaine public;Bibliothèque nationale de France. Département des Manuscrits. Supplément persan 57;1275;13.0
btv1b10868424m;;;1500-1505;0.0;;lat;domaine public;Bibliothèque nationale de France. Département des Manuscrits. NAL 3027;1500;15.0
btv1b60004306;;;1301-1400;0.0;;fre;domaine public;Bibliothèque nationale de France. Département des Manuscrits. Français 22543;1301;14.0
btv1b84469375;;;1101-1200;0.0;;lat;domaine public;Bibliothèque nationale de France. Département des Manuscrits. Latin 7492;1101;12.0
btv1b6000521k;;;1493;0.0;;pra;domaine public;Bibliothèque nationale de France. Département des Manuscrits. Sanscrit 1453;1493;15.0
btv1b52504622q;;;1401-1500;0.0;;ita;domaine public;Bibliothèque nationale de France. Département des Manuscrits. italien 906;1401;15.0
btv1b90594923;;;1401-1500;0.0;;fre;domaine public;Bibliothèque nationale de France. Département des Manuscrits. Français 2647;1401;15.0
btv1b10097937n;;;0801-0900;0.0;;chi;domaine public;Bibliothèque nationale de France. Département des Manuscrits. Pelliot chinois 4796;0801;9.0
btv1b525147622;;;14850101-14881231;0.0;;lat;domaine public;Bibliothèque nationale de France. Département des Manuscrits. Chappée 12, 18;1485;15.0
btv1b52509150w;;;1101-1200;0.0;;lat;domaine public;Bibliothèque nationale de France. Bibliothèque de l'Arsenal. Ms-987;1101;12.0
btv1b101082996;;;1401-1500;0.0;;lat;domaine public;Bibliothèque nationale et universitaire de Strasbourg. Ms.0.020;1401;15.0
btv1b8300366m;;;0701-0800;0.0;;;domaine public;Bibliothèque nationale de France. Département des Manuscrits. Pelliot chinois 5029 F 8;0701;8.0
btv1b107244611;;;1001-1100;0.0;;grc;domaine public;Bibliothèque nationale de France. Département des Manuscrits. Grec 964;1001;11.0
btv1b110007351;;;1401-1600;0.0;;ara;domaine public;Bibliothèque nationale de France. Département des Manuscrits. Arabe 1367;1401;15.0
btv1b107222193;;;1001-1100;0.0;;grc;domaine public;Bibliothèque nationale de France. Département des Manuscrits. Grec 1457;1001;11.0
btv1b9081061h;;;1201-1300;0.0;;lat;domaine public;Bibliothèque nationale de France. Département des manuscrits. Latin 15950;1201;13.0
btv1b84516084;;;1405-1410;0.0;;lat;domaine public;Bibliothèque nationale de France. Département des Manuscrits. Latin 7789;1405;15.0
btv1b9067764g;;;1301-1400;0.0;;lat;domaine public;Bibliothèque nationale de France. Département des Manuscrits. Latin 6334;1301;14.0
btv1b52506111n;;;1401-1500;0.0;;fre;domaine public;Bibliothèque nationale de France. Département des Manuscrits. Français 25549;1401;15.0
btv1b110016350;;;1377;0.0;;ara;domaine public;Bibliothèque nationale de France. Département des manuscrits. Arabe 2331;1377;14.0
btv1b52508765g;;;1201-1225;0.0;;lat;domaine public;Bibliothèque nationale de France. Département des manuscrits. Latin 14937;1201;13.0
btv1b10037290g;;;0801-1000;0.0;;lat;domaine public;Bibliothèque nationale de France. Département des Manuscrits. NAL 1605;0801;9.0
btv1b8300677f;;;0901-1000;0.0;;chi;domaine public;Bibliothèque nationale de France. Département des Manuscrits. Pelliot chinois 4606;0901;10.0
btv1b10868136s;;;1001-1100;0.0;;lat;domaine public;Bibliothèque nationale de France. Département des Manuscrits. Latin 5547;1001;11.0
btv1b9063084k;;;1401-1500;0.0;;fre;domaine public;Bibliothèque nationale de France. Département des Manuscrits. Français 9738;1401;15.0
btv1b9078091j;;;1473;0.0;;lat;domaine public;Bibliothèque nationale de France. Département des Manuscrits. Latin 13964;1473;15.0
btv1b105090434;;;1295-1297;0.0;;lat;domaine public;Bibliothèque nationale de France. Département des Manuscrits. Latin 9187;1295;13.0
btv1b9063835v;;;1401-1500;0.0;;fre;domaine public;Bibliothèque nationale de France. Département des manuscrits. Français 20316;1401;15.0
btv1b10721381f;;;1301-1400;0.0;;lat;domaine public;Bibliothèque nationale de France. Département des Manuscrits. Latin 6041A;1301;14.0
btv1b10088757r;;;1444;0.0;;ara;domaine public;Bibliothèque nationale de France. Département des Manuscrits. Arabe 2831;1444;15.0
btv1b90595555;;;1401-1500;0.0;;fre;domaine public;Bibliothèque nationale de France. Département des Manuscrits. Français 1852;1401;15.0
btv1b52518327h;;;0801-1000;0.0;;chi;domaine public;Bibliothèque nationale de France. Département des Manuscrits. Pelliot chinois 3944;0801;9.0
btv1b90684336;;;1401-1425;0.0;;lat;domaine public;Bibliothèque nationale de France. Département des Manuscrits. Latin 1201;1401;15.0
btv1b9009603d;;;1401-1500;0.0;;fre;domaine public;Bibliothèque nationale de France. Département des Manuscrits. Français 24296;1401;15.0
btv1b52516505v;;;13120101-18121231;0.0;;lat;domaine public;Bibliothèque nationale de France. Département des Manuscrits. Chappée 17.2, 50;1312;14.0
btv1b9059379w;;;1459-1463;0.0;;fre;domaine public;Bibliothèque nationale de France. Département des Manuscrits. Français 51;1459;15.0
btv1b100836225;;;1301-1800;0.0;;fre;domaine public;Bibliothèque nationale de France. Département des Manuscrits. Français 28713 (Pièces originales 2229);1301;14.0
btv1b10722166f;;;1201-1300;0.0;;grc;domaine public;Bibliothèque nationale de France. Département des Manuscrits. Grec 162;1201;13.0
btv1b10097506f;;;0701-0800;0.0;;chi;domaine public;Bibliothèque nationale de France. Département des Manuscrits. Pelliot chinois 3731;0701;8.0
btv1b10036300s;;;1301-1600;0.0;;lat;domaine public;Bibliothèque nationale de France. Département des Manuscrits. NAL 1857;1301;14.0
btv1b90666301;;;1201-1300;0.0;;lat;domaine public;Bibliothèque nationale de France. Département des Manuscrits. Latin 15572;1201;13.0
btv1b8492081m;;;1401-1500;0.0;;lat;domaine public;Bibliothèque nationale de France. Département des Manuscrits. Latin 8263;1401;15.0
btv1b90661999;;;1401-1500;0.0;;lat;domaine public;Bibliothèque nationale de France. Département des Manuscrits. Latin 6500;1401;15.0
btv1b10081219p;;;1301-1800;0.0;;fre;domaine public;Bibliothèque nationale de France. Département des Manuscrits. Français 29129 (Pièces originales 2645);1301;14.0
btv1b9078403b;;;1301-1400;0.0;;lat;domaine public;Bibliothèque nationale de France. Département des Manuscrits. Latin 10527;1301;14.0
btv1b104671135;;;1301-1400;0.0;;fre;Conditions spécifiques d'utilisation (sous convention Europeana ARMA - CC BY-SA 2.0).;Bibliothèque nationale de France. Bibliothèque de l'Arsenal. Ms-3348;1301;14.0
btv1b52522027m;;;14990426-14990601;0.0;;lat;domaine public;Bibliothèque nationale de France. Département des Manuscrits. Chappée 104, 97;1499;15.0
btv1b10866313p;;;0825-0850;0.0;;lat;domaine public;Bibliothèque nationale de France. Département des Manuscrits. Latin 265;0825;9.0
btv1b10551096b;;;1001-1015;0.0;;lat;domaine public;Bibliothèque nationale de France. Département des Manuscrits. Latin 12637;1001;11.0
btv1b10097993b;;;0701-0800;0.0;;chi;domaine public;Bibliothèque nationale de France. Département des Manuscrits. Pelliot chinois 4863;0701;8.0
btv1b8300969x;;;0801-0900;0.0;;chi;domaine public;Bibliothèque nationale de France. Département des Manuscrits. Pelliot chinois 4011;0801;9.0
btv1b100817523;;;1301-1800;0.0;;fre;domaine public;Bibliothèque nationale de France. Département des Manuscrits. Français 26730 (Pièces originales 246);1301;14.0
btv1b90726658;;;1201-1300;0.0;;lat;domaine public;Bibliothèque nationale de France. Département des manuscrits. Latin 15599;1201;13.0
btv1b90724163;;;1201-1300;0.0;;lat;domaine public;Bibliothèque nationale de France. Département des Manuscrits. Latin 341;1201;13.0
btv1b9062240s;;;1401-1800;0.0;;fre;domaine public;Bibliothèque nationale de France. Département des Manuscrits. Français 20433;1401;15.0
btv1b100353388;;;1301-1400;0.0;;lat;domaine public;Bibliothèque nationale de France. Département des Manuscrits. Latin 4481;1301;14.0
btv1b9066479k;;;0901-0950;0.0;;lat;domaine public;Bibliothèque nationale de France. Département des Manuscrits. Latin 7533;0901;10.0
btv1b10076711d;;;1390-1400;0.0;;fre;domaine public;Bibliothèque nationale de France. Département des Manuscrits. Français 9106;1390;14.0
btv1b10542200q;;;1301-1400;0.0;;heb;domaine public;Bibliothèque nationale de France. Département des Manuscrits. Hébreu 653;1301;14.0
btv1b525068833;;;1401-1500;0.0;;fre;domaine public;Bibliothèque nationale de France. Bibliothèque de l'Arsenal. Ms-2162;1401;15.0
btv1b9066770w;;;0801-1500;0.0;;lat;domaine public;Bibliothèque nationale de France. Département des Manuscrits. Latin 10400;0801;9.0
btv1b10092076q;;;1486-1515;0.0;;per;domaine public;Bibliothèque nationale de France. Département des Manuscrits. Persan 259;1486;15.0
btv1b10034526c;;;1401-1500;0.0;;lat;domaine public;Bibliothèque nationale de France. Département des manuscrits. NAL 102;1401;15.0
btv1b9072543b;;;1401-1500;0.0;;lat;domaine public;Bibliothèque nationale de France. Département des manuscrits. Latin 2348;1401;15.0
btv1b10097439n;;;0701-0800;0.0;;chi;domaine public;Bibliothèque nationale de France. Département des Manuscrits. Pelliot chinois 4840;0701;8.0
btv1b10722538m;;;1001-1100;0.0;;grc;domaine public;Bibliothèque nationale de France. Département des Manuscrits. Grec 1219;1001;11.0
btv1b53209762w;;;1440-1450;0.0;;lat;domaine public;Bibliothèque nationale de France. Département des Manuscrits. Latin 4931A;1440;15.0
btv1b9007332g;;;1401-1500;0.0;;fre;domaine public;Bibliothèque nationale de France. Département des Manuscrits. Français 2332;1401;15.0
btv1b52516899h;;;1201-1300;0.0;;lat;domaine public;Bibliothèque nationale de France. Département des Manuscrits. Latin 15419;1201;13.0
btv1b525192066;;;0801-0900;0.0;;lat;domaine public;Bibliothèque nationale de France. Département des Manuscrits. Latin 11574;0801;9.0
btv1b10084147p;;;1275-1400;0.0;;lat;domaine public;Bibliothèque nationale de France. Département des Manuscrits. Latin 2568;1275;13.0
btv1b90666108;;;1301-1400;0.0;;lat;domaine public;Bibliothèque nationale de France. Département des Manuscrits. Latin 8652A;1301;14.0
btv1b9059328k;;;1301-1400;0.0;;fre;domaine public;Bibliothèque nationale de France. Département des manuscrits. Français 2484;1301;14.0
btv1b10090684t;;;1476;0.0;;lat;domaine public;Bibliothèque nationale de France. Département des Manuscrits. Latin 12946;1476;15.0
btv1b525165694;;;14820101-17871231;0.0;;lat;domaine public;Bibliothèque nationale de France. Département des Manuscrits. Chappée 17.1, 23;1482;15.0
btv1b100358813;;;1401-1500;0.0;;lat;domaine public;Bibliothèque nationale de France. Département des Manuscrits. Latin 11393;1401;15.0
btv1b10723165b;;;1201-1300;0.0;;grc;domaine public;Bibliothèque nationale de France. Département des Manuscrits. Grec 151;1201;13.0
btv1b108681466;;;1480-1500;0.0;;spa;domaine public;Bibliothèque nationale de France. Département des Manuscrits. Espagnol 110;1480;15.0
btv1b9068014g;;;1460;0.0;;lat;domaine public;Bibliothèque nationale de France. Département des Manuscrits. Latin 7910;1460;15.0
btv1b8496557x;;;1415-1420;0.0;;lat;domaine public;Bibliothèque nationale de France. Département des Manuscrits. Latin 924;1415;15.0
btv1b9006886f;;;1401-1500;0.0;;fre;domaine public;Bibliothèque nationale de France. Département des Manuscrits. Français 1239;1401;15.0
btv1b10096543d;;;0801-0900;0.0;;chi;domaine public;Bibliothèque nationale de France. Département des Manuscrits. Pelliot chinois 3568;0801;9.0
btv1b10036099d;;;1401-1500;0.0;;lat;domaine public;Bibliothèque nationale de France. Département des Manuscrits. Latin 1616;1401;15.0
btv1b110052312;;;1201-1300;0.0;;grc;domaine public;Bibliothèque nationale de France. Département des Manuscrits. Supplément grec 659;1201;13.0
btv1b10097349p;;;0701-0800;0.0;;chi;domaine public;Bibliothèque nationale de France. Département des Manuscrits. Pelliot chinois 3854;0701;8.0
btv1b10560065m;;;1301-1500;0.0;;lat;domaine public;Bibliothèque municipale de Toulouse. Ms. 92;1301;14.0
btv1b100368516;;;1427;0.0;;lat;domaine public;Bibliothèque nationale de France. Département des Manuscrits. Latin 6933;1427;15.0
btv1b52520986c;;;1425-1430;0.0;;fre;domaine public;Bibliothèque nationale de France. Département des Manuscrits. Français 2605;1425;15.0
btv1b10892842x;;;0801-1000;0.0;;chi;domaine public;Bibliothèque nationale de France. Département des Manuscrits. Pelliot chinois 5025 (3);0801;9.0
btv1b10720121v;;;1401-1500;0.0;;heb;domaine public;Bibliothèque nationale de France. Département des Manuscrits. Hébreu 920;1401;15.0
btv1b105388518;;;0501-0600;0.0;;grc;domaine public;Bibliothèque nationale de France. Département des Manuscrits. Supplément grec 1286, bifeuillet 39/40;0501;6.0
btv1b85856056;;;0701-0800;0.0;;lat;domaine public;Bibliothèque nationale de France. Département des Manuscrits. NAL 1740;0701;8.0
btv1b9076773d;;;1001-1600;0.0;;lat;domaine public;Bibliothèque nationale de France. Département des Manuscrits. Latin 14193;1001;11.0
btv1b10035924b;;;1425-1450;0.0;;lat;domaine public;Bibliothèque nationale de France. Département des manuscrits. NAL 3196;1425;15.0
btv1b525084620;;;0826-0855;0.0;;lat;domaine public;Bibliothèque nationale de France. Département des Manuscrits. Latin 9428;0826;9.0
btv1b10224715h;;;1461;0.0;;lat;domaine public;Bibliothèque nationale et universitaire de Strasbourg. Ms.0.041;1461;15.0
btv1b10892884g;;;0901-1000;0.0;;chi;domaine public;Bibliothèque nationale de France. Département des Manuscrits. Pelliot chinois 3691 Pièce 8;0901;10.0
btv1b10050934n;;;1325;0.0;;;domaine public;Bibliothèque municipale de Rouen, Ms O 4 fdeg 145 detail;1325;14.0
btv1b10097925b;;;0801-0900;0.0;;chi;domaine public;Bibliothèque nationale de France. Département des Manuscrits. Pelliot chinois 4782;0801;9.0
btv1b10096922n;;;0801-0900;0.0;;chi;domaine public;Bibliothèque nationale de France. Département des Manuscrits. Pelliot chinois 3715;0801;9.0
btv1b105434359;;;1086-1100;0.0;;lat;domaine public;Bibliothèque nationale de France. Département des Manuscrits. Latin 5148A;1086;11.0
btv1b108684559;;;1300-1380;0.0;;fre;domaine public;Bibliothèque nationale de France. Département des Manuscrits. Français 1999;1300;13.0
btv1b100334864;;;1301-1400;0.0;;lat;domaine public;Bibliothèque nationale de France. Département des Manuscrits. Latin 4531;1301;14.0
btv1b52501697t;;;1225-1275;0.0;;lat;domaine public;Bibliothèque nationale de France. Département des manuscrits. Latin 13466;1225;13.0
btv1b52522620r;;;0701-1000;0.0;;ine;domaine public;Bibliothèque nationale de France. Département des Manuscrits. Pelliot Koutchéen Nouvelle Série 825;0701;8.0
btv1b100346202;;;1201-1300;0.0;;lat;domaine public;Bibliothèque nationale de France. Département des Manuscrits. Latin 149;1201;13.0
btv1b10092249k;;;134104;0.0;;per;domaine public;Bibliothèque nationale de France. Département des Manuscrits. Persan 15;1341;14.0
btv1b9072606d;;;1301-1400;0.0;;lat;domaine public;Bibliothèque nationale de France. Département des Manuscrits. Latin 7131;1301;14.0
btv1b11000942v;;;1457;0.0;;ara;domaine public;Bibliothèque nationale de France. Département des manuscrits. Arabe 1784;1457;15.0
btv1b8300355t;;;0701-0800;0.0;;;domaine public;Bibliothèque nationale de France. Département des Manuscrits. Pelliot chinois 5029 D 11;0701;8.0
btv1b90593045;;;1456;0.0;;fre;domaine public;Bibliothèque nationale de France. Département des Manuscrits. Français 1287;1456;15.0
btv1b10554632c;;;0801-0900;0.0;;;domaine public;Montpellier Méditerranée Métropole - Médiathèque centrale Emile Zola. MS0012-02;0801;9.0
btv1b10037157k;;;1401-1500;0.0;;lat;domaine public;Bibliothèque nationale de France. Département des manuscrits. Latin 8209;1401;15.0
btv1b10722964k;;;1401-1500;0.0;;grc;domaine public;Bibliothèque nationale de France. Département des Manuscrits. Grec 2563;1401;15.0
btv1b525086369;;;0701-0800;0.0;;chi;domaine public;Bibliothèque nationale de France. Département des Manuscrits. Pelliot chinois 4620;0701;8.0
btv1b83078475;;;0801-1000;0.0;;;domaine public;Bibliothèque nationale de France. Département des Manuscrits. Pelliot chinois 5588, Pièce 9;0801;9.0
btv1b9066760h;;;1201-1300;0.0;;lat;domaine public;Bibliothèque nationale de France. Département des manuscrits. Latin 14435;1201;13.0
btv1b10893834r;;;0801-0900;0.0;;chi;domaine public;Bibliothèque nationale de France. Département des Manuscrits. Pelliot chinois 4900 (2);0801;9.0
btv1b10036370p;;;1251-1300;0.0;;lat;domaine public;Bibliothèque nationale de France. Département des manuscrits. Latin 13583;1251;13.0
btv1b100968334;;;0901-1000;0.0;;chi;domaine public;Bibliothèque nationale de France. Département des Manuscrits. Pelliot chinois 4084;0901;10.0
btv1b10037103q;;;1150-1200;0.0;;lat;domaine public;Bibliothèque nationale de France. Département des Manuscrits. Latin 9341;1150;12.0
btv1b84329100;;;1450-1460;0.0;;per;domaine public;Bibliothèque nationale de France. Département des Manuscrits. Supplément Persan 1112;1450;15.0
btv1b10035700z;;;1175-1225;0.0;;lat;domaine public;Bibliothèque nationale de France. Département des Manuscrits. Latin 3229;1175;12.0
btv1b10722791q;;;1401-1500;0.0;;grc;domaine public;Bibliothèque nationale de France. Département des Manuscrits. Grec 1613;1401;15.0
btv1b8300323v;;;0601-0700;0.0;;chi;domaine public;Bibliothèque nationale de France. Département des Manuscrits. Pelliot chinois 5023 D;0601;7.0
btv1b100271237;;;1344;0.0;;ara;domaine public;Bibliothèque nationale de France. Département des Manuscrits. Arabe 2222;1344;14.0
btv1b107242707;;;1001-1100;0.0;;grc;domaine public;Bibliothèque nationale de France. Département des Manuscrits. Grec 1166;1001;11.0
btv1b107217381;;;1465;0.0;;grc;domaine public;Bibliothèque nationale de France. Département des Manuscrits. Grec 1110;1465;15.0
btv1b9078229w;;;1001-1100;0.0;;lat;domaine public;Bibliothèque nationale de France. Département des Manuscrits. Latin 10195;1001;11.0
btv1b10037033k;;;0990-1015;0.0;;lat;domaine public;Bibliothèque nationale de France. Département des Manuscrits. Latin 8070;0990;10.0
btv1b8514386c;;;1150-1200;0.0;;lat;domaine public;Bibliothèque nationale de France. Département des Manuscrits. Latin 16743;1150;12.0
btv1b10074019n;;;1401-1500;0.0;;lat;domaine public;Bibliothèque nationale de France. Département des Manuscrits. Latin 3473;1401;15.0
btv1b83044844;;;-1295--1188;0.0;;egy;domaine public;Bibliothèque nationale de France. Département des Manuscrits. Egyptien 41;1295;13.0
btv1b10097608q;;;0801-1000;0.0;;chi;domaine public;Bibliothèque nationale de France. Département des Manuscrits. Pelliot chinois 6007;0801;9.0
btv1b9058945v;;;1201-1300;0.0;;fre;domaine public;Bibliothèque nationale de France. Département des Manuscrits. Français 2171;1201;13.0
btv1b90660477;;;1401-1500;0.0;;lat;domaine public;Bibliothèque nationale de France. Département des Manuscrits. Latin 14558;1401;15.0
btv1b52522586j;;;0701-1000;0.0;;ine;domaine public;Bibliothèque nationale de France. Département des Manuscrits. Pelliot Koutchéen Nouvelle Série 791;0701;8.0
btv1b90777974;;;1401-1500;0.0;;lat;domaine public;Bibliothèque nationale de France. Département des Manuscrits. Latin 5379;1401;15.0
btv1b525182776;;;1301-1800;0.0;;fre;domaine public;Bibliothèque nationale de France. Département des Manuscrits. PO 145, dossier 2864;1301;14.0
btv1b101040278;;;0901-1000;0.0;;lat;domaine public;Bibliothèque municipale de Rouen. Ms A 41;0901;10.0
btv1b9076511m;;;1301-1400;0.0;;lat;domaine public;Bibliothèque nationale de France. Département des Manuscrits. Latin 4672;1301;14.0
btv1b10720182s;;;1301-1400;0.0;;heb;domaine public;Bibliothèque nationale de France. Département des Manuscrits. Hébreu 764;1301;14.0
btv1b10545231f;;;1401-1500;0.0;;ger;domaine public;Bibliothèque nationale de France. Département des Manuscrits. Allemand 39;1401;15.0
btv1b10033852m;;;1101-1200;0.0;;lat;domaine public;Bibliothèque nationale de France. Département des manuscrits. Latin 16588;1101;12.0
btv1b8303184s;;;0701-0800;0.0;;chi;domaine public;Bibliothèque nationale de France. Département des Manuscrits. Pelliot chinois 3884;0701;8.0
btv1b10073784m;;;1201-1300;0.0;;lat;domaine public;Bibliothèque nationale de France. Département des Manuscrits. Latin 3865;1201;13.0
btv1b90623100;;;1201-1300;0.0;;fre;domaine public;Bibliothèque nationale de France. Département des Manuscrits. Français 18761;1201;13.0
btv1b10033284g;;;1001-1100;0.0;;lat;domaine public;Bibliothèque nationale de France. D partement des Manuscrits. Latin 8812;1001;11.0
btv1b9000216v;;;1101-1700;0.0;;fre;domaine public;Bibliothèque nationale de France. Département des Manuscrits. Clairambault 81;1101;12.0
btv1b85144006;;;1066;0.0;;grc;domaine public;Bibliothèque nationale de France. Département des Manuscrits. Grec 289;1066;11.0
btv1b53014827w;;;1500-1503;0.0;;lat;domaine public;Bibliothèque nationale de France. Département des Manuscrits. Latin 5891;1500;15.0
btv1b8300899q;;;0801-0900;0.0;;chi;domaine public;Bibliothèque nationale de France. Département des Manuscrits. Pelliot chinois 3756;0801;9.0
btv1b90724823;;;1275-1300;0.0;;lat;domaine public;Bibliothèque nationale de France. Département des manuscrits. Latin 3555;1275;13.0
btv1b100383584;;;1401-1500;0.0;;lat;domaine public;Bibliothèque nationale de France. Département des Manuscrits. Latin 7321;1401;15.0
btv1b525163231;;;14750101-18001231;0.0;;lat;domaine public;Bibliothèque nationale de France. Département des Manuscrits. Chappée 16, 49;1475;15.0
btv1b8301460s;;;0701-0800;0.0;;chi;domaine public;Bibliothèque nationale de France. Département des Manuscrits. Pelliot chinois 4932;0701;8.0
btv1b52514732t;;;14500720;0.0;;lat;domaine public;Bibliothèque nationale de France. Département des Manuscrits. Chappée 12, 20;1450;15.0
btv1b8302605k;;;0701-0800;0.0;;chi;domaine public;Bibliothèque nationale de France. Département des Manuscrits. Pelliot chinois 4978;0701;8.0
btv1b100241520;;;1401-1500;0.0;;lat;domaine public;Bibliothèque nationale de France. Département des Manuscrits. Latin 1184;1401;15.0
btv1b10722443d;;;1400-1500;0.0;;grc;domaine public;Bibliothèque nationale de France. Département des Manuscrits. Grec 2735;1400;14.0
btv1b9080757q;;;0901-0950;0.0;;lat;domaine public;Bibliothèque nationale de France. Département des Manuscrits. Latin 12404;0901;10.0
btv1b10720902h;;;1301-1500;0.0;;heb;domaine public;Bibliothèque nationale de France. Département des Manuscrits. Hébreu 1379;1301;14.0
btv1b52522178h;;;0701-1000;0.0;;ine;domaine public;Bibliothèque nationale de France. Département des Manuscrits. Pelliot Koutchéen Nouvelle Série 1035;0701;8.0
btv1b525009787;;;1201-1300;0.0;;lat;domaine public;Bibliothèque nationale de France. Département des manuscrits. Latin 15479;1201;13.0
btv1b9066493v;;;0801-0900;0.0;;lat;domaine public;Bibliothèque nationale de France. Département des manuscrits. Latin 7551;0801;9.0
btv1b84386169;;;1001-1100;0.0;;lat;domaine public;Bibliothèque nationale de France. Département des Manuscrits. Latin 2151;1001;11.0
btv1b10091721q;;;0901-1100;0.0;;syr;domaine public;Bibliothèque nationale de France. Département des Manuscrits. Syriaque 366;0901;10.0
btv1b9000702j;;;1475-1525;0.0;;fre;domaine public;Bibliothèque nationale de France. Département des Manuscrits. Lorraine 7;1475;15.0
btv1b11004346r;;;1500-1533;0.0;;;domaine public;Bibliothèque nationale de France. Département des Manuscrits. Supplément grec 119;1500;15.0
btv1b107208810;;;1380-1385;0.0;;fre;domaine public;Bibliothèque nationale de France. Département des Manuscrits. Français 24281;1380;14.0
btv1b90726050;;;0801-0900;0.0;;lat;domaine public;Bibliothèque nationale de France. Département des manuscrits. Latin 13160;0801;9.0
btv1b90766502;;;1101-1200;0.0;;lat;domaine public;Bibliothèque nationale de France. Département des Manuscrits. Latin 5923;1101;12.0
btv1b10844322b;;;1071-1130;0.0;;lat;domaine public;Bibliothèque nationale de France. Département des Manuscrits. Latin 2253;1071;11.0
btv1b10038165f;;;1201-1300;0.0;;lat;domaine public;Bibliothèque nationale de France. Département des manuscrits. Latin 6833;1201;13.0
btv1b85302173;;;1275-1400;0.0;;lat;domaine public;Bibliothèque nationale de France. Département des Manuscrits. Latin 976;1275;13.0
btv1b525130980;;;1401-1500;0.0;;fre;domaine public;Bibliothèque nationale de France. Département des Manuscrits. Français 1418;1401;15.0
btv1b525225173;;;0701-1000;0.0;;ine;domaine public;Bibliothèque nationale de France. Département des Manuscrits. Pelliot Koutchéen Nouvelle Série 721;0701;8.0
btv1b10073915x;;;1475-1600;0.0;;lat;domaine public;Bibliothèque nationale de France. Département des Manuscrits. Latin 1354;1475;15.0
btv1b10034378k;;;1401-1500;0.0;;lat;domaine public;Bibliothèque nationale de France. Département des manuscrits. Latin 5884;1401;15.0
btv1b52516158r;;;14820101-17871231;0.0;;lat;domaine public;Bibliothèque nationale de France. Département des Manuscrits. Chappée 17.1, 48;1482;15.0
btv1b84386755;;;0805-0815;0.0;;lat;domaine public;Bibliothèque nationale de France. Département des Manuscrits. Latin 4629;0805;9.0
btv1b85945920;;;0801-0900;0.0;;lat;domaine public;Bibliothèque nationale de France. Département des Manuscrits. Latin 12237;0801;9.0
btv1b110047055;;;1101-1200;0.0;;grc;domaine public;Bibliothèque nationale de France. Département des Manuscrits. Supplément grec 564;1101;12.0
btv1b90684210;;;1401-1500;0.0;;lat;domaine public;Bibliothèque nationale de France. Département des Manuscrits. Latin 7151;1401;15.0
btv1b52000973m;;;1401-1500;0.0;;lat;domaine public;Bibliothèque nationale de France. Département des Manuscrits. Latin 5404;1401;15.0
btv1b10032808w;;;1401-1500;0.0;;cat;domaine public;Bibliothèque nationale de France. Département des Manuscrits. Espagnol 13;1401;15.0
btv1b105462003;;;1301-1400;0.0;;fre;domaine public;Bibliothèque nationale de France. Département des Manuscrits. Hébreu 1243;1301;14.0
btv1b8300964v;;;0901-1000;0.0;;chi;domaine public;Bibliothèque nationale de France. Département des Manuscrits. Pelliot chinois 3978;0901;10.0
btv1b52516013g;;;14760101-17721231;0.0;;lat;domaine public;Bibliothèque nationale de France. Département des Manuscrits. Chappée 15, 31;1476;15.0
btv1b10722367n;;;0901-1000;0.0;;grc;domaine public;Bibliothèque nationale de France. Département des Manuscrits. Grec 1491;0901;10.0
btv1b525067504;;;1486-1500;0.0;;ota;domaine public;Bibliothèque nationale de France. Département des manuscrits. Supplément turc 1288;1486;15.0
btv1b8454017z;;;1301-1400;0.0;;lat;domaine public;Bibliothèque municipale de Bourges. Mss. 33;1301;14.0
btv1b105572374;;;1401-1500;0.0;;;domaine public;Montpellier Méditerranée Métropole - Médiathèque centrale Emile Zola. RTG003;1401;15.0
btv1b10097563k;;;0901-1000;0.0;;chi;domaine public;Bibliothèque nationale de France. Département des Manuscrits. Pelliot chinois 3946;0901;10.0
btv1b10034236n;;;0675-1718;0.0;;fre;domaine public;Bibliothèque nationale de France. Département des Manuscrits. Moreau 7;0675;7.0
btv1b10097322q;;;0901-1000;0.0;;chi;domaine public;Bibliothèque nationale de France. Département des Manuscrits. Pelliot chinois 3584;0901;10.0
btv1b9066899q;;;1101-1200;0.0;;lat;domaine public;Bibliothèque nationale de France. Département des manuscrits. Latin 564;1101;12.0
btv1b8540960s;;;1101-1200;0.0;;lat;domaine public;Bibliothèque nationale de France. Département des manuscrits. Latin 2715;1101;12.0
btv1b9077793g;;;1101-1200;0.0;;lat;domaine public;Bibliothèque nationale de France. Département des Manuscrits. Latin 5058A;1101;12.0
btv1b9061671d;;;1301-1400;0.0;;fre;domaine public;Bibliothèque nationale de France. Département des Manuscrits. Français 12323;1301;14.0
btv1b108934508;;;0801-1000;0.0;;chi;domaine public;Bibliothèque nationale de France. Département des Manuscrits. Pelliot chinois 5578 (1);0801;9.0
btv1b10081214f;;;1301-1800;0.0;;fre;domaine public;Bibliothèque nationale de France. Département des Manuscrits. Français 27806 (Pièces originales 1322);1301;14.0
btv1b10036903d;;;1301-1400;0.0;;lat;domaine public;Bibliothèque nationale de France. Département des Manuscrits. Latin 5508;1301;14.0
btv1b52516023w;;;14760101-17721231;0.0;;lat;domaine public;Bibliothèque nationale de France. Département des Manuscrits. Chappée 15, 3;1476;15.0
btv1b10037232w;;;1301-1400;0.0;;lat;domaine public;Bibliothèque nationale de France. Département des manuscrits. NAL 1471;1301;14.0
btv1b10515411f;;;0801-0900;0.0;;grc;domaine public;Bibliothèque nationale de France. Département des Manuscrits. Supplément grec 1362;0801;9.0
btv1b53209763b;;;1401-1500;0.0;;lat;domaine public;Bibliothèque nationale de France. Département des Manuscrits. Latin 6939;1401;15.0
btv1b108847977;;;0901-1000;0.0;;lat;domaine public;Bibliothèque nationale de France. Département des Manuscrits. Latin 6601;0901;10.0
btv1b90809560;;;1175-1200;0.0;;lat;domaine public;Bibliothèque nationale de France. Département des Manuscrits. Latin 5047;1175;12.0
btv1b105399510;;;0901-0950;0.0;;lat;domaine public;Bibliothèque nationale de France. Département des Manuscrits. Latin 2135;0901;10.0
btv1b10866563h;;;1401-1500;0.0;;lat;domaine public;Bibliothèque nationale de France. Département des Manuscrits. Latin 7018;1401;15.0
btv1b10721478j;;;1201-1300;0.0;;grc;domaine public;Bibliothèque nationale de France. Département des Manuscrits. Grec 353;1201;13.0
btv1b525141760;;;1401-1500;0.0;;lat;domaine public;Bibliothèque nationale de France. Département des Manuscrits. Latin 7292;1401;15.0
btv1b11000139j;;;1001-1100;0.0;;grc;domaine public;Bibliothèque nationale de France. Département des Manuscrits. Coislin 197;1001;11.0
btv1b9081041r;;;1401-1500;0.0;;lat;domaine public;Bibliothèque nationale de France. Département des manuscrits. Latin 17407;1401;15.0
btv1b100820198;;;1301-1800;0.0;;fre;domaine public;Bibliothèque nationale de France. Département des Manuscrits. Français 26884 (Pièces originales 400);1301;14.0
btv1b90677046;;;1401-1500;0.0;;lat;domaine public;Bibliothèque nationale de France. Département des Manuscrits. Latin 5068;1401;15.0
btv1b10097753x;;;0801-0900;0.0;;chi;domaine public;Bibliothèque nationale de France. Département des Manuscrits. Pelliot chinois 4531;0801;9.0
btv1b10033046z;;;1301-1400;0.0;;ita;domaine public;Bibliothèque nationale de France. Département des Manuscrits. italien 579;1301;14.0
btv1b8426826g;;;1450-1475;0.0;;ita;domaine public;Bibliothèque nationale de France. Département des Manuscrits. italien 487;1450;15.0
btv1b10097421n;;;0701-0800;0.0;;chi;domaine public;Bibliothèque nationale de France. Département des Manuscrits. Pelliot chinois 3593;0701;8.0
btv1b8454670d;;;1401-1500;0.0;;fre;domaine public;Bibliothèque nationale de France. Département des Manuscrits. Français 765;1401;15.0
btv1b90766376;;;1201-1300;0.0;;lat;domaine public;Bibliothèque nationale de France. Département des manuscrits. Latin 16221;1201;13.0
btv1b10720090x;;;1486;0.0;;heb;domaine public;Bibliothèque nationale de France. Département des Manuscrits. Hébreu 950;1486;15.0
btv1b9067045q;;;1301-1400;0.0;;lat;domaine public;Bibliothèque nationale de France. Département des Manuscrits. Latin 8427;1301;14.0
btv1b9077687d;;;1301-1400;0.0;;lat;domaine public;Bibliothèque nationale de France. Département des manuscrits. Latin 9873;1301;14.0
btv1b9077933w;;;1375-1425;0.0;;lat;domaine public;Bibliothèque nationale de France. Département des Manuscrits. Latin 6353;1375;14.0
btv1b9007639d;;;1270-1320;0.0;;fre;domaine public;Bibliothèque nationale de France. Département des Manuscrits. Français 13496;1270;13.0
btv1b107222159;;;1401-1500;0.0;;grc;domaine public;Bibliothèque nationale de France. Département des Manuscrits. Grec 1372;1401;15.0
btv1b53184852b;;;1301-1325;0.0;;fre;domaine public;Bibliothèque nationale de France. Département des Manuscrits. Français 5388;1301;14.0
btv1b90581616;;;1401-1500;0.0;;fre;domaine public;Bibliothèque nationale de France. Département des Manuscrits. Français 205;1401;15.0
btv1b10036444m;;;0801-0900;0.0;;lat;domaine public;Bibliothèque nationale de France. Département des manuscrits. Latin 11328;0801;9.0
btv1b108682348;;;1290-1310;0.0;;fre;domaine public;Bibliothèque nationale de France. Département des Manuscrits. Français 1043;1290;13.0
btv1b110001366;;;1001-1100;0.0;;grc;domaine public;Bibliothèque nationale de France. Département des Manuscrits. Coislin 23;1001;11.0
btv1b10073780t;;;1301-1400;0.0;;lat;domaine public;Bibliothèque nationale de France. Département des Manuscrits. Latin 3887;1301;14.0
btv1b90781232;;;0801-0900;0.0;;lat;domaine public;Bibliothèque nationale de France. Département des Manuscrits. Latin 259;0801;9.0
btv1b90660247;;;1401-1500;0.0;;lat;domaine public;Bibliothèque nationale de France. Département des Manuscrits. Latin 5723;1401;15.0
btv1b9076823v;;;1301-1400;0.0;;lat;domaine public;Bibliothèque nationale de France. Département des Manuscrits. Latin 4486A;1301;14.0
btv1b100816374;;;1301-1800;0.0;;fre;domaine public;Bibliothèque nationale de France. Département des Manuscrits. Français 26529 (Pièces originales 45);1301;14.0
btv1b100338621;;;0901-1000;0.0;;lat;domaine public;Bibliothèque nationale de France. Département des manuscrits. Latin 7973;0901;10.0
btv1b9067173c;;;1301-1400;0.0;;lat;domaine public;Bibliothèque nationale de France. Département des manuscrits. Latin 16536;1301;14.0
btv1b100362565;;;1401-1500;0.0;;lat;domaine public;Bibliothèque nationale de France. Département des Manuscrits. NAL 3006;1401;15.0
btv1b10868046t;;;1301-1400;0.0;;lat;domaine public;Bibliothèque nationale de France. Département des Manuscrits. Latin 431;1301;14.0
btv1b10090091m;;;1201-1400;0.0;;fre;domaine public;Bibliothèque nationale de France. Département des Manuscrits. NAF 6351;1201;13.0
btv1b9059015x;;;1401-1500;0.0;;fre;domaine public;Bibliothèque nationale de France. Département des Manuscrits. Français 2154;1401;15.0
btv1b100385778;;;0801-0900;0.0;;lat;domaine public;Bibliothèque nationale de France. Département des manuscrits. Latin 1866;0801;9.0
btv1b10030086k;;;1294;0.0;;ara;domaine public;Bibliothèque nationale de France. Département des Manuscrits. Arabe 6759;1294;13.0
btv1b10560239x;;;1301-1400;0.0;;Pro;domaine public;Bibliothèque municipale de Toulouse. Ms. 1272;1301;14.0
btv1b10853197p;;;0701-0800;0.0;;lat;domaine public;Bibliothèque nationale de France. Département des Manuscrits. Latin 12598;0701;8.0
btv1b8539722x;;;1175-1300;0.0;;lat;domaine public;Bibliothèque nationale de France. Département des manuscrits. Latin 1973;1175;12.0
btv1b525133302;;;0701-0750;0.0;;lat;domaine public;Bibliothèque nationale de France. Département des Manuscrits. Latin 9377;0701;8.0
btv1b52525983r;;;1401-1500;0.0;;fre;domaine public;Bibliothèque nationale de France. Département des Manuscrits. Français 9197;1401;15.0
btv1b10468046q;;;1301-1400;0.0;;grc;domaine public;Bibliothèque nationale de France. Département des Manuscrits. Grec 2105;1301;14.0
btv1b9066489z;;;1401-1500;0.0;;lat;domaine public;Bibliothèque nationale de France. Département des Manuscrits. Latin 7280;1401;15.0
btv1b10077132r;;;1001-1100;0.0;;grc;domaine public;Bibliothèque nationale de France. Département des Manuscrits. Grec 749;1001;11.0
btv1b100328310;;;1301-1400;0.0;;lat;domaine public;Bibliothèque nationale de France. Département des manuscrits. Latin 573;1301;14.0
btv1b9076771k;;;1101-1500;0.0;;lat;domaine public;Bibliothèque nationale de France. Département des manuscrits. Latin 10152;1101;12.0
btv1b105423344;;;1290;0.0;;heb;domaine public;Bibliothèque nationale de France. Département des Manuscrits. Hébreu 370;1290;13.0
btv1b110013619;;;1338;0.0;;ara;domaine public;Bibliothèque nationale de France. Département des Manuscrits. Arabe 987;1338;14.0
btv1b9009520k;;;1416-1420;0.0;;fre;domaine public;Bibliothèque nationale de France. Département des Manuscrits. Français 226;1416;15.0
btv1b6000370c;;;1201-1600;0.0;;;domaine public;Bibliothèque nationale de France. Département des Manuscrits. NAF 934;1201;13.0
btv1b8301182b;;;0601-0700;0.0;;chi;domaine public;Bibliothèque nationale de France. Département des Manuscrits. Pelliot chinois 4838;0601;7.0
btv1b100810851;;;1301-1800;0.0;;fre;domaine public;Bibliothèque nationale de France. Département des Manuscrits. Français 27894 (Pièces originales 1410);1301;14.0
btv1b525073717;;;1301-1700;0.0;;lat;domaine public;Bibliothèque nationale de France. Département des Manuscrits. NAL 2002;1301;14.0
btv1b10464768q;;;1201-1300;0.0;;lat;domaine public;Bibliothèque nationale de France. Département des Manuscrits. Latin 589A;1201;13.0
btv1b110038090;;;1442;0.0;;ara;domaine public;Bibliothèque nationale de France. Département des manuscrits. Arabe 4438;1442;15.0
btv1b100979099;;;0801-1000;0.0;;chi;domaine public;Bibliothèque nationale de France. Département des Manuscrits. Pelliot chinois 4761;0801;9.0
btv1b9077971k;;;1401-1500;0.0;;lat;domaine public;Bibliothèque nationale de France. Département des Manuscrits. Latin 7381;1401;15.0
btv1b9066654f;;;1101-1200;0.0;;lat;domaine public;Bibliothèque nationale de France. Département des Manuscrits. Latin 13875;1101;12.0
btv1b52502691g;;;1470;0.0;;lat;domaine public;Bibliothèque nationale de France. Département des Manuscrits. Latin 7822;1470;15.0
btv1b10511088k;;;1401-1500;0.0;;fre;domaine public;Bibliothèque nationale de France. Département des Manuscrits. Français 257;1401;15.0
btv1b10527648k;;;1325-1350;0.0;;ita;domaine public;Bibliothèque nationale de France. Département des Manuscrits. Italien 115;1325;14.0
btv1b10463866v;;;1401-1472;0.0;;ara;domaine public;Bibliothèque nationale de France. Département des Manuscrits. Arabe 2258;1401;15.0
btv1b525060063;;;1480-1500;0.0;;lat;domaine public;Bibliothèque nationale de France. Département des manuscrits. Latin 3581;1480;15.0
btv1b10023855n;;;1101-1200;0.0;;lat;domaine public;Bibliothèque nationale de France. Département des Manuscrits. Latin 6734;1101;12.0
btv1b525238844;;;1301-1400;0.0;;lat;domaine public;Bibliothèque nationale de France. Département des Manuscrits. Latin 4046;1301;14.0
btv1b10036899f;;;1475-1500;0.0;;lat;domaine public;Bibliothèque nationale de France. Département des manuscrits. Latin 18611;1475;15.0
btv1b9067714k;;;1301-1400;0.0;;lat;domaine public;Bibliothèque nationale de France. Département des Manuscrits. Latin 4896A;1301;14.0
btv1b10093290z;;;1450-1460;0.0;;per;domaine public;Bibliothèque nationale de France. Département des Manuscrits. Supplément Persan 1112;1450;15.0
btv1b110001472;;;1001-1100;0.0;;grc;domaine public;Bibliothèque nationale de France. Département des Manuscrits. Coislin 110;1001;11.0
btv1b107219128;;;1401-1500;0.0;;grc;domaine public;Bibliothèque nationale de France. Département des Manuscrits. Grec 1054;1401;15.0
btv1b10722011r;;;1401-1500;0.0;;grc;domaine public;Bibliothèque nationale de France. Département des Manuscrits. Grec 1754;1401;15.0
btv1b11001761t;;;1384-1385;0.0;;ara;domaine public;Bibliothèque nationale de France. Département des Manuscrits. Arabe 2682;1384;14.0
btv1b10723974b;;;1301-1400;0.0;;grc;domaine public;Bibliothèque nationale de France. Département des Manuscrits. Grec 569;1301;14.0
btv1b525225569;;;0701-1000;0.0;;ine;domaine public;Bibliothèque nationale de France. Département des Manuscrits. Pelliot Koutchéen Nouvelle Série 761;0701;8.0
btv1b90679504;;;1301-1400;0.0;;lat;domaine public;Bibliothèque nationale de France. Département des Manuscrits. Latin 6657;1301;14.0
btv1b105399817;;;1401-1500;0.0;;heb;domaine public;Bibliothèque nationale de France. Département des manuscrits. Hébreu 183;1401;15.0
btv1b52500053r;;;0801-0900;0.0;;lat;domaine public;Bibliothèque nationale de France. Département des Manuscrits. Latin 4408;0801;9.0
btv1b10024762p;;;1401-1500;0.0;;lat;domaine public;Bibliothèque nationale de France. Département des Manuscrits. Latin 922;1401;15.0
btv1b110052369;;;1301-1400;0.0;;grc;domaine public;Bibliothèque nationale de France. Département des Manuscrits. Supplément grec 338;1301;14.0
btv1b9072447n;;;1101-1300;0.0;;lat;domaine public;Bibliothèque nationale de France. Département des Manuscrits. Latin 5231;1101;12.0
btv1b8303281w;;;0901-1000;0.0;;chi;domaine public;Bibliothèque nationale de France. Département des Manuscrits. Pelliot chinois 3718;0901;10.0
btv1b84526219;;;1101-1200;0.0;;lat;domaine public;Bibliothèque municipale de Valenciennes. Ms.65;1101;12.0
btv1b10559059s;;;1401-1500;0.0;;lat;domaine public;Bibliothèque municipale de Nantes. Ms 3340;1401;15.0
btv1b9059173q;;;1201-1300;0.0;;fre;domaine public;Bibliothèque nationale de France. Département des Manuscrits. Français 792;1201;13.0
btv1b9063975q;;;1401-1500;0.0;;fre;domaine public;Bibliothèque nationale de France. Département des manuscrits. Français 22939;1401;15.0
btv1b55013484n;;;1401-1500;0.0;;lat;domaine public;Bibliothèque nationale de France. Département des Manuscrits. Latin 7889;1401;15.0
btv1b9058825r;;;1201-1300;0.0;;fre;domaine public;Bibliothèque nationale de France. Département des Manuscrits. Français 1318;1201;13.0
btv1b10467326p;;;1470-1480;0.0;;fre;Conditions spécifiques d'utilisation (sous convention Europeana ARMA - CC BY-SA 2.0).;Bibliothèque nationale de France. Département des Manuscrits. Français 34;1470;15.0
btv1b10037899s;;;1001-1100;0.0;;grc;domaine public;Bibliothèque nationale de France. Département des Manuscrits. Coislin 218;1001;11.0
btv1b55013387m;;;1497;0.0;;fre;domaine public;Bibliothèque nationale de France. Département des Manuscrits. Français 8815;1497;15.0
btv1b10032932t;;;1401-1500;0.0;;lat;domaine public;Bibliothèque nationale de France. Département des manuscrits. Latin 6120;1401;15.0
btv1b11003547m;;;1073;0.0;;ara;domaine public;Bibliothèque nationale de France. Département des manuscrits. Arabe 4073;1073;11.0
btv1b105569828;;;1301-1400;0.0;;lat;domaine public;Bibliothèque municipale de Metz. Ms. 289;1301;14.0
btv1b10081479x;;;1301-1800;0.0;;fre;domaine public;Bibliothèque nationale de France. Département des Manuscrits. Français 28162 (Pièces originales 1678);1301;14.0
btv1b10097983x;;;0701-0800;0.0;;chi;domaine public;Bibliothèque nationale de France. Département des Manuscrits. Pelliot chinois 4853;0701;8.0
btv1b52519462n;;;1301-1800;0.0;;fre;domaine public;Bibliothèque nationale de France. Département des Manuscrits. PO 268, dossier 5883;1301;14.0
btv1b10539330f;;;1232;0.0;;heb;domaine public;Bibliothèque nationale de France. Département des Manuscrits. Hébreu 25;1232;13.0
btv1b10030172r;;;1301-1900;0.0;;ara;domaine public;Bibliothèque nationale de France. Département des Manuscrits. Arabe 6892;1301;14.0
btv1b10031605f;;;1401-1500;0.0;;ara;domaine public;Bibliothèque nationale de France. Département des Manuscrits. Arabe 6547;1401;15.0
btv1b100970466;;;0801-1000;0.0;;chi;domaine public;Bibliothèque nationale de France. Département des Manuscrits. Pelliot chinois 4972;0801;9.0
btv1b10722234p;;;1201-1300;0.0;;grc;domaine public;Bibliothèque nationale de France. Département des Manuscrits. Grec 2994;1201;13.0
btv1b84268148;;;1301-1400;0.0;;ita;domaine public;Bibliothèque nationale de France. Département des Manuscrits. italien 481;1301;14.0
btv1b105409946;;;1001-1050;0.0;;lat;domaine public;Bibliothèque nationale de France. Département des Manuscrits. Latin 3793;1001;11.0
btv1b8470042b;;;1401-1500;0.0;;fre;domaine public;Bibliothèque nationale de France. Département des Manuscrits. Français 25204;1401;15.0
btv1b10560202j;;;1201-1300;0.0;;lat;domaine public;Bibliothèque municipale de Toulouse. Ms. 814;1201;13.0
btv1b8551130g;;;1353-1354;0.0;;fre;domaine public;Bibliothèque nationale de France. Département des Manuscrits. Français 4274;1353;14.0
btv1b11004028p;;;1101-1200;0.0;;grc;domaine public;Bibliothèque nationale de France. Département des Manuscrits. Coislin 362;1101;12.0
btv1b9067264r;;;1201-1300;0.0;;lat;domaine public;Bibliothèque nationale de France. Département des Manuscrits. Latin 15847;1201;13.0
btv1b10038050d;;;0901-0915;0.0;;grc;domaine public;Bibliothèque nationale de France. Département des Manuscrits. Coislin 368;0901;10.0
btv1b107235864;;;1401-1500;0.0;;grc;domaine public;Bibliothèque nationale de France. Département des Manuscrits. Grec 2623;1401;15.0
btv1b10720281q;;;1301-1500;0.0;;heb;domaine public;Bibliothèque nationale de France. Département des Manuscrits. Hébreu 596;1301;14.0
btv1b100976110;;;0801-1000;0.0;;chi;domaine public;Bibliothèque nationale de France. Département des Manuscrits. Pelliot chinois 6010;0801;9.0
btv1b10093289k;;;1450-1460;0.0;;per;domaine public;Bibliothèque nationale de France. Département des Manuscrits. Supplément Persan 1112;1450;15.0
btv1b10721323v;;;1447-1448;0.0;;heb;domaine public;Bibliothèque nationale de France. Département des Manuscrits. Hébreu 619;1447;15.0
btv1b11003895x;;;1301-1400;0.0;;ara;domaine public;Bibliothèque nationale de France. Département des manuscrits. Arabe 4295;1301;14.0
btv1b100334953;;;1401-1500;0.0;;ita;domaine public;Bibliothèque nationale de France. Département des Manuscrits. italien 1095;1401;15.0
btv1b11004420m;;;1301-1400;0.0;;ara;domaine public;Bibliothèque nationale de France. Département des Manuscrits. Arabe 731;1301;14.0
btv1b9076943z;;;1176-1200;0.0;;lat;domaine public;Bibliothèque nationale de France. Département des Manuscrits. Latin 7593;1176;12.0
btv1b52522340f;;;0701-1000;0.0;;ine;domaine public;Bibliothèque nationale de France. Département des Manuscrits. Pelliot Koutchéen Nouvelle Série 539;0701;8.0
btv1b9066891d;;;0801-0900;0.0;;lat;domaine public;Bibliothèque nationale de France. Département des manuscrits. Latin 1564;0801;9.0
btv1b100321962;;;0901-1000;0.0;;lat;domaine public;Bibliothèque nationale de France. Département des manuscrits. Latin 10884;0901;10.0
btv1b6000517p;;;1301-1350;0.0;;lat;domaine public;Bibliothèque nationale de France. Département des Manuscrits. Latin 6823;1301;14.0
btv1b9059679x;;;1401-1500;0.0;;fre;domaine public;Bibliothèque nationale de France. Département des Manuscrits. Français 1006;1401;15.0
btv1b52525122s;;;1401-1500;0.0;;fre;domaine public;Bibliothèque nationale de France. Département des Manuscrits. Français 12444;1401;15.0
btv1b8442907s;;;1101-1200;0.0;;lat;domaine public;Bibliothèque nationale de France. Département des Manuscrits. Latin 14772;1101;12.0
btv1b10098053m;;;0801-1000;0.0;;chi;domaine public;Bibliothèque nationale de France. Département des Manuscrits. Pelliot chinois 6029;0801;9.0
btv1b6000710g;;;0968-1000;0.0;;lat;domaine public;Bibliothèque nationale de France. Département des Manuscrits. Latin 17626;0968;10.0
btv1b85624088;;;0700-0725;0.0;;lat;domaine public;Bibliothèque nationale de France. Département des Manuscrits. Latin 17654;0700;7.0
btv1b52505164q;;;1339;0.0;;lat;domaine public;Bibliothèque nationale de France. Département des Manuscrits. Latin 3914;1339;14.0
btv1b8448996n;;;0801-0900;0.0;;lat;domaine public;Bibliothèque Carnegie de Reims. Ms. 377;0801;9.0
btv1b90002675;;;1101-1700;0.0;;fre;domaine public;Bibliothèque nationale de France. Département des Manuscrits. Clairambault 76;1101;12.0
btv1b10508753v;;;1201-1300;0.0;;lat;domaine public;Bibliothèque nationale de France. Département des manuscrits. Latin 18567;1201;13.0
btv1b10559058b;;;1410-1430;0.0;;fre;domaine public;Bibliothèque municipale de Nantes. Ms 3072;1410;15.0
btv1b100367009;;;1301-1400;0.0;;lat;domaine public;Bibliothèque nationale de France. Département des manuscrits. NAL 1487;1301;14.0
btv1b9061879d;;;1401-1700;0.0;;fre;domaine public;Bibliothèque nationale de France. Département des Manuscrits. Français 15572;1401;15.0
btv1b9058102b;;;1401-1500;0.0;;fre;domaine public;Bibliothèque nationale de France. Département des Manuscrits. Français 990;1401;15.0
btv1b52524278k;;;1301-1350;0.0;;lat;domaine public;Bibliothèque nationale de France. Département des Manuscrits. Latin 5681;1301;14.0
btv1b9061353f;;;1201-1300;0.0;;fre;domaine public;Bibliothèque nationale de France. Département des Manuscrits. Français 14962;1201;13.0
btv1b525225512;;;0701-1000;0.0;;ine;domaine public;Bibliothèque nationale de France. Département des Manuscrits. Pelliot Koutchéen Nouvelle Série 756;0701;8.0
btv1b9060552d;;;1401-1500;0.0;;fre;domaine public;Bibliothèque nationale de France. Département des Manuscrits. Français 610;1401;15.0
btv1b10034771z;;;1101-1200;0.0;;lat;domaine public;Bibliothèque nationale de France. Département des manuscrits. Latin 2877A;1101;12.0
btv1b10077172d;;;1059;0.0;;grc;domaine public;Bibliothèque nationale de France. Département des Manuscrits. Coislin 263;1059;11.0
btv1b10036674m;;;1401-1500;0.0;;lat;domaine public;Bibliothèque nationale de France. Département des Manuscrits. Latin 7917A;1401;15.0
btv1b10037044f;;;1401-1500;0.0;;lat;domaine public;Bibliothèque nationale de France. Département des Manuscrits. NAL 661;1401;15.0
btv1b52507374k;;;1401-1600;0.0;;lat;domaine public;Bibliothèque nationale de France. Département des Manuscrits. NAL 977;1401;15.0
btv1b10722469x;;;1201-1300;0.0;;grc;domaine public;Bibliothèque nationale de France. Département des Manuscrits. Grec 2852;1201;13.0
btv1b8300514k;;;0701-0800;0.0;;;domaine public;Bibliothèque nationale de France. Département des Manuscrits. Pelliot chinois 5029 L 44;0701;8.0
btv1b525030045;;;1401-1500;0.0;;lat;domaine public;Bibliothèque nationale de France. Département des Manuscrits. Latin 7281;1401;15.0
btv1b10080876r;;;1301-1800;0.0;;fre;domaine public;Bibliothèque nationale de France. Département des Manuscrits. Français 28708 (Pièces originales 2224);1301;14.0
btv1b100224940;;;1201-1300;0.0;;grc;domaine public;Bibliothèque nationale de France. Département des Manuscrits. Grec 2695;1201;13.0
btv1b85624140;;;1201-1300;0.0;;lat;domaine public;Bibliothèque nationale de France. Département des manuscrits. Latin 16855;1201;13.0
btv1b100933531;;;1301-1500;0.0;;gez;domaine public;Bibliothèque nationale de France. Département des Manuscrits. Éthiopien 40;1301;14.0
btv1b10840056v;;;1179-1200;0.0;;lat;domaine public;Bibliothèque nationale de France. Département des Manuscrits. Latin 17656;1179;12.0
btv1b9067748c;;;1190-1210;0.0;;;domaine public;Bibliothèque nationale de France. Département des Manuscrits. Latin 16880;1190;12.0
btv1b107233831;;;1372;0.0;;grc;domaine public;Bibliothèque nationale de France. Département des Manuscrits. Grec 1634;1372;14.0
btv1b525002757;;;0901-1000;0.0;;lat;domaine public;Bibliothèque nationale de France. Département des Manuscrits. Latin 10757;0901;10.0
btv1b100966536;;;0601-0700;0.0;;chi;domaine public;Bibliothèque nationale de France. Département des Manuscrits. Pelliot chinois 3709;0601;7.0
btv1b525238520;;;1300-1325;0.0;;grc;domaine public;Bibliothèque nationale de France. Département des Manuscrits. Grec 2722;1300;13.0
btv1b110001220;;;1376-1425;0.0;;grc;domaine public;Bibliothèque nationale de France. Département des Manuscrits. Coislin 56;1376;14.0
btv1b10076543s;;;1401-1500;0.0;;lat;domaine public;Bibliothèque nationale de France. Département des Manuscrits. Latin 8838;1401;15.0
btv1b8300331d;;;0701-0800;0.0;;chi;domaine public;Bibliothèque nationale de France. Département des Manuscrits. Pelliot chinois 5028 (6);0701;8.0
btv1b9059314j;;;1401-1500;0.0;;fre;domaine public;Bibliothèque nationale de France. Département des Manuscrits. Français 1170;1401;15.0
btv1b10720679d;;;1401-1500;0.0;;fre;domaine public;Bibliothèque nationale de France. Département des Manuscrits. Français 12478;1401;15.0
btv1b11000231b;;;1401-1500;0.0;;grc;domaine public;Bibliothèque nationale de France. Département des Manuscrits. Grec 349;1401;15.0
btv1b90683897;;;1101-1200;0.0;;lat;domaine public;Bibliothèque nationale de France. Département des Manuscrits. Latin 12259;1101;12.0
btv1b10721560x;;;1301-1400;0.0;;grc;domaine public;Bibliothèque nationale de France. Département des Manuscrits. Grec 1551;1301;14.0
btv1b8301047j;;;0801-0900;0.0;;chi;domaine public;Bibliothèque nationale de France. Département des Manuscrits. Pelliot chinois 5579 (1);0801;9.0
btv1b10538857z;;;0676-0725;0.0;;grc;domaine public;Bibliothèque nationale de France. Département des Manuscrits. Supplément grec 1291 (V);0676;7.0
btv1b10551142v;;;1201-1300;0.0;;heb;domaine public;Bibliothèque nationale de France. Département des Manuscrits. Hébreu 379;1201;13.0
btv1b10052146m;;;1325;0.0;;;domaine public;Bibliothèque municipale de Rouen, Ms O 4 fdeg 167v detail;1325;14.0
btv1b8438665s;;;1350-1400;0.0;;cat;domaine public;Bibliothèque nationale de France. Département des Manuscrits. Espagnol 212;1350;14.0
btv1b8301695p;;;0801-1000;0.0;;chi;domaine public;Bibliothèque nationale de France. Département des Manuscrits. Pelliot chinois 5021 D;0801;9.0
btv1b52527467h;;;1301-1800;0.0;;fre;domaine public;Bibliothèque nationale de France. Département des Manuscrits. PO 1281, dossier 28836;1301;14.0
btv1b100959407;;;0801-0900;0.0;;chi;domaine public;Bibliothèque nationale de France. Département des Manuscrits. Pelliot chinois 4983;0801;9.0
btv1b10038578q;;;0801-0900;0.0;;lat;domaine public;Bibliothèque nationale de France. Département des Manuscrits. Latin 1868;0801;9.0
btv1b9058806d;;;1405;0.0;;fre;domaine public;Bibliothèque nationale de France. Département des Manuscrits. Français 120;1405;15.0
btv1b52522562x;;;0701-1000;0.0;;ine;domaine public;Bibliothèque nationale de France. Département des Manuscrits. Pelliot Koutchéen Nouvelle Série 767;0701;8.0
btv1b8300810z;;;0701-0800;0.0;;chi;domaine public;Bibliothèque nationale de France. Département des Manuscrits. Pelliot chinois 4073;0701;8.0
btv1b9064636w;;;1401-1600;0.0;;heb;domaine public;Bibliothèque nationale de France. Département des Manuscrits. Hébreu 1241;1401;15.0
btv1b9059576b;;;1401-1500;0.0;;fre;domaine public;Bibliothèque nationale de France. Département des Manuscrits. Français 1786;1401;15.0
btv1b8300248b;;;0901-1000;0.0;;chi;domaine public;Bibliothèque nationale de France. Département des Manuscrits. Pelliot chinois 3801;0901;10.0
btv1b110002193;;;1001-1100;0.0;;grc;domaine public;Bibliothèque nationale de France. Département des Manuscrits. Supplément grec 631;1001;11.0
btv1b100369271;;;1401-1500;0.0;;lat;domaine public;Bibliothèque nationale de France. Département des manuscrits. Latin 6041C;1401;15.0
btv1b90029943;;;1284;0.0;;heb;domaine public;Bibliothèque nationale de France. Département des Manuscrits. Hébreu 35;1284;13.0
btv1b107234285;;;1150-1250;0.0;;grc;domaine public;Bibliothèque nationale de France. Département des Manuscrits. Grec 1484;1150;12.0
btv1b10036375x;;;1465;0.0;;lat;domaine public;Bibliothèque nationale de France. Département des Manuscrits. Latin 4586;1465;15.0
btv1b10465184t;;;1483;0.0;;fre;domaine public;Bibliothèque nationale de France. Département des Manuscrits. Français 1195;1483;15.0
btv1b90677632;;;1301-1400;0.0;;lat;domaine public;Bibliothèque nationale de France. Département des Manuscrits. Latin 6297;1301;14.0
btv1b10033011g;;;1186-1200;0.0;;lat;domaine public;Bibliothèque nationale de France. Département des Manuscrits. Latin 1990;1186;12.0
btv1b85946129;;;1001-1100;0.0;;grc;domaine public;Bibliothèque nationale de France. Département des Manuscrits. Supplément grec 679;1001;11.0
btv1b90591514;;;1399-1402;0.0;;fre;domaine public;Bibliothèque nationale de France. Département des Manuscrits. Français 604;1399;14.0
btv1b52522341w;;;0701-1000;0.0;;ine;domaine public;Bibliothèque nationale de France. Département des Manuscrits. Pelliot Koutchéen Nouvelle Série 540;0701;8.0
btv1b525045069;;;1101-1200;0.0;;lat;domaine public;Bibliothèque nationale de France. Département des manuscrits. Latin 1885;1101;12.0
btv1b9078032p;;;1301-1400;0.0;;lat;domaine public;Bibliothèque nationale de France. Département des Manuscrits. Latin 7293;1301;14.0
btv1b90676466;;;1175-1200;0.0;;lat;domaine public;Bibliothèque nationale de France. Département des Manuscrits. Latin 3823;1175;12.0
btv1b10720026q;;;1492;0.0;;heb;domaine public;Bibliothèque nationale de France. Département des Manuscrits. Hébreu 968;1492;15.0
btv1b11004557c;;;1301-1400;0.0;;grc;domaine public;Bibliothèque nationale de France. Département des Manuscrits. Coislin 37;1301;14.0
btv1b100389374;;;1101-1200;0.0;;lat;domaine public;Bibliothèque nationale de France. Département des Manuscrits. Latin 14773;1101;12.0
btv1b100323387;;;1001-1200;0.0;;lat;domaine public;Bibliothèque nationale de France. Département des Manuscrits. Latin 2987;1001;11.0
btv1b10077220t;;;1001-1100;0.0;;lat;domaine public;Bibliothèque nationale de France. Département des Manuscrits. Latin 10500;1001;11.0
btv1b85143990;;;0939;0.0;;grc;domaine public;Bibliothèque nationale de France. Département des Manuscrits. Grec 781;0939;10.0
btv1b10546494c;;;1051-1100;0.0;;lat;domaine public;Bibliothèque nationale de France. Département des Manuscrits. NAL 1630;1051;11.0
btv1b11001680t;;;1417;0.0;;ara;domaine public;Bibliothèque nationale de France. Département des Manuscrits. Arabe 2127;1417;15.0
btv1b100891677;;;1290-1310;0.0;;fre;domaine public;Bibliothèque nationale de France. Département des Manuscrits. NAF 1731;1290;13.0
btv1b52514758b;;;14400112;0.0;;lat;domaine public;Bibliothèque nationale de France. Département des Manuscrits. Chappée 12, 13;1440;15.0
btv1b52521627j;;;0501-0600;0.0;;grc;domaine public;Bibliothèque nationale de France. Département des Manuscrits. Supplément grec 1286, folio 30;0501;6.0
btv1b9068021m;;;1301-1400;0.0;;lat;domaine public;Bibliothèque nationale de France. Département des Manuscrits. Latin 1269;1301;14.0
btv1b90076617;;;1301-1400;0.0;;fre;domaine public;Bibliothèque nationale de France. Département des Manuscrits. Français 409;1301;14.0
btv1b11001972f;;;1401-1500;0.0;;ara;domaine public;Bibliothèque nationale de France. Département des manuscrits. Arabe 2266;1401;15.0
btv1b10033016q;;;1201-1800;0.0;;fre;domaine public;Bibliothèque nationale de France. Département des Manuscrits. Périgord 121;1201;13.0
btv1b52514038v;;;1401-1500;0.0;;lat;domaine public;Bibliothèque nationale de France. Département des Manuscrits. Latin 7401;1401;15.0
btv1b105452552;;;1401-1500;0.0;;heb;domaine public;Bibliothèque nationale de France. Département des Manuscrits. Hébreu 1165;1401;15.0
btv1b52503310x;;;1401-1500;0.0;;heb;domaine public;Bibliothèque nationale de France. Département des Manuscrits. Hébreu 1489 (8);1401;15.0
btv1b52522252c;;;0701-1000;0.0;;ine;domaine public;Bibliothèque nationale de France. Département des Manuscrits. Pelliot Koutchéen Nouvelle Série 1109;0701;8.0
btv1b90583325;;;1301-1400;0.0;;fre;domaine public;Bibliothèque nationale de France. Département des Manuscrits. Français 1453;1301;14.0
btv1b100967687;;;0701-0900;0.0;;chi;domaine public;Bibliothèque nationale de France. Département des Manuscrits. Pelliot chinois 3600;0701;8.0
btv1b110046173;;;1452;0.0;;ara;domaine public;Bibliothèque nationale de France. Département des Manuscrits. Arabe 178;1452;15.0
btv1b90666353;;;1201-1300;0.0;;lat;domaine public;Bibliothèque nationale de France. Département des Manuscrits. Latin 16405;1201;13.0
btv1b52525597f;;;1301-1400;0.0;;fre;domaine public;Bibliothèque nationale de France. Département des Manuscrits. Français 10132;1301;14.0
btv1b52511105m;;;1301-1400;0.0;;lat;domaine public;Bibliothèque nationale de France. Département des Manuscrits. NAL 2032;1301;14.0
btv1b532731652;;;1401-1500;0.0;;lat;domaine public;Bibliothèque nationale de France. Département des Manuscrits. Latin 4083;1401;15.0
btv1b9072430c;;;1275-1400;0.0;;lat;domaine public;Bibliothèque nationale de France. Département des Manuscrits. Latin 1028;1275;13.0
btv1b10038434w;;;1440-1450;0.0;;lat;domaine public;Bibliothèque nationale de France. Département des Manuscrits. Latin 17287;1440;15.0
btv1b9059213s;;;1201-1300;0.0;;fre;domaine public;Bibliothèque nationale de France. Département des Manuscrits. Français 1536;1201;13.0
btv1b83008366;;;0601-0800;0.0;;chi;domaine public;Bibliothèque nationale de France. Département des Manuscrits. Pelliot chinois 5027 7;0601;7.0
btv1b52522638r;;;0701-1000;0.0;;ine;domaine public;Bibliothèque nationale de France. Département des Manuscrits. Pelliot Koutchéen Nouvelle Série 843;0701;8.0
btv1b105420770;;;1141-1160;0.0;;lat;domaine public;Bibliothèque nationale de France. Département des Manuscrits. Latin 2825;1141;12.0
btv1b90666657;;;1218-1623;0.0;;lat;domaine public;Bibliothèque nationale de France. Département des Manuscrits. Latin 9003;1218;13.0
btv1b105494126;;;1301-1400;0.0;;heb;domaine public;Bibliothèque nationale de France. Département des Manuscrits. Hébreu 367;1301;14.0
btv1b10723171z;;;1201-1300;0.0;;grc;domaine public;Bibliothèque nationale de France. Département des Manuscrits. Grec 2681;1201;13.0
btv1b10721161v;;;1301-1500;0.0;;lat;domaine public;Bibliothèque nationale de France. Département des Manuscrits. Latin 5696;1301;14.0
btv1b10721606h;;;1401-1500;0.0;;grc;domaine public;Bibliothèque nationale de France. Département des Manuscrits. Grec 1974;1401;15.0
btv1b10101954j;;;1401-1501;0.0;;ita;domaine public;Bibliothèque municipale de Rouen. Ms O 23;1401;15.0
btv1b10039165s;;;1101-1200;0.0;;lat;domaine public;Bibliothèque nationale de France. Département des manuscrits. Latin 332;1101;12.0
btv1b10544210t;;;1141-1160;0.0;;lat;domaine public;Bibliothèque nationale de France. Département des Manuscrits. Latin 2202A;1141;12.0
btv1b525149672;;;1301-1400;0.0;;lat;domaine public;Bibliothèque nationale de France. Département des Manuscrits. Latin 6055;1301;14.0
btv1b10038048k;;;1301-1800;0.0;;fre;domaine public;Bibliothèque nationale de France. Département des Manuscrits. Français 27767 (Pièces originales 1283);1301;14.0
btv1b10893460p;;;0901-1000;0.0;;chi;domaine public;Bibliothèque nationale de France. Département des Manuscrits. Pelliot chinois 5579 (6);0901;10.0
btv1b10035263w;;;0801-0900;0.0;;lat;domaine public;Bibliothèque nationale de France. Département des Manuscrits. Latin 11635;0801;9.0
btv1b10088925c;;;1495-1500;0.0;;fre;domaine public;Bibliothèque nationale de France. Département des Manuscrits. NAF 24920;1495;15.0
btv1b10038923x;;;1301-1400;0.0;;lat;domaine public;Bibliothèque nationale de France. Département des Manuscrits. Latin 5434;1301;14.0
btv1b10097561p;;;0901-1000;0.0;;chi;domaine public;Bibliothèque nationale de France. Département des Manuscrits. Pelliot chinois 3942;0901;10.0
btv1b8448994t;;;0801-0825;0.0;;lat;domaine public;Bibliothèque Carnegie de Reims. Ms. 373;0801;9.0
btv1b7200010r;;;1340-1350;0.0;;fre;domaine public;Bibliothèque nationale de France. Département des Manuscrits. Français 9561;1340;14.0
btv1b105484764;;;0901-1000;0.0;;lat;domaine public;Bibliothèque nationale de France. Département des Manuscrits. Latin 8674;0901;10.0
btv1b100215049;;;1401-1500;0.0;;fre;domaine public;Bibliothèque nationale de France. Département des Manuscrits. Français 9087;1401;15.0
btv1b10035278j;;;1401-1500;0.0;;lat;domaine public;Bibliothèque nationale de France. Département des Manuscrits. Latin 14068;1401;15.0
btv1b11000401v;;;1301-1400;0.0;;ara;domaine public;Bibliothèque nationale de France. Département des Manuscrits. Arabe 100;1301;14.0
btv1b9072556z;;;1001-1100;0.0;;lat;domaine public;Bibliothèque nationale de France. Département des Manuscrits. Latin 12959;1001;11.0
btv1b105548324;;;0701-0800;0.0;;;domaine public;Montpellier Méditerranée Métropole - Médiathèque centrale Emile Zola. MS0003-01;0701;8.0
btv1b10720238s;;;1401-1500;0.0;;heb;domaine public;Bibliothèque nationale de France. Département des Manuscrits. Hébreu 930;1401;15.0
btv1b100771855;;;1301-1400;0.0;;grc;domaine public;Bibliothèque nationale de France. Département des Manuscrits. Grec 2032;1301;14.0
btv1b52505725s;;;1301-1350;0.0;;fre;domaine public;Bibliothèque nationale de France. Département des Manuscrits. Français 12584;1301;14.0
btv1b10033787q;;;1401-1500;0.0;;lat;domaine public;Bibliothèque nationale de France. Département des manuscrits. Latin 7065;1401;15.0
btv1b105570430;;;1401-1500;0.0;;lat;domaine public;Bibliothèque municipale de Metz. Ms. 455;1401;15.0
btv1b8422979q;;;1051-1100;0.0;;lat;domaine public;Bibliothèque nationale de France. Département des Manuscrits. Latin 13252;1051;11.0
btv1b10034015m;;;1201-1800;0.0;;fre;domaine public;Bibliothèque nationale de France. Département des Manuscrits. Périgord 128;1201;13.0
btv1b10036849c;;;1401-1500;0.0;;lat;domaine public;Bibliothèque nationale de France. Département des Manuscrits. Latin 14084;1401;15.0
btv1b52516489k;;;13120101-18121231;0.0;;lat;domaine public;Bibliothèque nationale de France. Département des Manuscrits. Chappée 17.2, 34;1312;14.0
btv1b100506639;;;1325;0.0;;;domaine public;Bibliothèque municipale de Rouen, Ms O 4 fdeg 308 detail;1325;14.0
btv1b10015061m;;;1401-1500;0.0;;;domaine public;Bibliothèque Carré d'art / Nîmes. Ms_79_3;1401;15.0
btv1b10053308z;;;1325;0.0;;;domaine public;Bibliothèque municipale de Rouen, Ms O 4 fdeg 277v detail;1325;14.0
btv1b10032786x;;;1401-1500;0.0;;cat;domaine public;Bibliothèque nationale de France. Département des Manuscrits. Espagnol 297;1401;15.0
btv1b52516503z;;;13120101-18121231;0.0;;lat;domaine public;Bibliothèque nationale de France. Département des Manuscrits. Chappée 17.2, 48;1312;14.0
btv1b100378594;;;1301-1800;0.0;;fre;domaine public;Bibliothèque nationale de France. Département des Manuscrits. Français 28191 (Pièces originales 1707);1301;14.0
btv1b90588673;;;1401-1500;0.0;;fre;domaine public;Bibliothèque nationale de France. Département des Manuscrits. Français 2621;1401;15.0
btv1b52500666s;;;1201-1300;0.0;;lat;domaine public;Bibliothèque nationale de France. Département des manuscrits. Latin 9227;1201;13.0
btv1b52501181t;;;1301-1335;0.0;;lat;domaine public;Bibliothèque nationale de France. Département des Manuscrits. Latin 15010;1301;14.0
btv1b110051682;;;1401-1500;0.0;;ara;domaine public;Bibliothèque nationale de France. Département des Manuscrits. Arabe 616;1401;15.0
btv1b11000379z;;;1201-1300;0.0;;ara;domaine public;Bibliothèque nationale de France. Département des Manuscrits. Arabe 85;1201;13.0
btv1b9006919c;;;1301-1600;0.0;;fre;domaine public;Bibliothèque nationale de France. Département des Manuscrits. Français 2811;1301;14.0
btv1b10033140n;;;1301-1400;0.0;;lat;domaine public;Bibliothèque nationale de France. Département des manuscrits. Latin 7537A;1301;14.0
btv1b55013303h;;;1401-1500;0.0;;lat;domaine public;Bibliothèque nationale de France. Bibliothèque de l'Arsenal. Ms-160;1401;15.0
btv1b105254734;;;1201-1300;0.0;;fre;domaine public;Bibliothèque nationale de France. Département des Manuscrits. Français 12456;1201;13.0
btv1b100355849;;;1401-1700;0.0;;fre;domaine public;Bibliothèque nationale de France. Département des Manuscrits. Dupuy 549;1401;15.0
btv1b9060729v;;;1401-1800;0.0;;fre;domaine public;Bibliothèque nationale de France. Département des manuscrits. Français 4437;1401;15.0
btv1b10721379m;;;1301-1400;0.0;;lat;domaine public;Bibliothèque nationale de France. Département des Manuscrits. Latin 14329;1301;14.0
btv1b52522095m;;;0701-1000;0.0;;ine;domaine public;Bibliothèque nationale de France. Département des Manuscrits. Pelliot Koutchéen Nouvelle Série 952;0701;8.0
btv1b8301647m;;;0901-1000;0.0;;chi;domaine public;Bibliothèque nationale de France. Département des Manuscrits. Pelliot chinois 4057;0901;10.0
btv1b52517822t;;;1401-1500;0.0;;lat;domaine public;Bibliothèque nationale de France. Département des Manuscrits. Latin 10487;1401;15.0
btv1b83008292;;;0801-0900;0.0;;chi;domaine public;Bibliothèque nationale de France. Département des Manuscrits. Pelliot chinois 5024 E;0801;9.0
btv1b10037020t;;;1201-1300;0.0;;lat;domaine public;Bibliothèque nationale de France. Département des Manuscrits. Latin 16654;1201;13.0
btv1b525190446;;;1490-1510;0.0;;lat;domaine public;Bibliothèque nationale de France. Département des Manuscrits. Latin 14817;1490;15.0
btv1b10224643g;;;1401-1500;0.0;;ger;domaine public;Bibliothèque nationale et universitaire de Strasbourg. Ms.2.747;1401;15.0
btv1b10032663c;;;1101-1300;0.0;;lat;domaine public;Bibliothèque nationale de France. Département des manuscrits. NAL 2653;1101;12.0
btv1b53151884h;;;1479;0.0;;ara;conditions spécifiques d'utilisation (sous convention Société de géographie);Bibliothèque nationale de France, département Société de Géographie, SG MS8-66 (1342);1479;15.0
btv1b55013202p;;;1201-1300;0.0;;lat;domaine public;Bibliothèque nationale de France. Bibliothèque de l'Arsenal. Ms-604 réserve;1201;13.0
btv1b9058816s;;;1301-1400;0.0;;fre;domaine public;Bibliothèque nationale de France. Département des Manuscrits. Français 1609;1301;14.0
btv1b105600823;;;1301-1400;0.0;;lat;domaine public;Bibliothèque municipale de Toulouse. Ms. 128;1301;14.0
btv1b100863400;;;1401-1600;0.0;;fre;domaine public;Bibliothèque nationale de France. Département des Manuscrits. NAF 24175;1401;15.0
btv1b6000302j;;;1390-1410;0.0;;fre;domaine public;Bibliothèque nationale de France. Département des Manuscrits. Français 797;1390;14.0
btv1b100369862;;;1201-1300;0.0;;lat;domaine public;Bibliothèque nationale de France. Département des manuscrits. Latin 9401;1201;13.0
btv1b90780830;;;1301-1400;0.0;;lat;domaine public;Bibliothèque nationale de France. Département des manuscrits. Latin 16125;1301;14.0
btv1b100772074;;;1101-1200;0.0;;lat;domaine public;Bibliothèque nationale de France. Département des Manuscrits. Latin 17309;1101;12.0
btv1b100968317;;;0901-1000;0.0;;chi;domaine public;Bibliothèque nationale de France. Département des Manuscrits. Pelliot chinois 3824;0901;10.0
btv1b107213355;;;1401-1500;0.0;;lat;domaine public;Bibliothèque nationale de France. Département des Manuscrits. Latin 4721;1401;15.0
btv1b52513608j;;;0801-1800;0.0;;lat;domaine public;Bibliothèque nationale de France. Département des Manuscrits. NAL 2443;0801;9.0
btv1b10032605s;;;1201-1300;0.0;;lat;domaine public;Bibliothèque nationale de France. Département des manuscrits. NAL 1474;1201;13.0
btv1b9067953c;;;1409;0.0;;lat;domaine public;Bibliothèque nationale de France. Département des manuscrits. Latin 6830A;1409;15.0
btv1b8304993t;;;0901-1000;0.0;;chi;domaine public;Bibliothèque nationale de France. Département des Manuscrits. Pelliot chinois 4958 Pièce 3;0901;10.0
btv1b10052338v;;;1325;0.0;;;domaine public;Bibliothèque municipale de Rouen, Ms O 4 fdeg 232 detail;1325;14.0
btv1b110017717;;;1401-1500;0.0;;ara;domaine public;Bibliothèque nationale de France. Département des Manuscrits. Arabe 2485;1401;15.0
btv1b10026276p;;;1495;0.0;;lat;domaine public;Bibliothèque nationale de France. Département des Manuscrits. Latin 8348;1495;15.0
btv1b10867495m;;;1271;0.0;;heb;domaine public;Bibliothèque nationale de France. Département des Manuscrits. Hébreu 392;1271;13.0
btv1b8300459t;;;0801-1000;0.0;;chi;domaine public;Bibliothèque nationale de France. Département des Manuscrits. Pelliot chinois 6001 3 (+4);0801;9.0
btv1b9067929q;;;1301-1400;0.0;;lat;domaine public;Bibliothèque nationale de France. Département des Manuscrits. Latin 6424;1301;14.0
btv1b8436391m;;;1401-1500;0.0;;spa;domaine public;Bibliothèque nationale de France. Département des Manuscrits. Espagnol 228;1401;15.0
btv1b10539513q;;;1301-1400;0.0;;heb;domaine public;Bibliothèque nationale de France. Département des Manuscrits. Hébreu 1146;1301;14.0
btv1b9061148f;;;1301-1400;0.0;;fre;domaine public;Bibliothèque nationale de France. Département des manuscrits. Français 8711;1301;14.0
btv1b84521969;;;1400-1410;0.0;;lat;domaine public;Bibliothèque nationale de France. Département des Manuscrits. Latin 9321;1400;14.0
btv1b10037921p;;;1001-1100;0.0;;grc;domaine public;Bibliothèque nationale de France. Département des Manuscrits. Coislin 245;1001;11.0
btv1b10035833x;;;0801-0900;0.0;;lat;domaine public;Bibliothèque nationale de France. Département des Manuscrits. Latin 4411;0801;9.0
btv1b10224548b;;;1401-1600;0.0;;lat;domaine public;Bibliothèque nationale et universitaire de Strasbourg. Ms.0.142;1401;15.0
btv1b8300120x;;;0901-1000;0.0;;;domaine public;Bibliothèque nationale de France. Département des Manuscrits. Pelliot chinois 4514 (2) 5;0901;10.0
btv1b525256575;;;1301-1800;0.0;;fre;domaine public;Bibliothèque nationale de France. Département des Manuscrits. PO 642, dossier 15126;1301;14.0
btv1b8552994g;;;1001-1100;0.0;;lat;domaine public;Bibliothèque nationale de France. Département des Manuscrits. Latin 13361;1001;11.0
btv1b525259863;;;1301-1400;0.0;;fre;domaine public;Bibliothèque nationale de France. Département des Manuscrits. Français 5703;1301;14.0
btv1b107228038;;;1401-1700;0.0;;fre;domaine public;Bibliothèque nationale de France. Département des Manuscrits. Français 15553;1401;15.0
btv1b10723164w;;;1401-1500;0.0;;grc;domaine public;Bibliothèque nationale de France. Département des Manuscrits. Grec 3000;1401;15.0
btv1b10866628g;;;1396;0.0;;fre;domaine public;Bibliothèque nationale de France. Département des Manuscrits. Français 314;1396;14.0
btv1b9061150h;;;1401-1500;0.0;;fre;domaine public;Bibliothèque nationale de France. Département des Manuscrits. Français 8817;1401;15.0
btv1b107231838;;;1301-1400;0.0;;grc;domaine public;Bibliothèque nationale de France. Département des Manuscrits. Grec 314;1301;14.0
btv1b10721626b;;;1001-1100;0.0;;grc;domaine public;Bibliothèque nationale de France. Département des Manuscrits. Grec 687;1001;11.0
btv1b52522496k;;;0701-1000;0.0;;ine;domaine public;Bibliothèque nationale de France. Département des Manuscrits. Pelliot Koutchéen Nouvelle Série 697;0701;8.0
btv1b105393688;;;1301-1400;0.0;;heb;domaine public;Bibliothèque nationale de France. Département des Manuscrits. Hébreu 418;1301;14.0
btv1b10543269k;;;1401-1500;0.0;;heb;domaine public;Bibliothèque nationale de France. Département des Manuscrits. Hébreu 703;1401;15.0
btv1b9058875n;;;1401-1405;0.0;;fre;domaine public;Bibliothèque nationale de France. Département des Manuscrits. Français 1188;1401;15.0
btv1b10723436p;;;1401-1500;0.0;;grc;domaine public;Bibliothèque nationale de France. Département des Manuscrits. Grec 1313;1401;15.0
btv1b107221885;;;1101-1200;0.0;;grc;domaine public;Bibliothèque nationale de France. Département des Manuscrits. Grec 3;1101;12.0
btv1b11002412d;;;1301-1400;0.0;;ara;domaine public;Bibliothèque nationale de France. Département des manuscrits. Arabe 2980;1301;14.0
btv1b90639534;;;1401-1500;0.0;;fre;domaine public;Bibliothèque nationale de France. Département des Manuscrits. Français 25434;1401;15.0
btv1b11004983b;;;1301-1400;0.0;;grc;domaine public;Bibliothèque nationale de France. Département des Manuscrits. Supplément grec 630-632;1301;14.0
btv1b11005194h;;;1451;0.0;;ara;domaine public;Bibliothèque nationale de France. Département des Manuscrits. Arabe 721;1451;15.0
btv1b10538892c;;;0501-0600;0.0;;grc;domaine public;Bibliothèque nationale de France. Département des Manuscrits. Supplément grec 1324 (III);0501;6.0
btv1b90782487;;;1301;0.0;;lat;domaine public;Bibliothèque nationale de France. Département des Manuscrits. Latin 4522;1301;14.0
btv1b52502392s;;;1275-1325;0.0;;lat;domaine public;Bibliothèque nationale de France. Département des manuscrits. Latin 3737;1275;13.0
btv1b10536004t;;;1201-1300;0.0;;lat;domaine public;Bibliothèque nationale de France. Département des manuscrits. Latin 15225;1201;13.0
btv1b9061979r;;;1401-1500;0.0;;fre;domaine public;Bibliothèque nationale de France. Département des Manuscrits. Français 20042;1401;15.0
btv1b10720272r;;;1301-1400;0.0;;heb;domaine public;Bibliothèque nationale de France. Département des Manuscrits. Hébreu 655;1301;14.0
btv1b100969038;;;0901-1000;0.0;;chi;domaine public;Bibliothèque nationale de France. Département des Manuscrits. Pelliot chinois 3964;0901;10.0
btv1b10096897d;;;0901-1000;0.0;;chi;domaine public;Bibliothèque nationale de France. Département des Manuscrits. Pelliot chinois 3827;0901;10.0
btv1b10539545v;;;1201-1400;0.0;;heb;domaine public;Bibliothèque nationale de France. Département des Manuscrits. Hébreu 75;1201;13.0
btv1b90594990;;;1401-1500;0.0;;fre;domaine public;Bibliothèque nationale de France. Département des Manuscrits. Français 1917;1401;15.0
btv1b100354052;;;1401-1500;0.0;;ita;domaine public;Bibliothèque nationale de France. Département des Manuscrits. italien 1702;1401;15.0
btv1b52515900s;;;13160101-18021231;0.0;;lat;domaine public;Bibliothèque nationale de France. Département des Manuscrits. Chappée 13, 23, 3;1316;14.0
btv1b10081454v;;;1301-1800;0.0;;fre;domaine public;Bibliothèque nationale de France. Département des Manuscrits. Français 28721 (Pièces originales 2237);1301;14.0
btv1b9064365k;;;1483;0.0;;heb;domaine public;Bibliothèque nationale de France. Département des Manuscrits. Hébreu 1143;1483;15.0
btv1b10724048t;;;1301-1500;0.0;;heb;domaine public;Bibliothèque nationale de France. Département des Manuscrits. Hébreu 949;1301;14.0
btv1b8432310x;;;1175-1200;0.0;;lat;domaine public;Bibliothèque nationale de France. Département des Manuscrits. Latin 2300;1175;12.0
btv1b10722401v;;;1401-1500;0.0;;grc;domaine public;Bibliothèque nationale de France. Département des Manuscrits. Grec 2646;1401;15.0
btv1b90776919;;;1201-1300;0.0;;lat;domaine public;Bibliothèque nationale de France. Département des manuscrits. Latin 11341;1201;13.0
btv1b8301638n;;;0901-1000;0.0;;chi;domaine public;Bibliothèque nationale de France. Département des Manuscrits. Pelliot chinois 4021 bis;0901;10.0
btv1b11001923t;;;1489;0.0;;ara;domaine public;Bibliothèque nationale de France. Département des manuscrits. Arabe 2012;1489;15.0
btv1b9077991b;;;1401-1500;0.0;;lat;domaine public;Bibliothèque nationale de France. Département des Manuscrits. Latin 8410;1401;15.0
btv1b8446787c;;;1400-1500;0.0;;lat;domaine public;Bibliothèque nationale de France. Département des Manuscrits. Latin 1674;1400;14.0
btv1b11001199c;;;1401-1500;0.0;;grc;domaine public;Bibliothèque nationale de France. Département des Manuscrits. Supplément grec 476;1401;15.0
btv1b8438614g;;;1101-1200;0.0;;lat;domaine public;Bibliothèque nationale de France. Département des Manuscrits. Latin 1994;1101;12.0
btv1b10081188r;;;1401-1500;0.0;;ger;domaine public;Bibliothèque nationale de France. Département des Manuscrits. Allemand 303;1401;15.0
btv1b10560132d;;;1301-1400;0.0;;lat;domaine public;Bibliothèque municipale de Toulouse. Ms. 336;1301;14.0
btv1b105494556;;;1101-1200;0.0;;grc;domaine public;Bibliothèque nationale de France. Département des Manuscrits. Grec 74;1101;12.0
btv1b90683593;;;0901-0950;0.0;;lat;domaine public;Bibliothèque nationale de France. Département des Manuscrits. Latin 13009;0901;10.0
btv1b10032488p;;;1101-1200;0.0;;lat;domaine public;Bibliothèque nationale de France. Département des manuscrits. Latin 10475;1101;12.0
btv1b525204673;;;1401-1500;0.0;;lat;domaine public;Bibliothèque nationale de France. Département des Manuscrits. Latin 7852A;1401;15.0
btv1b90678494;;;1101-1200;0.0;;lat;domaine public;Bibliothèque nationale de France. Département des Manuscrits. Latin 13951;1101;12.0
btv1b108934419;;;0501-0600;0.0;;chi;domaine public;Bibliothèque nationale de France. Département des Manuscrits. Pelliot chinois 5573 Pièce 2;0501;6.0
btv1b110040722;;;1201-1300;0.0;;grc;domaine public;Bibliothèque nationale de France. Département des Manuscrits. Supplément grec 1267;1201;13.0
btv1b9077705w;;;0500-0600;0.0;;lat;domaine public;Bibliothèque nationale de France. Département des Manuscrits. Latin 9533;0500;5.0
btv1b52513032t;;;1298;0.0;;ara;domaine public;Bibliothèque nationale de France. Département des Manuscrits. Arabe 2465;1298;13.0
btv1b10720210c;;;1397;0.0;;heb;domaine public;Bibliothèque nationale de France. Département des Manuscrits. Hébreu 724;1397;14.0
btv1b53142051x;;;1405-1410;0.0;;fre;domaine public;Bibliothèque nationale de France. Département des Manuscrits. Français 290;1405;15.0
btv1b107238885;;;1419;0.0;;grc;domaine public;Bibliothèque nationale de France. Département des Manuscrits. Grec 2991 A;1419;15.0
btv1b10035408d;;;1001-1100;0.0;;lat;domaine public;Bibliothèque nationale de France. Département des Manuscrits. Latin 15437;1001;11.0
btv1b8492147x;;;0801-0900;0.0;;lat;domaine public;Bibliothèque nationale de France. Département des Manuscrits. Latin 264;0801;9.0
btv1b10721834m;;;1323;0.0;;grc;domaine public;Bibliothèque nationale de France. Département des Manuscrits. Grec 1601;1323;14.0
btv1b525227043;;;0701-1000;0.0;;ine;domaine public;Bibliothèque nationale de France. Département des Manuscrits. Pelliot Koutchéen Nouvelle Série 919;0701;8.0
btv1b52518697j;;;1201-1225;0.0;;lat;domaine public;Bibliothèque nationale de France. Département des Manuscrits. Latin 621;1201;13.0
btv1b10036449v;;;1001-1100;0.0;;lat;domaine public;Bibliothèque nationale de France. Département des manuscrits. Latin 10768;1001;11.0
btv1b10033453j;;;1301-1400;0.0;;lat;domaine public;Bibliothèque nationale de France. Département des manuscrits. Latin 1665;1301;14.0
btv1b52516056g;;;14760101-17721231;0.0;;lat;domaine public;Bibliothèque nationale de France. Département des Manuscrits. Chappée 15, 50A (1-6);1476;15.0
btv1b55012863j;;;1401-1450;0.0;;lat;domaine public;Bibliothèque nationale de France. Bibliothèque de l'Arsenal. Ms-616 réserve;1401;15.0
btv1b8303188f;;;0701-0800;0.0;;chi;domaine public;Bibliothèque nationale de France. Département des Manuscrits. Pelliot chinois 4642;0701;8.0
btv1b100808257;;;1301-1800;0.0;;fre;domaine public;Bibliothèque nationale de France. Département des Manuscrits. Français 28228 (Pièces originales 1744);1301;14.0
btv1b100964164;;;0801-1000;0.0;;chi;domaine public;Bibliothèque nationale de France. Département des Manuscrits. Pelliot chinois 5027;0801;9.0
btv1b90783564;;;1401-1500;0.0;;lat;domaine public;Bibliothèque nationale de France. Département des Manuscrits. Latin 5786;1401;15.0
btv1b11002064v;;;1214;0.0;;ara;domaine public;Bibliothèque nationale de France. Département des manuscrits. Arabe 2879;1214;13.0
btv1b10074058v;;;1051-1100;0.0;;lat;domaine public;Bibliothèque nationale de France. Département des Manuscrits. Latin 2873A;1051;11.0
btv1b52522167n;;;0701-1000;0.0;;ine;domaine public;Bibliothèque nationale de France. Département des Manuscrits. Pelliot Koutchéen Nouvelle Série 1024;0701;8.0
btv1b100384449;;;1275-1400;0.0;;lat;domaine public;Bibliothèque nationale de France. Département des Manuscrits. Latin 147;1275;13.0
btv1b10538814z;;;0501-0600;0.0;;grc;domaine public;Bibliothèque nationale de France. Département des Manuscrits. Supplément grec 1286, bifeuillet 27/33;0501;6.0
btv1b9067181x;;;1301-1325;0.0;;lat;domaine public;Bibliothèque nationale de France. Département des Manuscrits. Latin 16612;1301;14.0
btv1b90769696;;;1401-1500;0.0;;lat;domaine public;Bibliothèque nationale de France. Département des manuscrits. Latin 9200;1401;15.0
btv1b10866663w;;;1201-1400;0.0;;lat;domaine public;Bibliothèque nationale de France. Département des Manuscrits. NAL 855;1201;13.0
btv1b10033022b;;;1201-1300;0.0;;lat;domaine public;Bibliothèque nationale de France. Département des Manuscrits. Latin 1107;1201;13.0
btv1b52522154w;;;0701-1000;0.0;;ine;domaine public;Bibliothèque nationale de France. Département des Manuscrits. Pelliot Koutchéen Nouvelle Série 1011;0701;8.0
btv1b100515672;;;1325;0.0;;;domaine public;Bibliothèque municipale de Rouen, Ms O 4 fdeg 321 detail;1325;14.0
btv1b10467114m;;;1237;0.0;;fre;Conditions spécifiques d'utilisation (sous convention Europeana ARMA - CC BY-SA 2.0).;Bibliothèque nationale de France. Bibliothèque de l'Arsenal. Ms-3340;1237;13.0
btv1b90783082;;;1278;0.0;;lat;domaine public;Bibliothèque nationale de France. Département des Manuscrits. Latin 8116;1278;13.0
btv1b10035704r;;;1201-1300;0.0;;lat;domaine public;Bibliothèque nationale de France. Département des manuscrits. Latin 10016;1201;13.0
btv1b525171331;;;0801-0900;0.0;;lat;domaine public;Bibliothèque nationale de France. Département des Manuscrits. Latin 10291;0801;9.0
btv1b52523637n;;;1301-1340;0.0;;lat;domaine public;Bibliothèque nationale de France. Département des Manuscrits. Latin 6872;1301;14.0
